position,x,y,curvature,previous_stiffness,unconstrained_stiffness,stiffness,stiffness_change,target_gap,rate_limit_active,resistance,push_force,velocity,buckling_risk,kickback_score,predicted_risk,combined_risk,prediction_error
0.0,0.0,0.0,0.0004350276026843783,0.5,0.9000000000000002,0.5500000000000002,0.050000000000000155,0.3500000000000001,True,0.24506778982818597,0.12450677898281859,3.2126764764768216,0.3473998469520362,0.2581036220838894,0.3650646429193101,0.3473998469520362,-0.01766479596727394
0.32181861784442767,0.20040080160320642,0.2518069528589115,0.0008703238548921287,0.5500000000000002,0.9000000000000002,0.6000000000000002,0.050000000000000044,0.30000000000000004,True,0.2415735624038134,0.12415735624038134,3.221718085117398,0.33364280920606937,0.25646113475467175,0.3370086691227229,0.33364280920606937,-0.0033658599166535574
0.6435240245928022,0.40080160320641284,0.5034692016129299,0.0017426417331909176,0.6000000000000002,0.9000000000000002,0.6500000000000001,0.04999999999999993,0.2500000000000001,True,0.24454037993169553,0.12445403799316956,3.2140379408336535,0.3222103975012814,0.2578559125101695,0.3132741619868483,0.3222103975012814,0.008936235514433066
0.9650031840671001,0.6012024048096193,0.7548421689206603,0.0026189526369758483,0.6500000000000001,0.9000000000000002,0.7000000000000002,0.050000000000000044,0.20000000000000007,True,0.24942743164371017,0.12494274316437103,3.2014664467048854,0.31146201013248387,0.26014847183775536,0.3004740849272065,0.31146201013248387,0.01098792520527736
1.2861434098969853,0.8016032064128257,1.0057815308447355,0.0035012654961931442,0.7000000000000002,0.9000000000000002,0.7500000000000002,0.050000000000000044,0.15000000000000002,True,0.25626581870241427,0.12562658187024142,3.1840395085584388,0.30139865216145845,0.263346158148342,0.3027572874570446,0.30139865216145845,-0.0013586352955861636
1.6068325403525103,1.0020040080160322,1.2561433432465334,0.004391604057782346,0.7500000000000002,0.9000000000000002,0.8000000000000002,0.04999999999999993,0.10000000000000009,True,0.2650908527511705,0.12650908527511703,3.1618282523356105,0.29201880828745674,0.26745541382730187,0.29319354660933317,0.29201880828745674,-0.001174738321876423
1.9269591130908106,1.2024048096192386,1.5057841678124735,0.005292011681839675,0.8000000000000002,0.9000000000000002,0.8500000000000002,0.050000000000000044,0.050000000000000044,True,0.2759421577048356,0.12759421577048355,3.134938347985303,0.2833185155785974,0.27248185187657625,0.29374617111505474,0.2833185155785974,-0.010427655536457359
2.246412539787042,1.402805611222445,1.7545611975896553,0.006204556008494831,0.8500000000000002,0.9000000000000002,0.9000000000000002,0.050000000000000044,0.0,False,0.28886378411892766,0.12888637841189277,3.103508725504624,0.2752914910675357,0.2784303714259637,0.2918323064665324,0.2784303714259637,-0.013401935040568691
2.5650832806188,1.6032064128256514,2.0023323819090875,0.007131333454495899,0.9000000000000002,0.9000000000000002,0.9000000000000002,0.0,0.0,False,0.30183866836294265,0.13018386683629427,3.0725773455707728,0.2797279713776163,0.28436417198040065,0.29310827314624033,0.28436417198040065,-0.00874410116583968
2.8828630185718835,1.8036072144288577,2.248956550575345,0.008074473492479438,0.9000000000000002,0.9000000000000002,0.9000000000000002,0.0,0.0,False,0.3150426288947122,0.13150426288947123,3.0417264901609946,0.2841879492968745,0.29036357160747417,0.30218128358187796,0.29036357160747417,-0.011817711974403788
3.1996448335334975,2.0040080160320644,2.4942935372022426,0.00903614265859274,0.9000000000000002,0.9000000000000002,0.9000000000000002,0.0,0.0,False,0.3285059972202984,0.13285059972202984,3.010900973250709,0.2886802978032694,0.29644137164808937,0.3064251904418408,0.29644137164808937,-0.009983818793751431
3.5153233761366898,2.2044088176352705,2.7382043015749282,0.010018548225286411,0.9000000000000002,0.9000000000000002,0.9000000000000002,0.0,0.0,False,0.3422596751540098,0.134225967515401,2.9800492960060376,0.293213643286673,0.3026103188387757,0.3092901532378468,0.3026103188387757,-0.006679834399071105
3.8297950413169217,2.404809619238477,2.9805510509197877,0.011023941465677508,0.9000000000000002,0.9000000000000002,0.9000000000000002,0.0,0.0,False,0.35633518051948515,0.13563351805194854,2.9491235333643515,0.2977963815665505,0.30888312649156935,0.31348847453675033,0.30888312649156935,-0.004605348045180979
4.142958141538035,2.6052104208416833,3.2211973599645995,0.012054620423837906,0.9000000000000002,0.8500000000000002,0.8500000000000002,-0.050000000000000044,0.0,False,0.36723737572181175,0.13672373757218118,2.9256075580059844,0.31380765543738454,0.3137143851388513,0.32307385484860457,0.31380765543738454,-0.009266199411220033
4.454713079640408,2.80561122244489,3.4600082896726154,0.013112932091463147,0.8500000000000002,0.8500000000000002,0.8500000000000002,0.0,0.0,False,0.3815245832347525,0.13815245832347525,2.8953520252489846,0.31835997555534745,0.3200105782526539,0.33374919803379016,0.3200105782526539,-0.013738619781136274
4.764962521258541,3.006012024048096,3.6968505045354974,0.014201273875573087,0.8500000000000002,0.8500000000000002,0.8500000000000002,0.0,0.0,False,0.3962171973202367,0.13962171973202367,2.8648837785963464,0.3229849623488512,0.32644506634480136,0.33585062633649587,0.32644506634480136,-0.009405559991694512
5.0736115667486015,3.2064128256513027,3.9315923883115236,0.015322094224160013,0.8500000000000002,0.8500000000000002,0.8500000000000002,0.0,0.0,False,0.4113482720261602,0.14113482720261603,2.8341693395475795,0.32768995239307475,0.33303013348634236,0.34311509135416784,0.33303013348634236,-0.010084957867825484
5.3805679225582885,3.4068136272545093,4.1641041580969596,0.016477892256804138,0.8500000000000002,0.9000000000000002,0.9000000000000002,0.050000000000000044,0.0,False,0.432690491595258,0.14326904915952582,2.7919498478321856,0.32172978719405143,0.3422493694190263,0.3507545486312639,0.3422493694190263,-0.00850517921223759
5.685742071961579,3.6072144288577155,4.394257976620169,0.01767121622531979,0.9000000000000002,0.8500000000000002,0.8500000000000002,-0.050000000000000044,0.0,False,0.44306141904181723,0.14430614190418173,2.7718847910548203,0.33736826998827885,0.34670113809696745,0.35495173447693307,0.34670113809696745,-0.008250596379965613
5.989047445069183,3.807615230460922,4.62192806264979,0.01890466060545697,0.8500000000000002,0.8500000000000002,0.8500000000000002,0.0,0.0,False,0.4597129181736691,0.14597129181736693,2.740264849477821,0.3423552147605132,0.3538115966778509,0.35910350447819167,0.3538115966778509,-0.005291907800340778
6.2904005880115825,4.008016032064129,4.846990799410132,0.02018086159459686,0.8500000000000002,0.8000000000000002,0.8000000000000002,-0.050000000000000044,0.0,False,0.4703512007297593,0.14703512007297592,2.720438489807561,0.35800845890580624,0.35833088127870316,0.36406396324952306,0.35833088127870316,-0.005733081970819898
6.589721331175119,4.208416833667335,5.069324840898979,0.021502490762563994,0.8000000000000002,0.7500000000000002,0.7500000000000002,-0.04999999999999993,0.0,False,0.48128113453204996,0.148128113453205,2.7003651817003904,0.37372219787215577,0.36295552595777436,0.37396703450945395,0.37372219787215577,-0.0002448366372981847
6.886932956352167,4.408817635270541,5.2888112160049845,0.02287224657328858,0.7500000000000002,0.7500000000000002,0.7500000000000002,0.0,0.0,False,0.49840308216610724,0.14984030821661073,2.669508657321739,0.37870507010649546,0.37016332591860773,0.3827928640866337,0.37870507010649546,-0.004087793980138255
7.1819623626438895,4.609218436873747,5.505333430324066,0.024292843464859413,0.7500000000000002,0.7500000000000002,0.7500000000000002,0.0,0.0,False,0.5161605433107427,0.15161605433107428,2.638243039398358,0.3838084731607427,0.37759264422508165,0.3920743483883977,0.3838084731607427,-0.00826587522765504
7.4747402309277735,4.809619238476954,5.718777565576472,0.02576699814493703,0.7500000000000002,0.7500000000000002,0.7500000000000002,0.0,0.0,False,0.5345874768117129,0.1534587476811713,2.6065636924852753,0.38903734048243344,0.3852542412366151,0.39840443476971077,0.38903734048243344,-0.009367094287277333
7.765201186671722,5.01002004008016,5.929032376528518,0.027297412728688287,0.7500000000000002,0.7500000000000002,0.7500000000000002,0.0,0.0,False,0.5537176591086036,0.15537176591086035,2.5744703206211055,0.39439620149346705,0.39315854985300036,0.40253526302873704,0.39439620149346705,-0.008139061535269998
8.053283960841611,5.210420841683367,6.1359893853255425,0.02888675431882677,0.7500000000000002,0.7500000000000002,0.7500000000000002,0.0,0.0,False,0.5735844289853347,0.15735844289853348,2.541967196878814,0.3998891274711484,0.4013155824655523,0.4071920410141355,0.4013155824655523,-0.005876458548583152
8.338931548609146,5.410821643286574,6.339542973145074,0.03053763060340025,0.7500000000000002,0.7500000000000002,0.7500000000000002,0.0,0.0,False,0.5942203825425032,0.15942203825425033,2.5090633916125813,0.4055196709062329,0.40973482264148553,0.41125967138687036,0.40973482264148553,-0.0015248487453848325
8.622091365521472,5.61122244488978,6.539590469081949,0.03225256102917303,0.7500000000000002,0.7500000000000002,0.7500000000000002,0.0,0.0,False,0.615657012864663,0.1615657012864663,2.4757729939894513,0.4112907980745447,0.4184251001755971,0.42052314802563917,0.4184251001755971,-0.002098047850042084
8.902715400742501,5.811623246492986,6.736032236179797,0.034033943099151996,0.7500000000000002,0.7500000000000002,0.7500000000000002,0.0,0.0,False,0.6379242887394,0.16379242887394,2.442115320897116,0.4172048145867556,0.42739444813857863,0.4356860725457028,0.42739444813857863,-0.008291624407124165
9.180760366918083,6.012024048096192,6.928771754526121,0.035884013345730645,0.7500000000000002,0.7500000000000002,0.7500000000000002,0.0,0.0,False,0.6610501668216331,0.16610501668216332,2.408115106874751,0.42326328372467703,0.4366499405903317,0.442791160768094,0.4366499405903317,-0.006141220177762308
9.456187846152583,6.212424849699399,7.117715701331153,0.03780480254971089,0.7500000000000002,0.7500000000000002,0.7500000000000002,0.0,0.0,False,0.6850600318713862,0.16850600318713863,2.37380266835817,0.42946693743484493,0.4461975097212918,0.4509117473040906,0.4461975097212918,-0.004714237582798819
9.728964431512635,6.412825651302605,7.302774027913564,0.03979808481439638,0.7500000000000002,0.7500000000000002,0.7500000000000002,0.0,0.0,False,0.7099760601799548,0.17099760601799552,2.3392140353000306,0.4358155799352413,0.4560417413492342,0.4574639257156042,0.4560417413492342,-0.001422184366369983
9.99906186339496,6.613226452905812,7.483860033519242,0.04186532016921909,0.7500000000000002,0.7500000000000002,0.7500000000000002,0.0,0.0,False,0.7358165021152387,0.17358165021152389,2.304391043134838,0.4423079840077335,0.4661856479562713,0.4680641640249378,0.4661856479562713,-0.0018785160686664581
10.266457160008711,6.813627254509019,7.660890435902413,0.04400759047356328,0.7500000000000002,0.6000000000000002,0.7500000000000002,0.0,0.15000000000000002,True,0.7625948809195411,0.17625948809195413,2.2693813781605963,0.44894178020021996,0.4766304188151546,0.47675018204051317,0.4766304188151546,-0.0001197632253585601
10.531132741129372,7.014028056112225,7.8337854386016,0.0462255285252446,0.7500000000000002,0.6500000000000001,0.7000000000000002,-0.050000000000000044,0.050000000000000044,True,0.7727063423029352,0.17727063423029354,2.2564368979486877,0.46392261706988114,0.48055714942161204,0.486840739174653,0.48055714942161204,-0.006283589753040941
10.793076544181,7.214428857715431,8.0024687948462,0.04851924045635748,0.7000000000000002,0.6000000000000002,0.6500000000000001,-0.050000000000000044,0.04999999999999993,True,0.782471265248111,0.17824712652481112,2.244075446255915,0.47880623381902226,0.48434059139383956,0.4956247449679648,0.48434059139383956,-0.011284153574125266
11.05228213159724,7.414829659318637,8.166867868032732,0.05088822172674431,0.6500000000000001,0.5000000000000001,0.6000000000000002,-0.04999999999999993,0.10000000000000009,True,0.7917704389941874,0.17917704389941874,2.2324288385098066,0.49356520182961694,0.4879357496163449,0.5096097884391138,0.49356520182961694,-0.016044586609496814
11.308748788300417,7.615230460921844,8.32691368871324,0.05333126730856778,0.6000000000000002,0.5000000000000001,0.5500000000000002,-0.050000000000000044,0.050000000000000044,True,0.8004783067399617,0.18004783067399618,2.221631876944191,0.5081709849993782,0.49129548560247627,0.5181779959591045,0.5081709849993782,-0.010007010959726337
11.562481608023429,7.81563126252505,8.482541008041766,0.05584637699790292,0.5500000000000002,0.6000000000000002,0.6000000000000002,0.050000000000000044,0.0,False,0.8463101469769322,0.18463101469769325,2.166483245812967,0.5066074022549564,0.5088737591212438,0.523998328644377,0.5088737591212438,-0.015124569523133236
11.813491567083402,8.016032064128257,8.63368834762828,0.058430657191734056,0.6000000000000002,0.45000000000000007,0.5500000000000002,-0.050000000000000044,0.10000000000000009,True,0.8540219005132077,0.18540219005132078,2.1574718178316927,0.5209241360081546,0.5118147640437583,0.5308357541804817,0.5209241360081546,-0.009911618172327108
12.061795584101722,8.216432865731463,8.780298045753018,0.06108022093021936,0.5500000000000002,0.45000000000000007,0.5000000000000001,-0.050000000000000044,0.050000000000000044,True,0.8608022093021935,0.18608022093021936,2.1496105174445232,0.5350160409638968,0.5143966905278937,0.5356366905500859,0.5350160409638968,-0.0006206495861891259
12.30741656405567,8.41683366733467,8.92231629989779,0.06379008851769166,0.5000000000000001,0.45000000000000007,0.45000000000000007,-0.050000000000000044,0.0,False,0.8665058409180708,0.1866505840918071,2.143041780159946,0.5488512896917475,0.5165658563564086,0.5491438547425811,0.5488512896917475,-0.0002925650508336375
12.550383424946192,8.617234468937877,9.059693205554407,0.06655409158845686,0.45000000000000007,0.40000000000000013,0.40000000000000013,-0.04999999999999993,0.0,False,0.8709868242961117,0.18709868242961117,2.137909229534446,0.5623978523218842,0.5182682773120648,0.5601126077538339,0.5623978523218842,0.0022852445680503486
12.790731105279628,8.817635270541082,9.192382791274072,0.06936478405600745,0.40000000000000013,0.40000000000000013,0.40000000000000013,0.0,0.0,False,0.896283056504067,0.18962830565040673,2.1093897275938778,0.5682661397027446,0.5278504177808034,0.5681525855969544,0.5682661397027446,0.00011355410579028113
13.028500550493481,9.01803607214429,9.320343049925327,0.07221336394904507,0.40000000000000013,0.45000000000000007,0.45000000000000007,0.04999999999999993,0.0,False,0.9465269575159283,0.19465269575159283,2.0549420004460783,0.5672295026297586,0.5467452702061979,0.5741433600032236,0.5672295026297586,-0.00691385737346506
13.263738676414128,9.218436873747494,9.443535966131783,0.0750896106573431,0.45000000000000007,0.45000000000000007,0.45000000000000007,0.0,0.0,False,0.9738513012447594,0.19738513012447595,2.0264951050150035,0.5733618518104885,0.5569482071536964,0.5786654944814116,0.5733618518104885,-0.005303642670923092
13.496498307824265,9.418837675350701,9.561927539864776,0.07798184253986776,0.45000000000000007,0.40000000000000013,0.40000000000000013,-0.04999999999999993,0.0,False,0.9738365828588099,0.197383658285881,2.0265102160618547,0.585858567142429,0.5569427245442672,0.5803466425009488,0.585858567142429,0.005511924641480204
13.726838090246797,9.619238476953909,9.675487806169727,0.08087690013301495,0.40000000000000013,0.3500000000000001,0.3500000000000001,-0.050000000000000044,0.0,False,0.9719536511306273,0.19719536511306274,2.028445241452092,0.5979381948570256,0.5562412148411877,0.5827247968042935,0.5979381948570256,0.015213398052732141
13.954822373127264,9.819639278557114,9.78419085100893,0.08376016027989071,0.3500000000000001,0.1,0.30000000000000004,-0.050000000000000044,0.20000000000000004,True,0.9680812822391257,0.19680812822391258,2.032436381615865,0.6095726542404953,0.5547977881727388,0.607792049063319,0.6095726542404953,0.0017806051771763753
14.180521062725244,10.02004008016032,9.888014823207248,0.08661558632109638,0.30000000000000004,0.1,0.25000000000000006,-0.04999999999999999,0.15000000000000005,True,0.9621168974082228,0.1962116897408223,2.0386145215321445,0.6207368156870338,0.5525726357717764,0.609680547045416,0.6207368156870338,0.011056268641617795
14.40400944321291,10.220440881763528,9.986941942491052,0.08942581898505694,0.25000000000000006,0.1,0.20000000000000004,-0.05000000000000002,0.10000000000000003,True,0.9539807328953988,0.19539807328953987,2.0471030919904827,0.6314092438368859,0.5495334493933428,0.6169157932456508,0.6314092438368859,0.01449345059123508
14.62536796473106,10.420841683366733,10.080958503614578,0.0921723117462957,0.20000000000000004,0.15000000000000002,0.15000000000000002,-0.05000000000000002,0.0,False,0.9436200263509221,0.1943620026350922,2.058015427794217,0.6415729869147956,0.5456568772210624,0.6145016554957611,0.6415729869147956,0.027071331419034506
14.844681997472568,10.62124248496994,10.170054876571815,0.09483551315270597,0.15000000000000002,0.1,0.1,-0.05000000000000002,0.0,False,0.931013078916236,0.1931013078916236,2.0714515316721545,0.6512164015008514,0.5409299786029965,0.6163023009055428,0.6512164015008514,0.03491410059530853
15.062041551251488,10.821643286573147,10.254225502895746,0.0973950969540372,0.1,0.1,0.1,0.0,0.0,False,0.9463705817242233,0.19463705817242236,2.05510709910984,0.6546942063911189,0.546686735670604,0.618605202965999,0.6546942063911189,0.03608900342511989
15.277540960471189,11.022044088176353,10.333468888050803,0.09983023882636358,0.1,0.1,0.1,0.0,0.0,False,0.9609814329581815,0.19609814329581818,2.03979493776538,0.6579821340066201,0.5521487582184365,0.621868020016919,0.6579821340066201,0.0361141139897011
15.49127853492156,11.22244488977956,10.40778758992806,0.10211993615075403,0.1,0.1,0.1,0.0,0.0,False,0.9747196169045241,0.19747196169045245,2.025604022848676,0.6610555969213441,0.5572716304508527,0.638813118839039,0.6610555969213441,0.02224247808230506
15.70335617740506,11.422845691382767,10.477188203456695,0.10424336478221252,0.1,0.1,0.1,0.0,0.0,False,0.9874601886932751,0.19874601886932752,2.0126189308123648,0.6638905353796881,0.5620115416713205,0.6427350088552023,0.6638905353796881,0.021155526524485824
15.913878969801512,11.623246492985972,10.54168134134897,0.10618026419010693,0.1,0.15000000000000002,0.15000000000000002,0.05000000000000002,0.0,False,1.0346717172356952,0.20346717172356954,1.9659191043528141,0.6617716406672215,0.5794871687922886,0.6468797815885432,0.6617716406672215,0.014891859078678293
16.122954729816065,11.823647294589179,10.601281610999827,0.10791133994879695,0.15000000000000002,0.25000000000000006,0.1,-0.05000000000000002,0.15000000000000005,True,1.009468039692782,0.20094680396927822,1.9905765710070915,0.6687536219959171,0.5701749432173313,0.6485252731073144,0.6687536219959171,0.0202283488886027
16.330693541294153,12.024048096192384,10.656007587565998,0.10941867051158928,0.1,0.1,0.1,0.0,0.0,False,1.018512023069536,0.2018512023069536,1.9816577529804507,0.6707398830234821,0.5735209308851621,0.6487579473876249,0.6707398830234821,0.021981935635857153
16.537207261609925,12.224448897795591,10.70588178325328,0.1106861037142613,0.1,0.1,0.1,0.0,0.0,False,1.0261166222855675,0.20261166222855675,1.9742200207053169,0.6724046311596938,0.576330540577301,0.6490206960551935,0.6724046311596938,0.02338393510450032
16.74260901021672,12.424849699398798,10.750930612844307,0.11169962770811286,0.1,0.1,0.1,0.0,0.0,False,1.032197766248677,0.2032197766248677,1.9683123692158049,0.6737323698601073,0.578574788184021,0.6491573539438238,0.6737323698601073,0.024575015916283527
16.947012642966335,12.625250501002004,10.791184355502985,0.11244770115229283,0.1,0.1,0.1,0.0,0.0,False,1.0366862069137572,0.20366862069137573,1.9639746105323228,0.6747103825002561,0.5802298339734717,0.6491573539438237,0.6747103825002561,0.025553028556432378
17.150532217235046,12.82565130260521,10.826677112895284,0.11292152856634714,0.1,0.1,0.1,0.0,0.0,False,1.0395291713980828,0.2039529171398083,1.9612369639498848,0.6753289885074628,0.5812775176008744,0.6494917942903486,0.6753289885074628,0.025837194217114168
17.35328145321879,13.026052104208418,10.857446763669781,0.11311526874635085,0.1,0.1,0.1,0.0,0.0,False,1.040691612478105,0.2040691612478105,1.960119782695935,0.6755817340111864,0.5817057607622531,0.6509040543174907,0.6755817340111864,0.02467767969369572
17.55537319696122,13.226452905811623,10.88353491434491,0.11302616698279844,0.1,0.1,0.1,0.0,0.0,False,1.0401570018967905,0.20401570018967907,1.9606334200167386,0.6754655093347742,0.581508820167131,0.6509040543174907,0.6754655093347742,0.024561455017283573
17.756918890745478,13.42685370741483,10.90498684665345,0.1126546053015593,0.1,0.1,0.1,0.0,0.0,False,1.0379276318093558,0.2037927631809356,1.9627782348918033,0.6749805886882148,0.580687380127147,0.6491573539438237,0.6749805886882148,0.025823234744391077
17.958028056408548,13.627254509018037,10.921851461398177,0.11200406883674158,0.1,0.1,0.1,0.0,0.0,False,1.0340244130204495,0.20340244130204496,1.9665447348589837,0.6741305907692322,0.5792484814192854,0.6491573539438237,0.6741305907692322,0.02497323682540853
18.15880779692704,13.827655310621243,10.934181218876162,0.11108103044844846,0.1,0.1,0.1,0.0,0.0,False,1.0284861826906906,0.20284861826906908,1.971913850896529,0.6729223624053124,0.5772052906485966,0.6490382132603769,0.6729223624053124,0.02388414914493553
18.3593623212832,14.02805611222445,10.942032075932467,0.10989475951859938,0.1,0.1,0.1,0.0,0.0,False,1.0213685571115962,0.20213685571115964,1.9788573369894202,0.6713657906283053,0.5745767215475701,0.6487579473876248,0.6713657906283053,0.022607843240680436
18.55979249716325,14.228456913827655,10.945463419707348,0.10845706422087081,0.1,0.1,0.1,0.0,0.0,False,1.0127423853252249,0.2012742385325225,1.9873382849011092,0.6694735514478496,0.5713869260022917,0.6485252731073146,0.6694735514478496,0.02094827834053503
18.760195435485713,14.428857715430862,10.94453799814437,0.10678197923623597,0.1,0.15000000000000002,0.15000000000000002,0.05000000000000002,0.0,False,1.038582865035534,0.2038582865035534,1.9621473664894546,0.6626231541035773,0.580928839647032,0.6471914235163104,0.6626231541035773,0.015431730587266879
18.960664110127233,14.629258517034069,10.939321847329879,0.1048854127196743,0.15000000000000002,0.1,0.1,-0.05000000000000002,0.0,False,0.991312476318046,0.19913124763180462,2.0087254248494615,0.6647448555014116,0.5634426744783061,0.6429061689009787,0.6647448555014116,0.021838686600432866
19.16128701553257,14.829659318637274,10.929884215737642,0.1027847672431188,0.1,0.1,0.1,0.0,0.0,False,0.9787086034587128,0.1978708603458713,2.02152049726177,0.6619447702840902,0.5587567883209092,0.6405737761447415,0.6619447702840902,0.02137099413934862
19.362147864188987,15.030060120240481,10.916297485455178,0.100498549452269,0.1,0.1,0.1,0.0,0.0,False,0.9649912967136142,0.1964991296713614,2.0356324257974445,0.6588810023045388,0.5536452898743575,0.6233924173871599,0.6588810023045388,0.03548858491737894
19.563325325238143,15.230460921843688,10.898637090471588,0.09804598236979027,0.1,0.1,0.1,0.0,0.0,False,0.9502758942187416,0.19502758942187418,2.050991868308127,0.6555749974188712,0.5481480756148541,0.6212585827565837,0.6555749974188712,0.03431641466228741
19.76489280481337,15.430861723446894,10.876981432109332,0.09544663279346988,0.1,0.1,0.1,0.0,0.0,False,0.9346797967608192,0.19346797967608192,2.0675255960687084,0.6520488165787639,0.542305920913625,0.6170726402647451,0.6520488165787639,0.034976176314018836
19.966918268046644,15.6312625250501,10.851411791685376,0.09272006425656826,0.1,0.1,0.1,0.0,0.0,False,0.9183203855394096,0.191832038553941,2.0851574273789755,0.6483247765095943,0.5361597796634654,0.6155472140866762,0.6483247765095943,0.03277756242291807
20.169464102103316,15.831663326653308,10.82201224048973,0.08988552373259212,0.1,0.1,0.1,0.0,0.0,False,0.9013131423955528,0.1901313142395553,2.1038091573701605,0.6444251177161847,0.5297501465696604,0.613119330086874,0.6444251177161847,0.03130578762931069
20.372587019086,16.032064128256515,10.788869547172096,0.08696166786820039,0.1,0.1,0.1,0.0,0.0,False,0.8837700072092024,0.18837700072092023,2.1234014686994533,0.6403717057833581,0.523116493762455,0.6065477766585485,0.6403717057833581,0.03382392912480958
20.576337997208842,16.23246492985972,10.752073082629877,0.08396633218254895,0.1,0.1,0.1,0.0,0.0,False,0.8657979930952938,0.1865797993095294,2.143854808935741,0.6361857699641618,0.5162967889792318,0.6025958814385834,0.6361857699641618,0.033589888525578315
20.78076225828401,16.432865731462925,10.711714722493202,0.08091634451369564,0.1,0.3500000000000001,0.1,0.0,0.2500000000000001,True,0.8474980670821739,0.1847498067082174,2.165090221889843,0.6318876811955952,0.5093270984822218,0.5960479235891984,0.6318876811955952,0.035839757606396794
20.985899279283146,16.633266533066134,10.667888747305062,0.07782738212155958,0.1,0.40000000000000013,0.1,0.0,0.30000000000000016,True,0.8289642927293576,0.18289642927293578,2.187030121857006,0.6274967700347597,0.5022412743088224,0.5933582966988831,0.6274967700347597,0.03413847333587661
21.19178283553489,16.83366733466934,10.620691740496808,0.07471387032767314,0.1,0.45000000000000007,0.1,0.0,0.3500000000000001,True,0.8102832219660389,0.18102832219660392,2.2095990016721485,0.6230311836158255,0.4950707225016861,0.5918904733423399,0.6230311836158255,0.03114071027348564
21.398441072990245,17.034068136272545,10.570222484261489,0.07158891940981917,0.1,0.40000000000000013,0.1,0.0,0.30000000000000016,True,0.791533516458915,0.17915335164589152,2.232724067538667,0.618507779618222,0.4878442466869989,0.5886259747577021,0.618507779618222,0.029881804860519945
21.605896606922844,17.234468937875754,10.516581853429521,0.06846429566767773,0.1,0.40000000000000013,0.1,0.0,0.30000000000000016,True,0.7727857740060664,0.17727857740060665,2.2563357957013435,0.6139420544102747,0.4805879597538699,0.587808241230735,0.6139420544102747,0.026133813179539667
21.81416664442361,17.43486973947896,10.4598727074532,0.06535042210299524,0.1,0.40000000000000013,0.1,0.0,0.30000000000000016,True,0.7541025326179714,0.17541025326179716,2.280368408128378,0.6093481019711632,0.4733252553825176,0.5861903329736924,0.6093481019711632,0.023157768997470796
22.02326312808952,17.635270541082164,10.400199780608261,0.06225640397277625,0.1,0.45000000000000007,0.15000000000000002,0.05000000000000002,0.30000000000000004,True,0.7491666258230456,0.17491666258230457,2.286803293035537,0.5956269286357966,0.471401170480718,0.6017699741113157,0.5956269286357966,-0.006143045475519138
22.23319289838559,17.835671342685373,10.337669570522642,0.0591900745249452,0.15000000000000002,0.5000000000000001,0.20000000000000004,0.05000000000000002,0.30000000000000004,True,0.7423305216746164,0.17423305216746166,2.295775658085503,0.5814303661408007,0.46873259888599617,0.5799476538513508,0.5814303661408007,0.0014827122894498501
22.443957872269454,18.03607214428858,10.272390225144038,0.05615805645668661,0.20000000000000004,0.6000000000000002,0.25000000000000006,0.05000000000000002,0.35000000000000014,True,0.7336854234251496,0.17336854234251498,2.307223643893489,0.5667759876160063,0.46535152781274475,0.5735047957979659,0.5667759876160063,-0.0067288081819595336
22.65555523580089,18.236472945891784,10.204471428259474,0.05316583499695335,0.25000000000000006,0.5000000000000001,0.30000000000000004,0.04999999999999999,0.20000000000000007,True,0.7233266799756268,0.1723326679975627,2.321092133301489,0.5516813289995366,0.4612908013278086,0.559370735419927,0.5516813289995366,-0.007689406420390399
22.867977648607074,18.43687374749499,10.134024283681477,0.05021783895816828,0.30000000000000004,0.5500000000000002,0.3500000000000001,0.050000000000000044,0.20000000000000007,True,0.7113516311444305,0.17113516311444307,2.337333793479417,0.536163510556475,0.4565833908437359,0.5337811884304622,0.536163510556475,0.002382322126012859
23.081213458232597,18.637274549098198,10.061161198216727,0.04731752658854882,0.3500000000000001,0.6000000000000002,0.40000000000000013,0.050000000000000044,0.20000000000000007,True,0.6978577392969394,0.16978577392969396,2.3559099843408244,0.5202389082764365,0.4512617622619215,0.5091549489763604,0.5202389082764365,0.011083959300076107
23.29524692256519,18.837675350701403,9.985995763534255,0.04446747355475427,0.40000000000000013,0.6000000000000002,0.45000000000000007,0.04999999999999993,0.15000000000000013,True,0.6829409987701656,0.16829409987701657,2.376791582665738,0.5039228696861033,0.44535733403752575,0.49803746364594637,0.5039228696861033,0.005885406040156971
23.510058438690127,19.03807615230461,9.908642637051313,0.04166946086875493,0.45000000000000007,0.7500000000000002,0.5000000000000001,0.050000000000000044,0.2500000000000001,True,0.6666946086875493,0.16666946086875495,2.399959764164491,0.48722946846061355,0.43890001908504706,0.4827267244284329,0.48722946846061355,0.00450274403218065
23.725624776684143,19.238476953907817,9.829217421955974,0.03892456102524598,0.5000000000000001,0.7500000000000002,0.5500000000000002,0.050000000000000044,0.20000000000000007,True,0.6492078907650829,0.1649207890765083,2.425406780066013,0.4701712921795682,0.4319178425651081,0.47026066157357976,0.4701712921795682,-8.936939401155142e-05
23.94191931701148,19.438877755511022,9.747836546486322,0.036233221028088826,0.5500000000000002,0.7500000000000002,0.6000000000000002,0.050000000000000044,0.15000000000000002,True,0.630565431308977,0.1630565431308977,2.4531367605339827,0.4527592576278068,0.42443662712022734,0.45359068460180424,0.4527592576278068,-0.0008314269739974622
24.158912290327624,19.639278557114228,9.664617142586902,0.03359534134704756,0.6000000000000002,0.7500000000000002,0.6500000000000001,0.04999999999999993,0.10000000000000009,True,0.610846425491047,0.1610846425491047,2.4831665742317113,0.43500244815353156,0.41647973697025753,0.44180673979207036,0.43500244815353156,-0.006804291638538795
24.37657101862955,19.839679358717436,9.579676924063497,0.03101035015724554,0.6500000000000001,0.7500000000000002,0.7000000000000002,0.050000000000000044,0.050000000000000044,True,0.5901242018869466,0.15901242018869466,2.515526771590128,0.41690796773745664,0.40806787235742553,0.4248425584172208,0.41690796773745664,-0.007934590679764153
24.59486015681377,20.04008016032064,9.493134064358019,0.028477272476550953,0.7000000000000002,0.7500000000000002,0.7500000000000002,0.050000000000000044,0.0,False,0.568465905956887,0.15684659059568873,2.550262638676667,0.39848080657670987,0.39921890608608185,0.4062030404964454,0.39921890608608185,-0.006984134410363552
24.813741933814946,20.240480961923847,9.40510707406535,0.02599479403014869,0.7500000000000002,0.7500000000000002,0.7500000000000002,0.0,0.0,False,0.5374349253768587,0.15374349253768588,2.6017361346331542,0.3898394116031801,0.3864339269099593,0.39902825288661137,0.3898394116031801,-0.009188841283431282
25.033176392597714,20.440881763527056,9.315714678314496,0.023561319843033324,0.7500000000000002,0.8500000000000002,0.7500000000000002,0.0,0.09999999999999998,True,0.5070164980379166,0.15070164980379167,2.6542509688565863,0.38118857329677086,0.37377273467482103,0.3890565841348058,0.38118857329677086,-0.007868010838034956
25.25312162836351,20.64128256513026,9.225075694136255,0.021175027693915608,0.7500000000000002,0.7500000000000002,0.7500000000000002,0.0,0.0,False,0.4771878461739451,0.14771878461739452,2.70784789514778,0.3725216886644286,0.36122575912356353,0.37029343737931253,0.3725216886644286,0.0022282512851160563
25.47353402441245,20.841683366733466,9.133308907939782,0.01883391666330636,0.7500000000000002,0.8500000000000002,0.7500000000000002,0.0,0.09999999999999998,True,0.4479239582913295,0.14479239582913295,2.7625760158843784,0.36383112638229415,0.3487822194803863,0.3616402812698259,0.36383112638229415,0.0021908451124682538
25.694368485168344,21.042084168336675,9.040532953220158,0.016535851079277564,0.7500000000000002,0.8500000000000002,0.8000000000000002,0.04999999999999993,0.050000000000000044,True,0.4229660640306084,0.14229660640306083,2.8110297927062575,0.3437637016756169,0.33805850769862983,0.3546004617785697,0.3437637016756169,-0.010836760102952814
25.91557866593332,21.24248496993988,8.946866188618907,0.014278600211528835,0.8000000000000002,0.8500000000000002,0.8500000000000002,0.050000000000000044,0.0,False,0.3972611028556393,0.13972611028556395,2.8627433998019676,0.32331143289807973,0.3269007108928659,0.33611308610334023,0.3269007108928659,-0.009212375210474355
26.137117198988257,21.442885771543086,8.852426576458933,0.012059874092235655,0.8500000000000002,0.8500000000000002,0.8500000000000002,0.0,0.0,False,0.3673083002451814,0.13673083002451814,2.92545580194513,0.3138303906958253,0.3137457382873603,0.32307385484860457,0.3138303906958253,-0.009243464152779268
26.35893591569615,21.643286573146295,8.757331561874945,0.009877355853571745,0.8500000000000002,0.9000000000000002,0.9000000000000002,0.050000000000000044,0.0,False,0.3402829819500045,0.13402829819500048,2.9844443702331573,0.2925655151979326,0.3017261462950125,0.3092406808651359,0.3017261462950125,-0.00751453457012341
26.58098606429943,21.8436873747495,8.661697952659713,0.0077287309716780744,0.9000000000000002,0.9000000000000002,0.9000000000000002,0.0,0.0,False,0.3102022336034931,0.13102022336034932,3.052963807731167,0.28255929797065527,0.2881687840445458,0.3007144046407113,0.2881687840445458,-0.012545620596165485
26.803218523128912,22.044088176352705,8.56564179994585,0.005611713797054559,0.9000000000000002,0.9000000000000002,0.9000000000000002,0.0,0.0,False,0.28056399315876385,0.1280563993158764,3.1236236700152804,0.2724247946281648,0.27461408518133057,0.28764436344107985,0.27461408518133057,-0.013030278259749284
27.02558400896256,22.244488977955914,8.469278279841888,0.0035240717331344097,0.9000000000000002,0.9000000000000002,0.9000000000000002,0.0,0.0,False,0.2513370042638817,0.12513370042638816,3.1965809261375293,0.26214410286481704,0.2610426017644346,0.2799034524426775,0.26214410286481704,-0.01775934957786046
27.24803328028726,22.44488977955912,8.372721576140478,0.0014636474023076395,0.9000000000000002,0.9000000000000002,0.9000000000000002,0.0,0.0,False,0.22249106363230697,0.1222491063632307,3.272007558169844,0.25169814714444616,0.24743427223434608,0.2766042858357844,0.25169814714444616,-0.02490613869133823
27.470517335226585,22.645290581162325,8.276084764215424,0.0005716208885062716,0.9000000000000002,0.9000000000000002,0.9000000000000002,0.0,0.0,False,0.2100026924390878,0.12100026924390879,3.3057777680948113,0.2470781376169157,0.2414730529961264,0.27566744012177913,0.2470781376169157,-0.02858930250486344
27.69298760390314,22.845691382765533,8.179479696223055,0.0025836801016149765,0.9000000000000002,0.9000000000000002,0.9000000000000002,0.0,0.0,False,0.2381715214226097,0.12381715214226097,3.230570184172997,0.25741464507454404,0.2548589159278257,0.2786336008868552,0.25741464507454404,-0.021218955812311147
27.915396135005462,23.04609218436874,8.083016887722136,0.004574344592271762,0.9000000000000002,0.9000000000000002,0.9000000000000002,0.0,0.0,False,0.2660408242918047,0.12660408242918048,3.159455779980485,0.26735306249061486,0.26789660124119286,0.2819497674577819,0.26789660124119286,-0.01405316621658903
28.1376957763278,23.246492985971944,7.986805405825052,0.006545279187459924,0.9000000000000002,0.9000000000000002,0.9000000000000002,0.0,0.0,False,0.29363390862443894,0.12936339086244392,3.0920648982163152,0.2769288425559976,0.28061639902068236,0.29209899060809913,0.28061639902068236,-0.011482591587416768
28.359840349046134,23.44689378757515,7.890952758991467,0.008497983040910819,0.9000000000000002,0.9000000000000002,0.9000000000000002,0.0,0.0,False,0.3209717625727515,0.13209717625727516,3.028073811516999,0.2861731098352961,0.29304501357345264,0.3032208347474628,0.29304501357345264,-0.010175821174010169
28.58178481548667,23.647294589178358,7.795564788573986,0.010433774121809852,0.9000000000000002,0.9000000000000002,0.9000000000000002,0.0,0.0,False,0.348072837705338,0.1348072837705338,2.9671987211082143,0.2951131569304096,0.3052058715565492,0.31008745790747694,0.3052058715565492,-0.004881586350927725
28.80348544013372,23.847695390781563,7.700745562223605,0.012353774232273886,0.9000000000000002,0.8500000000000002,0.8500000000000002,-0.050000000000000044,0.0,False,0.3712759521356975,0.13712759521356974,2.9169912837530543,0.3151000562897007,0.31549813000727417,0.3295344993338782,0.31549813000727417,-0.014036369326604015
29.024899943613093,24.04809619238477,7.606597269260805,0.014258894487490669,0.8500000000000002,0.8500000000000002,0.8500000000000002,0.0,0.0,False,0.39699507558112407,0.13969950755811242,2.863288546909211,0.3232282622229272,0.3267846141223542,0.33611308610334023,0.3267846141223542,-0.00932847198098602
29.245987649375046,24.248496993987978,7.513220118116239,0.016149821231370154,0.8500000000000002,0.8500000000000002,0.8500000000000002,0.0,0.0,False,0.4225225866234971,0.14225225866234972,2.8119061430823455,0.33112789069676096,0.3378669969329317,0.34982684102353107,0.3378669969329317,-0.011959844090599359
29.466709622788244,24.448897795591183,7.42071223594283,0.01802700240056533,0.8500000000000002,0.8500000000000002,0.8500000000000002,0.0,0.0,False,0.44786453240763197,0.1447864532407632,2.7626894025426956,0.33881328159853175,0.3487568098334347,0.3559921886875335,0.3487568098334347,-0.007235378854098806
29.68702880234325,24.649298597194388,7.3291695704988795,0.019890634390161973,0.8500000000000002,0.8500000000000002,0.8500000000000002,0.0,0.0,False,0.47302356426718667,0.14730235642671868,2.7155030625663863,0.34629662392773275,0.35946332423865013,0.36160258534387996,0.35946332423865013,-0.0021392611052298283
29.906910122651247,24.849699398797597,7.238685794399623,0.021740649514589944,0.8500000000000002,0.7500000000000002,0.8000000000000002,-0.050000000000000044,0.04999999999999993,True,0.49062844368966935,0.14906284436896694,2.6834319557857245,0.3639501630273717,0.36689593956770694,0.37691022337714736,0.36689593956770694,-0.010014283809440416
30.12632062891188,25.050100200400802,7.149352211832149,0.023576704198147582,0.8000000000000002,0.8500000000000002,0.8500000000000002,0.050000000000000044,0.0,False,0.5227855066749924,0.15227855066749926,2.6267652157617483,0.36069611117751266,0.3803527052396801,0.3875256509947033,0.3803527052396801,-0.007172945755023197
30.3452295825132,25.250501002004007,7.061257667826196,0.025398168069151218,0.8500000000000002,0.7500000000000002,0.8000000000000002,-0.050000000000000044,0.04999999999999993,True,0.5381761848989659,0.1538176184898966,2.6004823369845225,0.37754795350038306,0.3867408442823152,0.3986518437944005,0.3867408442823152,-0.011910999512085296
30.563608557417734,25.450901803607216,6.974488460170793,0.027204114169872222,0.8000000000000002,0.7500000000000002,0.7500000000000002,-0.04999999999999993,0.0,False,0.5525514271234029,0.1552551427123403,2.576404188691692,0.394071490439264,0.39267809490315186,0.40241564298184485,0.394071490439264,-0.008344152542580863
30.781431526982008,25.65130260521042,6.8891282540640155,0.028993310530717742,0.7500000000000002,0.7500000000000002,0.7500000000000002,0.0,0.0,False,0.5749163816339717,0.15749163816339717,2.539817381193286,0.40025483003011697,0.4018606313458942,0.40738537811980075,0.4018606313458942,-0.005524746773906519
30.998674940853075,25.851703406813627,6.805257999580384,0.030764213390240276,0.7500000000000002,0.7500000000000002,0.7500000000000002,0.0,0.0,False,0.5970526673780034,0.15970526673780036,2.5046137060508395,0.406286656370952,0.4108862158133736,0.41234599277370293,0.4108862158133736,-0.0014597769603293398
31.215317791585232,26.052104208416836,6.722955852037639,0.03251496237087816,0.7500000000000002,0.7500000000000002,0.7500000000000002,0.0,0.0,False,0.6189370296359771,0.16189370296359773,2.470757000906584,0.41216703303880414,0.41974993824776485,0.4216902759958374,0.41974993824776485,-0.0019403377480725625
31.431341670623958,26.25250501002004,6.64229709534172,0.034243377942730746,0.7500000000000002,0.7500000000000002,0.7500000000000002,0.0,0.0,False,0.6405422242841343,0.16405422242841344,2.4382182553975023,0.41789486589060315,0.4284452115252642,0.43645551026962265,0.4284452115252642,-0.008010298744358435
31.64673081331268,26.452905811623246,6.563354068385728,0.03594696152293639,0.7500000000000002,0.7500000000000002,0.7500000000000002,0.0,0.0,False,0.6618370190367049,0.1661837019036705,2.4069749043854056,0.42346796507117096,0.4369638160122295,0.4436579249720839,0.4369638160122295,-0.006694108959854395
31.861472132591658,26.653306613226455,6.486196094575709,0.03762289856463817,0.7500000000000002,0.7500000000000002,0.7500000000000002,0.0,0.0,False,0.6827862320579772,0.16827862320579773,2.377010177405699,0.4288831070847316,0.44529595213002016,0.45059685248155207,0.44529595213002016,-0.005300900351531912
32.075555241078234,26.85370741482966,6.41088941455283,0.039268064984834164,0.7500000000000002,0.7500000000000002,0.7500000000000002,0.0,0.0,False,0.7033508123104271,0.1703350812310427,2.348312497397054,0.434136098119148,0.4534303027083991,0.4538857538213365,0.4534303027083991,-0.0004554511129373773
32.288972461243745,27.054108216432866,6.337497122178442,0.04087903726374621,0.7500000000000002,0.7500000000000002,0.7500000000000002,0.0,0.0,False,0.7234879657968276,0.17234879657968277,2.320874923052139,0.43922183967251477,0.46135410676326316,0.46274556006999157,0.46135410676326316,-0.0013914533067284074
32.501718823435596,27.254509018036075,6.2660791038451364,0.04245210651822969,0.7500000000000002,0.7500000000000002,0.7500000000000002,0.0,0.0,False,0.7431513314778713,0.17431513314778713,2.2946946302182134,0.4441343973862892,0.469053246150372,0.47030876312628017,0.469053246150372,-0.0012555169759081442
32.7137920515334,27.45490981963928,6.196691981173732,0.04398329680638066,0.7500000000000002,0.6000000000000002,0.7500000000000002,0.0,0.15000000000000002,True,0.7622912100797583,0.17622912100797583,2.269772428711692,0.4488670738316947,0.47651234631344475,0.47675018204051306,0.47651234631344475,-0.00023783572706831402
32.925192536076395,27.655310621242485,6.1293890571525305,0.04546838786027496,0.7500000000000002,0.6000000000000002,0.7000000000000002,-0.050000000000000044,0.09999999999999998,True,0.7636206543232997,0.17636206543233,2.2680614395133616,0.4616940446190208,0.47702919511343234,0.4830730579096519,0.47702919511343234,-0.006043862796219546
33.13592329475488,27.855711422845694,6.06422026577197,0.04690294236674486,0.7000000000000002,0.6000000000000002,0.6500000000000001,-0.050000000000000044,0.04999999999999993,True,0.763883837217566,0.1763883837217566,2.2677230300549662,0.47425874649919925,0.4771314937636475,0.4853760678773357,0.4771314937636475,-0.00824457411368823
33.34598992022262,28.0561122244489,6.001232125204112,0.0482823378251747,0.6500000000000001,0.6000000000000002,0.6000000000000002,-0.04999999999999993,0.0,False,0.7631057160769218,0.17631057160769217,2.268723856729579,0.48656742467975134,0.4768290214114522,0.4881791517047406,0.48656742467975134,-0.0016117270249892401
33.555400515258164,28.256513026052104,5.9404676945729324,0.04960180290477985,0.6000000000000002,0.5500000000000002,0.5500000000000002,-0.050000000000000044,0.0,False,0.7613189305001884,0.17613189305001886,2.2710253837242638,0.49862780299081866,0.4761342504214583,0.49796291750338195,0.49862780299081866,0.0006648854874367061
33.764165615382,28.45691382765531,5.881966534357883,0.05085645810521537,0.5500000000000002,0.5000000000000001,0.5000000000000001,-0.050000000000000044,0.0,False,0.7585645810521536,0.17585645810521539,2.2745823742263647,0.5104493197288136,0.4750626807685996,0.5056310047815589,0.5104493197288136,0.004818314947254709
33.972298099121936,28.65731462925852,5.8257646704693435,0.052041360398389684,0.5000000000000001,0.5000000000000001,0.5000000000000001,0.0,0.0,False,0.7704136039838968,0.1770413603983897,2.259359050901409,0.5133612302439796,0.4796675872136968,0.5095918565269557,0.5133612302439796,0.003769373717023905
34.17981308621046,28.857715430861724,5.771894562031148,0.05315155139460908,0.5000000000000001,0.5000000000000001,0.5000000000000001,0.0,0.0,False,0.7815155139460906,0.1781515513946091,2.2452793527124126,0.5160734584971427,0.4839706572555189,0.5144991805679846,0.5160734584971427,0.0015742779291580966
34.38672782409446,29.05811623246493,5.7203850729015056,0.0541821084428954,0.5000000000000001,0.45000000000000007,0.45000000000000007,-0.050000000000000044,0.0,False,0.7752300302075064,0.17752300302075064,2.253229120697356,0.5270397892999822,0.4815357726037297,0.5194995219199743,0.5270397892999822,0.007540267380007903
34.59306156323776,29.258517034068138,5.671261446959938,0.05512819794592524,0.45000000000000007,0.45000000000000007,0.45000000000000007,0.0,0.0,False,0.7842178804862898,0.178421788048629,2.2418786650147218,0.5292313342093838,0.4850164299198526,0.5226477665210496,0.5292313342093838,0.006583567688334235
34.79883542179954,29.458917835671343,5.624545287184162,0.05598513004921828,0.45000000000000007,0.6000000000000002,0.5000000000000001,0.050000000000000044,0.10000000000000009,True,0.8098513004921827,0.1809851300492183,2.2101263230367123,0.5229274534665788,0.49490458912862856,0.5254595537685002,0.5229274534665788,-0.002532100301921414
35.00407224037491,29.65931863727455,5.580254538536918,0.05674841376067999,0.5000000000000001,0.6000000000000002,0.5000000000000001,0.0,0.10000000000000009,True,0.8174841376067997,0.18174841376067996,2.200844517557695,0.524757323061275,0.49783816008140735,0.5282584001445956,0.524757323061275,-0.0035010770833205918
35.208796427585995,29.859719438877757,5.538403474679114,0.057413811473969366,0.5000000000000001,0.5500000000000002,0.5500000000000002,0.050000000000000044,0.0,False,0.8433450204766786,0.18433450204766788,2.1699681587365682,0.5184071221741073,0.5077417047259404,0.5289842854355531,0.5184071221741073,-0.010577163261445754
35.413033797410996,30.060120240480963,5.499002688521649,0.05797739181436943,0.5500000000000002,0.45000000000000007,0.5000000000000001,-0.050000000000000044,0.050000000000000044,True,0.8297739181436942,0.18297739181436945,2.186062420245885,0.5276893939809777,0.5025513901622713,0.5296703568683178,0.5276893939809777,-0.0019809628873400653
35.61681139923302,30.260521042084168,5.462059086624587,0.05843557970133156,0.5000000000000001,0.45000000000000007,0.45000000000000007,-0.050000000000000044,0.0,False,0.8156380071626499,0.181563800716265,2.20308232380028,0.5368153642891621,0.49712907363763287,0.5295980462520287,0.5368153642891621,0.0072173180371334356
35.82015734167749,30.460921843687377,5.427575887448447,0.058785202532956646,0.45000000000000007,0.5000000000000001,0.5000000000000001,0.050000000000000044,0.0,False,0.8378520253295664,0.18378520253295663,2.176453786742006,0.5296072303706834,0.5056426794719076,0.5297045143800823,0.5296072303706834,-9.728400939890136e-05
36.023100611385495,30.661322645290582,5.395552623458535,0.059023531446624415,0.5000000000000001,0.5000000000000001,0.5000000000000001,0.0,0.0,False,0.8402353144662441,0.18402353144662442,2.17363506099229,0.5301716407586738,0.5065536973150739,0.5297045143800823,0.5301716407586738,0.0004671263785915869
36.2256708879382,30.861723446893787,5.3659851470793525,0.059148316694101616,0.5000000000000001,0.5000000000000001,0.5000000000000001,0.0,0.0,False,0.841483166941016,0.1841483166941016,2.1721621309439443,0.5304669024678736,0.5070305099561501,0.5297839368998571,0.5304669024678736,0.0006829655680165025
36.427898356202846,31.062124248496996,5.338865640492392,0.05915781628988829,0.5000000000000001,0.5000000000000001,0.5000000000000001,0.0,0.0,False,0.8415781628988829,0.1841578162898883,2.17205008214448,0.5304893728655424,0.5070668034264589,0.5297839368998571,0.5304893728655424,0.000705435965685286
36.62981351741264,31.2625250501002,5.314182629266625,0.05905081724490223,0.5000000000000001,0.5000000000000001,0.5000000000000001,0.0,0.0,False,0.8405081724490223,0.18405081724490224,2.173312816469328,0.5302362182188035,0.5066579688091156,0.5297045143800823,0.5302362182188035,0.0005317038387212536
36.8314470003201,31.462925851703407,5.291920999807296,0.05882664887556821,0.5000000000000001,0.5000000000000001,0.5000000000000001,0.0,0.0,False,0.838266488755682,0.1838266488755682,2.175963074161021,0.5297054295116683,0.5058011418979381,0.5297045143800823,0.5297054295116683,9.151315860655984e-07
37.03282937377462,31.663326653306616,5.272062020604773,0.058485187878435,0.5000000000000001,0.45000000000000007,0.45000000000000007,-0.050000000000000044,0.0,False,0.8161092848451326,0.18161092848451327,2.2025106271845845,0.5369282247673666,0.4973101152948794,0.5295061427907318,0.5369282247673666,0.007422081976634742
37.23399096207096,31.86372745490982,5.2545833672613504,0.058026855072424124,0.45000000000000007,0.45000000000000007,0.45000000000000007,0.0,0.0,False,0.8117551231880291,0.1811755123188029,2.207803885196945,0.5358845098036712,0.49563675349149994,0.5296134527099283,0.5358845098036712,0.006271057093742871
37.43496166439484,32.06412825651303,5.239459151270261,0.057452603925460775,0.45000000000000007,0.5500000000000002,0.5000000000000001,0.050000000000000044,0.050000000000000044,True,0.8245260392546078,0.18245260392546078,2.192350185165985,0.5264394973652573,0.5005403088639633,0.5291558302167567,0.5264394973652573,-0.0027163328514994145
37.63577077965589,32.26452905811623,5.226659952517245,0.05676390119366429,0.5000000000000001,0.6000000000000002,0.5000000000000001,0.0,0.10000000000000009,True,0.8176390119366429,0.1817639011936643,2.20065699169722,0.5247943814847124,0.49789763336605536,0.5282584001445957,0.5247943814847124,-0.003464018659883328
37.836446837947705,32.46492985971944,5.216152855471466,0.05596270019885767,0.5000000000000001,0.6000000000000002,0.5000000000000001,0.0,0.10000000000000009,True,0.8096270019885766,0.18096270019885768,2.2104002623769703,0.5228735773071587,0.4948183092145839,0.5252011614430747,0.5228735773071587,-0.00232758413591605
38.037017439809944,32.66533066132265,5.207901489028714,0.055051407447015484,0.5000000000000001,0.45000000000000007,0.45000000000000007,-0.050000000000000044,0.0,False,0.7834883707466471,0.17834883707466473,2.2427956725758875,0.5290538280824961,0.4847341847775566,0.52249880231822,0.5290538280824961,0.0065550257642761345
38.23750910439095,32.86573146292585,5.201866069966362,0.05403284343979677,0.45000000000000007,0.45000000000000007,0.45000000000000007,0.0,0.0,False,0.7738120126780694,0.17738120126780696,2.255030392967557,0.5266931089724147,0.4809859710152658,0.5194995219199744,0.5266931089724147,0.007193587052440331
38.43794712752149,33.06613226452906,5.198003449965756,0.05291019865005334,0.45000000000000007,0.5000000000000001,0.5000000000000001,0.050000000000000044,0.0,False,0.7791019865005334,0.17791019865005336,2.2483252957678603,0.5154851348203834,0.4830361148521732,0.5125221138134796,0.5154851348203834,0.002963021006903821
38.63835545061383,33.26653306613227,5.196267166154304,0.051686985714551686,0.5000000000000001,0.5000000000000001,0.5000000000000001,0.0,0.0,False,0.7668698571455167,0.17668698571455166,2.2638905654671353,0.5124922231410279,0.47829171227817174,0.5074675057560019,0.5124922231410279,0.0050247173850260785
38.838756541197206,33.46693386773547,5.196607495115921,0.0503669889434905,0.5000000000000001,0.5500000000000002,0.5500000000000002,0.050000000000000044,0.0,False,0.7693533839066504,0.17693533839066505,2.2607128888906214,0.5006014067429573,0.4792560711488867,0.5021142682053819,0.5006014067429573,-0.001512861462424575
39.039171285792186,33.66733466933868,5.198971510315067,0.048954212258397876,0.5500000000000002,0.6000000000000002,0.6000000000000002,0.050000000000000044,0.0,False,0.7704963348423767,0.17704963348423766,2.2592534767128516,0.48838149876660897,0.4796996942818462,0.49408463221751986,0.48838149876660897,-0.005703133450910891
39.23961889571521,33.86773547094189,5.203303142876149,0.047452826646369954,0.6000000000000002,0.6000000000000002,0.6000000000000002,0.0,0.0,False,0.7539810931100696,0.17539810931100697,2.2805262928504004,0.48431809512359925,0.47327794373912146,0.48702914908004175,0.48431809512359925,-0.0027110539564424996
39.44011682629286,34.06813627254509,5.209543245656812,0.0458671181650611,0.6000000000000002,0.6000000000000002,0.6000000000000002,0.0,0.0,False,0.7365382998156721,0.17365382998156723,2.303433215624779,0.4799880336082548,0.46646806646661687,0.4826185964250352,0.4799880336082548,-0.0026305628167803685
39.640680709853775,34.2685370741483,5.217629660550214,0.044201437456080246,0.6000000000000002,0.6000000000000002,0.6000000000000002,0.0,0.0,False,0.7182158120168827,0.17182158120168828,2.327996269167553,0.4753957680500901,0.45928344188223347,0.4775496092141943,0.4753957680500901,-0.00215384116410422
39.841324302757734,34.46893787575151,5.22749728894823,0.04246015162418816,0.6000000000000002,0.7500000000000002,0.6000000000000002,0.0,0.15000000000000002,True,0.6990616678660697,0.16990616678660697,2.3542406233105035,0.47054550117580685,0.4517373086351317,0.471658827075923,0.47054550117580685,-0.0011133259001161466
40.04205944661688,34.66933867735471,5.239078165294432,0.040647599225519845,0.6000000000000002,0.7500000000000002,0.6000000000000002,0.0,0.15000000000000002,True,0.6791235914807182,0.16791235914807184,2.3821951048121717,0.46544107385969746,0.44384257998912746,0.4670768180337717,0.46544107385969746,-0.0016357441740742495
40.242896043764766,34.86973947895792,5.252301533652429,0.038768048987968415,0.6000000000000002,0.7500000000000002,0.6000000000000002,0.0,0.15000000000000002,True,0.6584485388676525,0.1658448538867653,2.4118927456929717,0.4600858566008853,0.4356116695450488,0.4617834073424158,0.4600858566008853,-0.0016975507415304958
40.44384204693586,35.07014028056113,5.267093927212295,0.03682566275931326,0.6000000000000002,0.7500000000000002,0.6000000000000002,0.0,0.15000000000000002,True,0.6370822903524459,0.16370822903524462,2.4433713708666676,0.4544826437628261,0.42705632884617084,0.45580374720235123,0.4544826437628261,-0.0013211034395251287
40.64490346303262,35.27054108216433,5.283379250654816,0.03482446305332026,0.6000000000000002,0.7500000000000002,0.6000000000000002,0.0,0.15000000000000002,True,0.6150690935865227,0.16150690935865228,2.476674227674899,0.4486335508899827,0.4181874979594967,0.44775290013833446,0.4486335508899827,0.0008806507516482265
40.846084370778506,35.47094188376754,5.3010788652904335,0.03276830544753298,0.6000000000000002,0.7500000000000002,0.6500000000000001,0.04999999999999993,0.10000000000000009,True,0.6013355126466293,0.16013355126466294,2.4979150018280336,0.4324438390262643,0.4126254287851253,0.4390911008060203,0.4324438390262643,-0.006647261779755997
41.047386951985196,35.671342685370746,5.320111676886913,0.03066085597526797,0.6500000000000001,0.7500000000000002,0.7000000000000002,0.050000000000000044,0.050000000000000044,True,0.5859302717032158,0.1585930271703216,2.5221789831303143,0.4157667085365263,0.4063589806628469,0.4227400905175248,0.4157667085365263,-0.006973381980998505
41.24881153609964,35.87174348697395,5.340394226097281,0.02850557355600923,0.7000000000000002,0.7500000000000002,0.7500000000000002,0.050000000000000044,0.0,False,0.5688196694501155,0.15688196694501155,2.5496875631359424,0.3985782941522871,0.399363925384456,0.4062030404964454,0.399363925384456,-0.0068391151119894245
41.450356657641734,36.07214428857716,5.361840781396657,0.02630569742497681,0.7500000000000002,0.7500000000000002,0.7500000000000002,0.0,0.0,False,0.5413212178122102,0.15413212178122104,2.595176108506246,0.39093158621399815,0.38804220204379114,0.4005650506716738,0.39093158621399815,-0.009633464457675656
41.652019126096,36.27254509018036,5.384363434434453,0.024064239450897116,0.7500000000000002,0.8500000000000002,0.7500000000000002,0.0,0.09999999999999998,True,0.513302993136214,0.1513302993136214,2.6432247990934594,0.3829915624974841,0.3764002062736581,0.3914112951653225,0.3829915624974841,-0.008419732667838409
41.85379410778042,36.47294589178357,5.40787219770566,0.02178398117644992,0.7500000000000002,0.7500000000000002,0.7500000000000002,0.0,0.0,False,0.484799764705624,0.1484799764705624,2.6939659441507517,0.37475128184755907,0.36444038927481215,0.3761060869070665,0.37475128184755907,-0.0013548050595074135
42.05567521918125,36.673346693386776,5.432275104442861,0.019467475372936804,0.7500000000000002,0.8500000000000002,0.8000000000000002,0.04999999999999993,0.050000000000000044,True,0.46107717984817853,0.14610771798481786,2.737706163075959,0.35526100137727734,0.35439216192760764,0.3636474134526134,0.35526100137727734,-0.00838641207533608
42.257654631214336,36.87374749498998,5.457478310628263,0.017117051872076378,0.8000000000000002,0.8500000000000002,0.8500000000000002,0.050000000000000044,0.0,False,0.4355802002730311,0.1435580200273031,2.7863298750144683,0.33510682930597147,0.34349161122911365,0.3527766447142121,0.34349161122911365,-0.00928503348509846
42.459723183850016,37.07414829659319,5.483386199022936,0.014734827420661463,0.8500000000000002,0.8500000000000002,0.8500000000000002,0.0,0.0,False,0.4034201701789298,0.14034201701789298,2.8501799282890583,0.32523194563189806,0.32958497362043726,0.3386486080904481,0.32958497362043726,-0.00906363447001085
42.66187051051897,37.274549098196395,5.509901485108467,0.012322719295736848,0.8500000000000002,0.8500000000000002,0.8500000000000002,0.0,0.0,False,0.37085671049244745,0.13708567104924474,2.9178833713139105,0.3149660997423591,0.31531310836138526,0.3295344993338782,0.31531310836138526,-0.01422139097249292
42.864085171700424,37.4749498997996,5.536925324834216,0.009882462419190666,0.8500000000000002,0.9000000000000002,0.9000000000000002,0.050000000000000044,0.0,False,0.34035447386866935,0.13403544738686693,2.9842851857350747,0.2925889760973368,0.3017581386677308,0.30924068086513595,0.3017581386677308,-0.007482542197405129
43.0663547970801,37.675350701402806,5.564357424061692,0.007415629715873857,0.9000000000000002,0.9000000000000002,0.9000000000000002,0.0,0.0,False,0.30581881602223404,0.13058188160222342,3.0632121018019487,0.2810781165619607,0.2861767119109004,0.2988331373535953,0.2861767119109004,-0.012656425442694907
43.268666235653065,37.875751503006015,5.592096149595724,0.004923655469298817,0.9000000000000002,0.9000000000000002,0.9000000000000002,0.0,0.0,False,0.27093117657018345,0.12709311765701833,3.1472986686774473,0.26906885670008107,0.2701642793167994,0.28196637335842334,0.2701642793167994,-0.011802094041623912
43.47100571313504,38.07615230460922,5.620038641690622,0.0024078614422448183,0.9000000000000002,0.9000000000000002,0.9000000000000002,0.0,0.0,False,0.23571006019142748,0.12357100601914275,3.237005288587153,0.25652337860748103,0.25369777135565974,0.27872360005899244,0.25652337860748103,-0.022200221451511404
43.67335899603418,38.276553106212425,5.648080927917863,0.00013051446055206857,0.9000000000000002,0.9000000000000002,0.9000000000000002,0.0,0.0,False,0.20382720244772898,0.12038272024477291,3.3227360138289304,0.24477089244966577,0.23850905322374166,0.27469704519978694,0.24477089244966577,-0.02992615275012117
43.87571156172267,38.476953907815634,5.676118038280791,0.0026902872019770705,0.9000000000000002,0.9000000000000002,0.9000000000000002,0.0,0.0,False,0.23966402082767901,0.12396640208276791,3.2266807238055875,0.2579539727773682,0.25556219451735185,0.2791460649319725,0.2579539727773682,-0.021192092154604325
44.07804877383389,38.677354709418836,5.704044121460107,0.005270291500966044,0.9000000000000002,0.9000000000000002,0.9000000000000002,0.0,0.0,False,0.27578408101352464,0.12757840810135246,3.135326784154784,0.270763450521593,0.2724088343028295,0.28638117018904113,0.2724088343028295,-0.013972335886211662
44.280356062294835,38.877755511022045,5.731752562073232,0.007869346809255573,0.9000000000000002,0.9000000000000002,0.9000000000000002,0.0,0.0,False,0.31217085532957806,0.13121708553295783,3.048383511760989,0.2832225567648572,0.2890620442415581,0.3010327890784491,0.2890620442415581,-0.011970744836890979
44.482619107284464,39.078156312625254,5.759136098829253,0.010486220594579638,0.9000000000000002,0.9000000000000002,0.9000000000000002,0.0,0.0,False,0.348807088324115,0.13488070883241152,2.9655834660314375,0.29535239183213113,0.3055332189396373,0.31008745790747694,0.3055332189396373,-0.00455423896783963
44.6848240263877,39.278557114228455,5.786086943460542,0.013119590162863065,0.9000000000000002,0.8500000000000002,0.8500000000000002,-0.050000000000000044,0.0,False,0.3816144671986514,0.13816144671986516,2.895163661763301,0.3183884418888646,0.32005006519271123,0.33392449593450263,0.32005006519271123,-0.0138744307417914
44.886957564188954,39.478957915831664,5.812496900310997,0.01576800327915502,0.8500000000000002,0.8500000000000002,0.8500000000000002,0.0,0.0,False,0.4173680442685928,0.1417368044268593,2.822132202129707,0.3295458382161296,0.3356385510163761,0.34854682987888086,0.3356385510163761,-0.012908278862504785
45.08900728352056,39.67935871743487,5.838257486460593,0.0184298378857727,0.8500000000000002,0.8500000000000002,0.8500000000000002,0.0,0.0,False,0.45330281145793144,0.14533028114579313,2.752351380912324,0.3404429623645625,0.35107973889250865,0.3582788497127961,0.35107973889250865,-0.007199110820287458
45.29096175754877,39.879759519038075,5.863260052265036,0.021103261263232833,0.8500000000000002,0.7500000000000002,0.8500000000000002,0.0,0.09999999999999998,True,0.48939402705364327,0.14893940270536432,2.685655996561837,0.3510909705746583,0.3663763252230919,0.3731655488368782,0.3663763252230919,-0.0067892236137863105
45.49281076184348,40.08016032064128,5.887395902189096,0.02378618903875711,0.8500000000000002,0.8500000000000002,0.8500000000000002,0.0,0.0,False,0.525613552023221,0.1525613552023221,2.6218959543819764,0.36149924426133984,0.38152901472495293,0.3889421767287105,0.38152901472495293,-0.0074131620037575785
45.694545465537395,40.28056112224449,5.910556415811701,0.02647624451872132,0.8500000000000002,0.7500000000000002,0.8000000000000002,-0.050000000000000044,0.04999999999999993,True,0.5521911787433773,0.15521911787433773,2.577002146886519,0.3814711359798799,0.3925296459321339,0.4025294432139459,0.3925296459321339,-0.009999797281811995
45.896158620637166,40.480961923847694,5.932633168880915,0.029170718903448974,0.8000000000000002,0.7500000000000002,0.7500000000000002,-0.04999999999999993,0.0,False,0.5771339862931122,0.15771339862931122,2.5362461495117357,0.40086299342347137,0.40276759476255947,0.4079596693298044,0.40276759476255947,-0.005192074567244909
46.09764474850218,40.6813627254509,5.9535180542966355,0.0318665330308373,0.7500000000000002,0.7500000000000002,0.7500000000000002,0.0,0.0,False,0.6108316628854663,0.16108316628854663,2.483189331425756,0.4099984885516418,0.41647376284224236,0.4190383854152566,0.41647376284224236,-0.0025646225730142636
46.299000322458014,40.88176352705411,5.9731034028989844,0.034560201392219415,0.7500000000000002,0.7500000000000002,0.7500000000000002,0.0,0.0,False,0.6445025174027428,0.16445025174027428,2.43234653499797,0.41893668050804334,0.43003328442847266,0.436516851224748,0.43003328442847266,-0.00648356679627532
46.5002239454618,41.08216432865731,5.991282103940647,0.0372477992638779,0.7500000000000002,0.7500000000000002,0.7500000000000002,0.0,0.0,False,0.6780974907984738,0.1678097490798474,2.3836517377168094,0.42767680505624234,0.44343515938889555,0.4497580364494495,0.44343515938889555,-0.006322877060553955
46.70131652168616,41.28256513026052,6.007947725121443,0.039924933893162894,0.7500000000000002,0.7500000000000002,0.7500000000000002,0.0,0.0,False,0.7115616736645363,0.17115616736645364,2.3370469563248673,0.4362166144768456,0.4566660812762612,0.4578229242332237,0.4566660812762612,-0.0011568429569625005
46.90228142083959,41.48296593186373,6.022994632064119,0.04258672077193457,0.7500000000000002,0.7500000000000002,0.7500000000000002,0.0,0.0,False,0.7448340096491821,0.1744834009649182,2.2924816789903377,0.4445523877082364,0.4697103813716017,0.4706626744453858,0.4697103813716017,-0.0009522930737840829
47.10312463399484,41.68336673346693,6.0363181071107155,0.04522776610771821,0.7500000000000002,0.6000000000000002,0.7000000000000002,-0.050000000000000044,0.09999999999999998,True,0.7607331932926187,0.17607331932926187,2.271780878123784,0.460983598936518,0.4759064297158209,0.4824149903808921,0.4759064297158209,-0.006508560665071161
47.30385491965512,41.88376753507014,6.047814467319551,0.04784215666078856,0.7000000000000002,0.6000000000000002,0.6500000000000001,-0.050000000000000044,0.04999999999999993,True,0.7746848015990684,0.17746848015990685,2.2539213703728267,0.4769065203055868,0.4813243948447445,0.4898751462391568,0.4813243948447445,-0.008550751394412304
47.5044839387532,42.08416833667335,6.057381181543675,0.05042345814528664,0.6500000000000001,0.5500000000000002,0.6000000000000002,-0.04999999999999993,0.050000000000000044,True,0.786658039598153,0.1786658039598153,2.238816780462176,0.49232460365597996,0.4859601800972111,0.5057301390749004,0.49232460365597996,-0.013405535418920422
47.70502637725221,42.28456913827655,6.064916986472447,0.05296472338487094,0.6000000000000002,0.5000000000000001,0.6000000000000002,0.0,0.10000000000000009,True,0.8146119572335803,0.18146119572335803,2.2043280295022947,0.4990695583830266,0.4967348516364605,0.5165006431735688,0.4990695583830266,-0.01743108479054223
47.90550005500284,42.48496993987976,6.07032200151908,0.05545851136215495,0.6000000000000002,0.6000000000000002,0.6000000000000002,0.0,0.0,False,0.8420436249837043,0.18420436249837044,2.171501231430057,0.5055994589143639,0.5072446240722637,0.5234341470808528,0.5072446240722637,-0.016189523008589113
48.10592601951031,42.68537074148297,6.073497842437922,0.05789691819066685,0.6000000000000002,0.45000000000000007,0.5500000000000002,-0.050000000000000044,0.10000000000000009,True,0.8484176410020021,0.18484176410020023,2.164013105734943,0.519604538715126,0.50967795353385,0.529702291116298,0.519604538715126,-0.010097752401171944
48.30632862328112,42.88577154308617,6.074347733556554,0.060271620870196746,0.5500000000000002,0.5000000000000001,0.5000000000000001,-0.050000000000000044,0.0,False,0.8527162087019674,0.18527162087019675,2.1589922845239435,0.5331170029310839,0.5113171465670268,0.5329085196231886,0.5331170029310839,0.00020848330789524638
48.50673558345391,43.08617234468938,6.072776618509284,0.06257393445281546,0.5000000000000001,0.45000000000000007,0.45000000000000007,-0.050000000000000044,0.0,False,0.8549523773017469,0.1854952377301747,2.1563895919627245,0.5461428943434945,0.5121693001703683,0.5392454749935935,0.5461428943434945,0.006897419349900957
48.7071780224754,43.28657314629259,6.068691269359838,0.06479488293864018,0.45000000000000007,0.45000000000000007,0.45000000000000007,0.0,0.0,False,0.8760513879170817,0.18760513879170818,2.1321377579326697,0.5510781312365023,0.5201905680703084,0.55529806761676,0.5510781312365023,-0.004219936380257749
48.90769048866204,43.48697394789579,6.062000394002814,0.06692528384944339,0.45000000000000007,0.40000000000000013,0.40000000000000013,-0.04999999999999993,0.0,False,0.8743275546449906,0.18743275546449906,2.1340987012046706,0.5631767042639234,0.5195364938569136,0.5613330058510305,0.5631767042639234,0.0018436984128928913
49.108310955593254,43.687374749499,6.052614741735109,0.06895584599329123,0.40000000000000013,0.40000000000000013,0.40000000000000013,0.0,0.0,False,0.8926026139396211,0.18926026139396213,2.1134917444046235,0.5674164875565448,0.5264592386060942,0.5670176532958457,0.5674164875565448,0.000398834260699088
49.30908079941301,43.88777555110221,6.040447206890262,0.07087727944666161,0.40000000000000013,0.40000000000000013,0.40000000000000013,0.0,0.0,False,0.9098955150199545,0.19098955150199545,2.0943554076874245,0.5713966371633443,0.5329872374840219,0.5723183800861629,0.5713966371633443,-0.000921742922818547
49.51004475327506,44.08817635270541,6.025412930430719,0.07268041626063342,0.40000000000000013,0.45000000000000007,0.45000000000000007,0.04999999999999993,0.0,False,0.9509639544760176,0.19509639544760177,2.050268530498968,0.5682300308448093,0.5484054361405866,0.5755576590082857,0.5682300308448093,-0.0073276281634764295
49.711250838351354,44.28857715430862,6.007429399394816,0.07435633986126962,0.45000000000000007,0.45000000000000007,0.45000000000000007,0.0,0.0,False,0.9668852286820615,0.19668852286820615,2.0336722965174,0.5718050378790024,0.5543517603112982,0.578574181719486,0.5718050378790024,-0.00676914384048366
49.91275027103282,44.48897795591183,5.9864165440975725,0.07589652059555653,0.45000000000000007,0.40000000000000013,0.40000000000000013,-0.04999999999999993,0.0,False,0.9550686853600089,0.1955068685360009,2.04596392441498,0.581653981328357,0.5499400993767332,0.5792554803433714,0.581653981328357,0.0023985009849856187
50.11459734618449,44.68937875751503,5.962296832986581,0.07729295439594389,0.40000000000000013,0.40000000000000013,0.40000000000000013,0.0,0.0,False,0.967636589563495,0.1967636589563495,2.0328957192686525,0.5844731698391256,0.5546319659944536,0.5802135735389045,0.5844731698391256,0.004259596300221102
50.31684929656903,44.88977955911824,5.934995365056421,0.07853830113148977,0.40000000000000013,0.3500000000000001,0.3500000000000001,-0.050000000000000044,0.0,False,0.9520755596176631,0.1952075559617663,2.0491010095856366,0.5934804029436118,0.5488211511163439,0.581872275984849,0.5934804029436118,0.011608126958762788
50.51956612882036,45.09018036072145,5.904439959727675,0.07962601891960193,0.3500000000000001,0.3500000000000001,0.3500000000000001,0.0,0.0,False,0.9613211608166166,0.19613211608166167,2.039441617167154,0.5955583466067562,0.552275590178843,0.5820216931714283,0.5955583466067562,0.01353665343532795
50.722810436627135,45.29058116232465,5.870561244098958,0.08055049051005099,0.3500000000000001,0.3500000000000001,0.3500000000000001,0.0,0.0,False,0.9691791693354335,0.19691791693354335,2.0313032263843906,0.5973181902694237,0.5552071255627342,0.5827064811621752,0.5973181902694237,0.014611709107248516
50.92664719206783,45.49098196392786,5.83329273748301,0.08130713784771154,0.3500000000000001,0.3500000000000001,0.3500000000000001,0.0,0.0,False,0.9756106717055482,0.19756106717055483,2.0246904196699815,0.5987543445062831,0.5576034725465036,0.5848835066732319,0.5987543445062831,0.013870837833051208
51.131143516318694,45.69138276553107,5.79257093314057,0.08189252109162164,0.3500000000000001,0.3500000000000001,0.3500000000000001,0.0,0.0,False,0.980586429278784,0.19805864292787842,2.019603861194066,0.5998628527160238,0.5594555743696626,0.5859575710390773,0.5998628527160238,0.01390528167694649
51.33636843122644,45.89178356713427,5.748335377128621,0.08230441871434735,0.3500000000000001,0.3500000000000001,0.3500000000000001,0.0,0.0,False,0.9840875590719527,0.19840875590719528,2.0160400591751,0.6006415026984391,0.5607578270154083,0.5859339362895774,0.6006415026984391,0.014707566408861728
51.542392593491165,46.09218436873748,5.7005287441822095,0.08254188582083233,0.3500000000000001,0.3500000000000001,0.3500000000000001,0.0,0.0,False,0.9861060294770749,0.1986106029477075,2.013991166953542,0.6010899101551751,0.5615082444875018,0.5861918464743303,0.6010899101551751,0.014898063680844786
51.74928801343503,46.29258517034068,5.649096910552249,0.0826052884969175,0.3500000000000001,0.3500000000000001,0.3500000000000001,0.0,0.0,False,0.986644952223799,0.19866449522237992,2.0134448259224698,0.6012095713616238,0.5617085586488504,0.5867831081920339,0.6012095713616238,0.014426463169589843
51.95712776053318,46.49298597194389,5.593989023724534,0.08249631278759634,0.3500000000000001,0.3500000000000001,0.3500000000000001,0.0,0.0,False,0.985718658694569,0.1985718658694569,2.0143840530912067,0.6010038831804619,0.5613642497792917,0.5859339362895771,0.6010038831804619,0.015069946890884811
52.16598565804796,46.6933867735471,5.535157568948337,0.08221794777526427,0.3500000000000001,0.3500000000000001,0.3500000000000001,0.0,0.0,False,0.9833525560897465,0.19833525560897466,2.016787175693135,0.6004781296054835,0.5604845063135175,0.5859339362895774,0.6004781296054835,0.014544193315906173
52.37593596923258,46.8937875751503,5.472558432506101,0.08177444313843694,0.3500000000000001,0.3500000000000001,0.3500000000000001,0.0,0.0,False,0.9795827666767141,0.1979582766676714,2.020627814776911,0.5996394350972488,0.5590821146350966,0.5857419376856281,0.5996394350972488,0.013897497411620718
52.58705307765232,47.09418837675351,5.4061509616590335,0.08117124246430102,0.3500000000000001,0.3500000000000001,0.3500000000000001,0.0,0.0,False,0.9744555609465588,0.1974455560946559,2.025874919201722,0.5984966860293905,0.5571732821750814,0.5835196422277754,0.5984966860293905,0.01497704380161513
52.799411164207626,47.294589178356716,5.3358980212065354,0.08041489441718648,0.3500000000000001,0.3500000000000001,0.3500000000000001,0.0,0.0,False,0.9680266025460851,0.19680266025460852,2.032492850871579,0.5970604225548815,0.5547773992722359,0.5825025934863507,0.5970604225548815,0.014557829068530759
53.01308388343527,47.49498997995992,5.261766046600897,0.07951294459176392,0.3500000000000001,0.3500000000000001,0.3500000000000001,0.0,0.0,False,0.9603600290299934,0.19603600290299936,2.0404415213358753,0.5953427040871101,0.5519167472007558,0.5817571179831224,0.5953427040871101,0.013585586103987746
53.22814404161065,47.69539078156313,5.183725093562074,0.07847381145907739,0.3500000000000001,0.3500000000000001,0.3500000000000001,0.0,0.0,False,0.9515273974021579,0.1951527397402158,2.049676579137314,0.5933569523124393,0.5486161613362499,0.581762265010169,0.5933569523124393,0.011594687302270312
53.44466327907998,47.895791583166336,5.101748884140721,0.07730665022247157,0.3500000000000001,0.40000000000000013,0.40000000000000013,0.050000000000000044,0.0,False,0.9677598520022442,0.19677598520022443,2.032768376654245,0.5845007473097195,0.5546779308264684,0.5802135735389043,0.5845007473097195,0.004287173770815111
53.66271175911967,48.09619238476954,5.015814849181288,0.07602120863003514,0.40000000000000013,0.40000000000000013,0.40000000000000013,0.0,0.0,False,0.9561908776703164,0.19561908776703163,2.0447902327219287,0.5819063049928734,0.550359464403227,0.5793720095288822,0.5819063049928734,0.0025342954639911985
53.882357865454956,48.296593186372746,4.925904167140468,0.07462767883346837,0.40000000000000013,0.45000000000000007,0.45000000000000007,0.04999999999999993,0.0,False,0.9694629489179496,0.19694629489179497,2.031010536246775,0.5723816379341338,0.5553129174009444,0.5786071858234846,0.5723816379341338,-0.006225547889350813
54.10366791037898,48.496993987975955,4.832001799220031,0.07313654924981558,0.45000000000000007,0.45000000000000007,0.45000000000000007,0.0,0.0,False,0.9552972178732482,0.19552972178732483,2.0457247948988284,0.5692053761627857,0.5500255091630748,0.576011185456,0.5692053761627857,-0.006805809293214393
54.32670585520078,48.69739478957916,4.734096520776401,0.07155846009742305,0.45000000000000007,0.40000000000000013,0.40000000000000013,-0.04999999999999993,0.0,False,0.9160261408768074,0.19160261408768076,2.0876541893992786,0.5728004105444708,0.535296339932894,0.5728858357436692,0.5728004105444708,-8.542519919840785e-05
54.55153304452433,48.897795591182366,4.632180948973464,0.0699040658685442,0.40000000000000013,0.40000000000000013,0.40000000000000013,0.0,0.0,False,0.9011365928168978,0.1901136592816898,2.104004528192913,0.5693844828253731,0.5296834997731531,0.571314214445181,0.5693844828253731,-0.0019297316198079173
54.778207955626,49.098196392785574,4.526251566648519,0.06818390749236682,0.40000000000000013,0.3500000000000001,0.3500000000000001,-0.050000000000000044,0.0,False,0.8640632136851181,0.18640632136851182,2.145849974740014,0.5732798890349312,0.5156372007983272,0.5652296992858261,0.5732798890349312,0.008050189749105097
55.00678596396157,49.298597194388776,4.416308742364944,0.06640829637984981,0.3500000000000001,0.40000000000000013,0.40000000000000013,0.050000000000000044,0.0,False,0.8696746674186483,0.18696746674186482,2.139409636181555,0.5620916124899337,0.517769920192736,0.559524094693222,0.5620916124899337,0.0025675177967117158
55.23731912560069,49.498997995991985,4.302356746629364,0.06458721195567249,0.40000000000000013,0.45000000000000007,0.45000000000000007,0.04999999999999993,0.0,False,0.8740785135788887,0.18740785135788887,2.1343822956282037,0.5506186842763839,0.5194419815433946,0.5548168802675265,0.5506186842763839,-0.004198195991142573
55.46985597716267,49.699398797595194,4.1844037642543865,0.06273021369683017,0.45000000000000007,0.45000000000000007,0.45000000000000007,0.0,0.0,False,0.8564370301198867,0.18564370301198868,2.154665057366198,0.5464917448297759,0.512734851534911,0.5418414348260497,0.5464917448297759,0.004650310003726177
55.70444135361538,49.899799599198396,4.06246190285211,0.06084636815094168,0.45000000000000007,0.45000000000000007,0.45000000000000007,0.0,0.0,False,0.8385404974339459,0.1838540497433946,2.175638777379561,0.5422703399704812,0.5059058964559108,0.5333927110048365,0.5422703399704812,0.008877628965644702
55.94111622410307,50.100200400801604,3.9365471974473905,0.058944190911850054,0.45000000000000007,0.5000000000000001,0.5000000000000001,0.050000000000000044,0.0,False,0.8394419091185005,0.18394419091185005,2.1745726136667645,0.5299838175199582,0.5062504669573649,0.5297045143800823,0.5299838175199582,0.00027930313987589717
56.179917545791184,50.30060120240481,3.806679611203619,0.05703160310046951,0.5000000000000001,0.5000000000000001,0.5000000000000001,0.0,0.0,False,0.820316031004695,0.1820316031004695,2.197420630192584,0.5254344989921083,0.4989253201727445,0.5287633052694752,0.5254344989921083,-0.00332880627736698
56.42087813555817,50.501002004008015,3.6728830322576402,0.05511590155018785,0.5000000000000001,0.45000000000000007,0.45000000000000007,-0.050000000000000044,0.0,False,0.7841010647267845,0.17841010647267846,2.242025454209656,0.5292029147202264,0.48497123740265513,0.5226477665210496,0.5292029147202264,0.006555148199176797
56.664026559226905,50.701402805611224,3.5351852666643646,0.053203741624906,0.45000000000000007,0.5000000000000001,0.5000000000000001,0.050000000000000044,0.0,False,0.7820374162490599,0.17820374162490601,2.2446217815220972,0.5162005829500245,0.4841726753316624,0.5147863573828745,0.5162005829500245,0.0014142255671499848
56.90938703791174,50.90180360721443,3.39361802745542,0.05130113140380232,0.5000000000000001,0.5000000000000001,0.5000000000000001,0.0,0.0,False,0.7630113140380231,0.17630113140380232,2.268845337604981,0.511544208164634,0.47679232156141255,0.5065843024588322,0.511544208164634,0.004959905705801737
57.15697937096108,51.102204408817634,3.2482169198199866,0.049413435848893836,0.5000000000000001,0.5500000000000002,0.5500000000000002,0.050000000000000044,0.0,False,0.7593410764133854,0.17593410764133854,2.273578474137857,0.4981406937013888,0.4753648439271778,0.49774717955491515,0.4981406937013888,0.00039351414647365024
57.406818874898406,51.30260521042084,3.0990214224199635,0.04754538951652175,0.5500000000000002,0.6000000000000002,0.6000000000000002,0.050000000000000044,0.0,False,0.7549992846817392,0.17549992846817394,2.2792032081798714,0.4845696239084931,0.4736745789322943,0.48702914908004163,0.4845696239084931,-0.0024595251715485156
57.65891633770614,51.50300601202405,2.946074864855277,0.04570111637423859,0.6000000000000002,0.6000000000000002,0.6000000000000002,0.0,0.0,False,0.7347122801166245,0.17347122801166248,2.305857891160533,0.47953240520567,0.46575350150509265,0.4820995337280386,0.47953240520567,-0.0025671285223686224
57.913277987754995,51.703406813627254,2.7894244012990788,0.043884155332368086,0.6000000000000002,0.6000000000000002,0.6000000000000002,0.0,0.0,False,0.7147257086560489,0.1714725708656049,2.332734605778484,0.4745158164818558,0.45791118064112657,0.4759076455143894,0.4745158164818558,-0.001391829032533598
58.169905476654364,51.90380761523046,2.6291209803262663,0.04209749017960225,0.6000000000000002,0.7500000000000002,0.6000000000000002,0.0,0.15000000000000002,True,0.6950723919756246,0.16950723919756247,2.3597812216963536,0.4695287953649857,0.45016099450312885,0.47068466360353833,0.4695287953649857,-0.0011558682385526264
58.42879587528549,52.10420841683367,2.4652193109626674,0.04034358271927322,0.6000000000000002,0.7500000000000002,0.6000000000000002,0.0,0.15000000000000002,True,0.6757794099120054,0.16757794099120055,2.3869490079306073,0.464579216461006,0.4425143383938721,0.4664506304297091,0.464579216461006,-0.0018714139687031062
58.68994168227712,52.30460921843687,2.2977778249859013,0.038624408026186996,0.6000000000000002,0.7500000000000002,0.6000000000000002,0.0,0.15000000000000002,True,0.656868488288057,0.1656868488288057,2.414192815105658,0.45967392711666244,0.43498073294471395,0.4610086577302255,0.45967392711666244,-0.00133473061356304
58.95333084419051,52.50501002004008,2.1268586355125425,0.03694149087408147,0.6000000000000002,0.7500000000000002,0.6000000000000002,0.0,0.15000000000000002,True,0.6383563996148961,0.16383563996148964,2.441471221365644,0.454818788079159,0.4275679385459069,0.4564006929971139,0.454818788079159,-0.0015819049179549016
59.21894678669569,52.70541082164329,1.952527491910186,0.035295942519199146,0.6000000000000002,0.7500000000000002,0.6000000000000002,0.0,0.15000000000000002,True,0.6202553677111905,0.16202553677111908,2.468746643098915,0.45001871775700375,0.42028207318393496,0.4496244907449076,0.45001871775700375,0.00039422701209612665
59.48676845604311,52.90581162324649,1.7748537310763655,0.03368849715578291,0.6000000000000002,0.7500000000000002,0.6500000000000001,0.04999999999999993,0.10000000000000009,True,0.6119177172915036,0.16119177172915036,2.4815162443410435,0.4352896909256925,0.41691319756023176,0.44178585408925986,0.4352896909256925,-0.006496163163567381
59.75677037016112,53.1062124248497,1.5939102251299435,0.03211954748320192,0.6500000000000001,0.7500000000000002,0.7000000000000002,0.050000000000000044,0.050000000000000044,True,0.6034345697984231,0.1603434569798423,2.4946449798090997,0.4205098402398268,0.4134770144497784,0.43006240055621087,0.4205098402398268,-0.009552560316384073
60.02892267874002,53.30661322645291,1.4097733255643936,0.030589178940650556,0.7000000000000002,0.7500000000000002,0.7500000000000002,0.050000000000000044,0.0,False,0.594864736758132,0.15948647367581323,2.5080496845963034,0.40569428416557435,0.4099968552131551,0.41142045259369137,0.4099968552131551,-0.0014235973805362678
60.30319123169676,53.50701402805611,1.2225228039155143,0.0290972022689,0.7500000000000002,0.7500000000000002,0.7500000000000002,0.0,0.0,False,0.5762150283612499,0.157621502836125,2.537724820552369,0.4006110819831677,0.40239183246019566,0.4079596693298043,0.40239183246019566,-0.0055678368696086555
60.57953765544878,53.70741482965932,1.0322417889998827,0.027643184150492113,0.7500000000000002,0.7500000000000002,0.7500000000000002,0.0,0.0,False,0.5580398018811514,0.15580398018811514,2.567328508020441,0.3955973957990316,0.39493757382874417,0.40342110766919453,0.3955973957990316,-0.007823711870162953
60.857919436460726,53.90781563126253,0.8390167007836462,0.026226475760107705,0.7500000000000002,0.7500000000000002,0.7500000000000002,0.0,0.0,False,0.5403309470013463,0.15403309470013463,2.596844533823746,0.39065356289060166,0.387632591961431,0.39999655325424366,0.39065356289060166,-0.009342990363642
61.138290011563605,54.10821643286573,0.6429371809445903,0.024846239125146163,0.7500000000000002,0.7500000000000002,0.7500000000000002,0.0,0.0,False,0.5230779890643271,0.15230779890643273,2.6262607881670728,0.38577924624395804,0.3804744140343922,0.393362850157569,0.38577924624395804,-0.007583603913610959
61.42059886458097,54.30861723446894,0.44409602019368366,0.023501471252392284,0.7500000000000002,0.8500000000000002,0.7500000000000002,0.0,0.09999999999999998,True,0.5062683906549036,0.15062683906549035,2.6555692364100256,0.38097347723477654,0.37345967650963535,0.3888334057170102,0.38097347723477654,-0.007859928482233658
61.70479162883064,54.50901803607215,0.24258908242562294,0.022191026023266253,0.7500000000000002,0.7500000000000002,0.7500000000000002,0.0,0.0,False,0.4898878252908282,0.14898878252908282,2.6847658810952395,0.3762346954429436,0.3665842118962196,0.3773860556002237,0.3762346954429436,-0.0011513601572801235
61.990810195104096,54.70941883767535,0.03851522577094135,0.020913633897521357,0.7500000000000002,0.7500000000000002,0.7500000000000002,0.0,0.0,False,0.47392042371901694,0.1473920423719017,2.7138507178746756,0.3715607853485014,0.3598431274461963,0.36766887263158393,0.3715607853485014,0.003891912716917467
62.27859282475666,54.90981963927856,-0.16802377937466328,0.019667919492005505,0.7500000000000002,0.8500000000000002,0.8000000000000002,0.04999999999999993,0.050000000000000044,True,0.46368295339607163,0.14636829533960716,2.7328322644730583,0.3560349039780836,0.3555002274342226,0.36378583090629624,0.3560349039780836,-0.007750926928212665
62.56807426757194,55.11022044088177,-0.37692333526506383,0.018452417123443834,0.8000000000000002,0.8500000000000002,0.8500000000000002,0.050000000000000044,0.0,False,0.4536076311664918,0.1453607631166492,2.751774216258123,0.34053410689961316,0.35120979776020234,0.3583661022137419,0.35120979776020234,-0.0071563044535395415
62.85918588409197,55.31062124248497,-0.5880761045807921,0.01726558441892342,0.8500000000000002,0.8500000000000002,0.8500000000000002,0.0,0.0,False,0.43758538965546623,0.14375853896554663,2.782443414341214,0.3357142531992059,0.3443527817474429,0.3536624218377021,0.3443527817474429,-0.009309640090259197
63.15185577213135,55.51102204408818,-0.801372100984322,0.01610581410550685,0.8500000000000002,0.8500000000000002,0.8500000000000002,0.0,0.0,False,0.4219284904243425,0.14219284904243426,2.8130809860953625,0.33094587910656814,0.3376103895832121,0.34974982798276455,0.3376103895832121,-0.012139438399552449
63.446008897217645,55.71142284569139,-1.0166987823659523,0.014971444098227312,0.8500000000000002,0.8500000000000002,0.8500000000000002,0.0,0.0,False,0.40661449532606875,0.1406614495326069,2.843707364947036,0.32622420494394355,0.3309744257496815,0.3405355756409837,0.3309744257496815,-0.00956114989130219
63.741567226723944,55.91182364729459,-1.2339411466905692,0.013860766005752558,0.8500000000000002,0.8500000000000002,0.8500000000000002,0.0,0.0,False,0.3916203410776596,0.13916203410776595,2.8743471778390592,0.3215440007494369,0.32443623988400383,0.33585062633649587,0.32443623988400383,-0.011414386452492042
64.03844986748038,56.1122244488978,-1.4529818303529964,0.012772032171402258,0.8500000000000002,0.8500000000000002,0.8500000000000002,0.0,0.0,False,0.3769224343139305,0.13769224343139305,2.905029288736262,0.31689959514410115,0.31798675336744553,0.33209077620671934,0.31798675336744553,-0.014104022839273811
64.33657320667056,56.31262525050101,-1.6737012089464796,0.011703461366144098,0.8500000000000002,0.9000000000000002,0.9000000000000002,0.050000000000000044,0.0,False,0.36584845912601743,0.13658484591260175,2.928582576839842,0.3008621524099827,0.31310019717803195,0.31984609900943006,0.31310019717803195,-0.006745901831398116
64.63585105583778,56.51302605210421,-1.895977500347401,0.010653243243662179,0.9000000000000002,0.9000000000000002,0.9000000000000002,0.0,0.0,False,0.3511454054112706,0.13511454054112707,2.9604511727458775,0.29611324310623843,0.3065749683718578,0.31126172198211305,0.3065749683718578,-0.004686753610255223
64.93619479784158,56.71342685370742,-2.119686870016255,0.009619541662161028,0.9000000000000002,0.9000000000000002,0.9000000000000002,0.0,0.0,False,0.33667358327025443,0.13366735832702545,2.9925032184849143,0.29137911281860385,0.3001095703530213,0.3090060050478259,0.3001095703530213,-0.008896434694804556
65.23751353662097,56.91382765531062,-2.344703538413045,0.008600496971624837,0.9000000000000002,0.9000000000000002,0.9000000000000002,0.0,0.0,False,0.32240695760274773,0.13224069576027478,3.0247874733290714,0.2866520237640726,0.29369292817778025,0.3032208347474628,0.29369292817778025,-0.009527906569682554
65.53971424963449,57.11422845691383,-2.5708998904231377,0.007594227358106342,0.9000000000000002,0.9000000000000002,0.9000000000000002,0.0,0.0,False,0.3083191830134888,0.13083191830134888,3.0573579077138393,0.2819237408101708,0.28731354553037747,0.30058828262847265,0.28731354553037747,-0.01327473709809518
65.84270194286024,57.31462925851704,-2.79814658668748,0.0065988293289507005,0.9000000000000002,0.9000000000000002,0.9000000000000002,0.0,0.0,False,0.2943836106053098,0.12943836106053097,3.090273986186697,0.2771855076227052,0.28095948913330193,0.2921946180747569,0.28095948913330193,-0.011235128941454953
66.14637980825091,57.51503006012024,-3.0263126767294115,0.005612377416980808,0.9000000000000002,0.9000000000000002,0.9000000000000002,0.0,0.0,False,0.28057328383773134,0.12805732838377312,3.12360100783335,0.27242801632627933,0.2746183661937161,0.28764436344107985,0.2746183661937161,-0.013025997247363752
66.45064938354963,57.71543086172345,-3.2552657137681407,0.004632923175002188,0.9000000000000002,0.9000000000000002,0.9000000000000002,0.0,0.0,False,0.2668609244500306,0.12668609244500306,3.1574105119206193,0.2676413701336165,0.2682772947103874,0.28194976745778183,0.2682772947103874,-0.013672472747394415
66.7554107143832,57.91583166332666,-3.484871871107709,0.0036584935247192724,0.9000000000000002,0.9000000000000002,0.9000000000000002,0.0,0.0,False,0.25321890934606983,0.125321890934607,3.1917807576708217,0.262815038283279,0.2619228663606119,0.2810756197450785,0.262815038283279,-0.018260581461799485
67.06056251855807,58.11623246492986,-3.7149960599883425,0.002687088519879924,0.9000000000000002,0.9000000000000002,0.9000000000000002,0.0,0.0,False,0.23961923927831896,0.1239619239278319,3.226797288438923,0.25793780249870335,0.25554110158338234,0.27914606493197247,0.25793780249870335,-0.02120826243326912
67.36600235249388,58.31663326653307,-3.945502048785867,0.001716678578390075,0.9000000000000002,0.9000000000000002,0.9000000000000002,0.0,0.0,False,0.22603350009746107,0.12260335000974612,3.2625535922811473,0.2529976940217277,0.24911739634581215,0.2776737988319478,0.2529976940217277,-0.02467610481022009
67.67162677973725,58.517034068136276,-4.176252583443176,0.000745201233450217,0.9000000000000002,0.9000000000000002,0.9000000000000002,0.0,0.0,False,0.21243281726830304,0.1212432817268303,3.2991518730186495,0.2479819200799752,0.24263645992739452,0.2760425967782206,0.2479819200799752,-0.028060676698245385
67.97733154150691,58.71743486973948,-4.407109509017084,0.00022944254925775232,0.9000000000000002,0.9000000000000002,0.9000000000000002,0.0,0.0,False,0.20521219568960855,0.12052121956896085,3.318917626543968,0.24528966710268388,0.23917474201196462,0.27464840815108804,0.24528966710268388,-0.029358741048404163
68.283011729228,58.91783567134269,-4.637933892222115,0.0012093924427198674,0.9000000000000002,0.9000000000000002,0.9000000000000002,0.0,0.0,False,0.21893149419807817,0.12189314941980783,3.281562597274227,0.2503874719649155,0.24573954838143497,0.2762839738051434,0.2503874719649155,-0.025896501840227903
68.58856195902094,59.118236472945895,-4.868586144852149,0.002196833174709304,0.9000000000000002,0.9000000000000002,0.9000000000000002,0.0,0.0,False,0.23275566444593027,0.12327556644459303,3.244763025930061,0.2554506571572437,0.25230197408353305,0.27807934332994916,0.2554506571572437,-0.02262868617270547
68.8938765481171,59.3186372745491,-5.098926147960071,0.0031939992452757067,0.9000000000000002,0.9000000000000002,0.9000000000000002,0.0,0.0,False,0.24671598943385992,0.124671598943386,3.2084292123472484,0.260491242510797,0.2588772709704038,0.2792011932693708,0.260491242510797,-0.01870995075857379
69.19884969317935,59.519038076152306,-5.328813376674387,0.004203179899909296,0.9000000000000002,0.9000000000000002,0.9000000000000002,0.0,0.0,False,0.26084451859873015,0.12608445185987302,3.172476812958267,0.2655208813459823,0.2654805924247168,0.2818386443682318,0.2655208813459823,-0.01631776302224952
69.50337565051207,59.719438877755515,-5.558107025531467,0.005226724311043208,0.9000000000000002,0.9000000000000002,0.9000000000000002,0.0,0.0,False,0.27517414035460497,0.12751741403546052,3.1368264720986776,0.270550902405313,0.2721270387698359,0.2862885491745606,0.2721270387698359,-0.014161510404724686
69.8073489181512,59.91983967935872,-5.786666134201439,0.006267046915367884,0.9000000000000002,0.9000000000000002,0.9000000000000002,0.0,0.0,False,0.28973865681515043,0.12897386568151506,3.101403512148347,0.27559234692903967,0.27883169967539967,0.29188432315777996,0.27883169967539967,-0.013052623482380288
70.11066441983013,60.120240480961925,-6.014349713485338,0.00732663284885692,0.9000000000000002,0.9000000000000002,0.9000000000000002,0.0,0.0,False,0.3045728598839969,0.1304572859883997,3.06613767847024,0.28065600111838696,0.28560969355984245,0.29314557056349777,0.28560969355984245,-0.007535877003655322
70.41321769082201,60.320641282565134,-6.241016871460816,0.008408043413318592,0.9000000000000002,0.9000000000000002,0.9000000000000002,0.0,0.0,False,0.3197126077864603,0.13197126077864604,3.0309629357176155,0.28575242416290336,0.29247620391847434,0.3029803547547113,0.29247620391847434,-0.010504150836236958
70.71490506566475,60.521042084168336,-6.466526939653566,0.00951392149707714,0.9000000000000002,0.9000000000000002,0.9000000000000002,0.0,0.0,False,0.33519490095908,0.133519490095908,2.995817312608647,0.29089197194128735,0.29944651242434256,0.3088607498500146,0.29944651242434256,-0.009414237425672045
71.01562386777806,60.721442885771545,-6.690739599111632,0.010646996860876067,0.9000000000000002,0.9000000000000002,0.9000000000000002,0.0,0.0,False,0.351057956052265,0.13510579560522648,2.960642792621446,0.2960848164525921,0.3065360285772747,0.3107808736564139,0.3065360285772747,-0.004244845079139192
71.31527260098615,60.92184368737475,-6.913515006259728,0.011810091183584318,0.9000000000000002,0.8500000000000002,0.8500000000000002,-0.050000000000000044,0.0,False,0.3639362309783883,0.13639362309783884,2.9326884271786606,0.312747926752319,0.31225397785300346,0.32033893650041584,0.312747926752319,-0.007591009748096844
71.61375114296209,61.122244488977955,-7.134713918410937,0.013006122743305149,0.8500000000000002,0.8500000000000002,0.8500000000000002,0.0,0.0,False,0.3800826570346195,0.13800826570346195,2.8983771222767127,0.31790302273873694,0.3193769157767131,0.3328601580211311,0.3193769157767131,-0.013483242244417992
71.91096094061218,61.322645290581164,-7.35419781881368,0.014238110588132962,0.8500000000000002,0.8500000000000002,0.8500000000000002,0.0,0.0,False,0.39671449293979505,0.1396714492939795,2.8638637461123695,0.323140521273807,0.3266621511910804,0.3361130861033403,0.3266621511910804,-0.0094509349122599
72.20680520741851,61.52304609218437,-7.571829041111776,0.015509178023309195,0.8500000000000002,0.8500000000000002,0.8500000000000002,0.0,0.0,False,0.41387390331467416,0.1413873903314674,2.829106606057608,0.3284696924119158,0.33412529064342406,0.34534381294519395,0.33412529064342406,-0.011218522301769895
72.50118912275808,61.723446893787575,-7.78747089309661,0.016822555211961177,0.8500000000000002,0.8500000000000002,0.8500000000000002,0.0,0.0,False,0.4316044953614759,0.1431604495361476,2.794067784056526,0.333899668276584,0.3417821495662555,0.35143135976939005,0.3417821495662555,-0.009649210203134528
72.79402003321395,61.92384769539078,-8.000987779630702,0.01818158065107947,0.8500000000000002,0.8500000000000002,0.8500000000000002,0.0,0.0,False,0.4499513387895729,0.1449951338789573,2.7587132705703223,0.3394394339970398,0.34964875004947316,0.3575399257126828,0.34964875004947316,-0.007891175663209626
73.08520765588918,62.12424849699399,-8.212245324622678,0.019589701243241768,0.8500000000000002,0.8500000000000002,0.8500000000000002,0.0,0.0,False,0.4689609667837639,0.14689609667837641,2.723013129993408,0.34509781336341194,0.35774131080040594,0.36064021034820143,0.35774131080040594,-0.002898899547795486
73.37466428372768,62.324649298597194,-8.421110491935064,0.02105047064004112,0.8500000000000002,0.7500000000000002,0.8500000000000002,0.0,0.09999999999999998,True,0.48868135364055515,0.14886813536405552,2.686941695224462,0.3508834488199336,0.3660762280876423,0.37296617083015693,0.3660762280876423,-0.006889942742514643
73.66230499283613,62.5250501002004,-8.627451705106843,0.022567545480836657,0.8500000000000002,0.7500000000000002,0.8500000000000002,0.0,0.09999999999999998,True,0.5091618639912948,0.1509161863991295,2.650477788658906,0.3568047753578517,0.374670046272801,0.3832524263369973,0.374670046272801,-0.008582380064196315
73.94804785178682,62.72545090180361,-8.831138965774056,0.02414467909284924,0.8500000000000002,0.8500000000000002,0.8500000000000002,0.0,0.0,False,0.5304531677534647,0.1530453167753465,2.6136049663457235,0.36286998781187785,0.3835394163273773,0.3912255052207336,0.3835394163273773,-0.007686088893356313
74.23181413286456,62.92585170340681,-9.032043970673097,0.025785712155991798,0.8500000000000002,0.7500000000000002,0.8000000000000002,-0.050000000000000044,0.04999999999999993,True,0.5432142580278935,0.15432142580278937,2.591992640809116,0.37896254499958815,0.38882485617469753,0.40095104835169076,0.38882485617469753,-0.012126192176993233
74.51352852519707,63.12625250501002,-9.23004022711263,0.027494559767639287,0.8000000000000002,0.7500000000000002,0.7500000000000002,-0.04999999999999993,0.0,False,0.5561819970954911,0.15561819970954913,2.570393442068942,0.395081506765033,0.3941731923084676,0.403162261550324,0.395081506765033,-0.008080754785290967
74.79311934968052,63.32665330661323,-9.425003166801492,0.02927519426903331,0.7500000000000002,0.7500000000000002,0.7500000000000002,0.0,0.0,False,0.5784399283629165,0.15784399283629166,2.534147754453102,0.4012207286004091,0.4033014099252471,0.4083870009226299,0.4033014099252471,-0.005085590997382816
75.07051877557609,63.52705410821643,-9.616810257921667,0.03113162311854846,0.7500000000000002,0.7500000000000002,0.7500000000000002,0.0,0.0,False,0.6016452889818558,0.16016452889818558,2.4974318767813726,0.40752741597921066,0.41275113847056977,0.41345098471726544,0.41275113847056977,-0.0006998462466956679
75.345663038611,63.72745490981964,-9.805341115337134,0.0330678610207854,0.7500000000000002,0.7500000000000002,0.7500000000000002,0.0,0.0,False,0.6258482627598175,0.16258482627598175,2.4602541895331287,0.41400752678382685,0.42253732750512324,0.4250736532815246,0.42253732750512324,-0.002536325776401338
75.61849266036499,63.92785571142285,-9.990477608831046,0.03508789544369789,0.7500000000000002,0.7500000000000002,0.7500000000000002,0.0,0.0,False,0.6510986930462237,0.16510986930462238,2.422629257019233,0.4206664324169802,0.43267443512555026,0.43817183985138297,0.43267443512555026,-0.005497404725832711
75.88895266866197,64.12825651302606,-10.172103969265844,0.037195644586354014,0.7500000000000002,0.7500000000000002,0.7500000000000002,0.0,0.0,False,0.6774455573294252,0.16774455573294256,2.384578135798454,0.42750882076155866,0.44317624668916944,0.44954253498394353,0.44317624668916944,-0.006366288294774092
76.15699281861247,64.32865731462925,-10.35010689256285,0.0393949068014936,0.7500000000000002,0.7500000000000002,0.7500000000000002,0.0,0.0,False,0.7049363350186701,0.17049363350186703,2.3461286605497778,0.4345385868710504,0.4540556620130622,0.4555990150956469,0.4540556620130622,-0.0015433530825846864
76.42256781386702,64.52905811623246,-10.524375641399942,0.04168930043545726,0.7500000000000002,0.7500000000000002,0.7500000000000002,0.0,0.0,False,0.7336162554432157,0.17336162554432158,2.307315697716137,0.4417587105089334,0.4653244476543996,0.4672846750787073,0.4653244476543996,-0.001960227424307681
76.68563752753954,64.72945891783567,-10.694802144528214,0.044082193035285114,0.7500000000000002,0.6000000000000002,0.7500000000000002,0.0,0.15000000000000002,True,0.7635274129410639,0.17635274129410639,2.2681813566646714,0.4491711196839831,0.4769929508652861,0.4773134161838504,0.4769929508652861,-0.0003204653185643336
76.94616722214442,64.92985971943888,-10.861281093610993,0.046576618896777534,0.7500000000000002,0.6500000000000001,0.7000000000000002,-0.050000000000000044,0.050000000000000044,True,0.7769194267613304,0.17769194267613306,2.25108687527297,0.4649524886484592,0.48219056021351625,0.4896204450791155,0.48219056021351625,-0.007429884865599257
77.20412776775771,65.13026052104209,-11.023710037490762,0.049175184002100684,0.7000000000000002,0.6000000000000002,0.6500000000000001,-0.050000000000000044,0.04999999999999993,True,0.7900146160241579,0.1790014616024158,2.2346186250056945,0.4806394857818895,0.48725750921125954,0.503557405987189,0.48725750921125954,-0.016299896775929468
77.45949585746177,65.3306613226453,-11.181989473792175,0.051879957538605734,0.6500000000000001,0.5000000000000001,0.6000000000000002,-0.04999999999999993,0.10000000000000009,True,0.8026795329246631,0.1802679532924663,2.2189190740466276,0.49620185207754175,0.49214374719052356,0.5124571626100253,0.49620185207754175,-0.016255310532483525
77.71225421896315,65.53106212424849,-11.336022937772114,0.054692349416950746,0.6000000000000002,0.45000000000000007,0.6000000000000002,0.0,0.15000000000000013,True,0.8336158435864581,0.1833615843586458,2.1814820230698957,0.5036024354595785,0.5040222586639561,0.5226129686906229,0.5040222586639561,-0.01859071002666679
77.96239182108344,65.7314629258517,-11.48571708833012,0.05761297353595525,0.6000000000000002,0.5500000000000002,0.5500000000000002,-0.050000000000000044,0.0,False,0.8454362221275302,0.18454362221275303,2.16750920570344,0.5189011074512864,0.5085401764661901,0.5291189671139579,0.5189011074512864,-0.010217859662671525
78.20990407361398,65.93186372745491,-11.630981791095557,0.06064149699763969,0.5500000000000002,0.45000000000000007,0.5000000000000001,-0.050000000000000044,0.050000000000000044,True,0.8564149699763969,0.1856414969976397,2.1546906616740205,0.5339865631003762,0.5127264493880961,0.5343995922072823,0.5339865631003762,-0.0004130291069061043
78.45479301879757,66.13226452905812,-11.77173019851079,0.06377647607297159,0.5000000000000001,0.45000000000000007,0.45000000000000007,-0.050000000000000044,0.0,False,0.8663765226932301,0.18663765226932302,2.1431902680751125,0.5488210545691916,0.5165167027423847,0.5489750509229956,0.5488210545691916,-0.0001539963538039757
78.69706751245513,66.33266533066133,-11.907878826832265,0.06701518047770574,0.45000000000000007,0.40000000000000013,0.40000000000000013,-0.04999999999999993,0.0,False,0.8751366242993518,0.18751366242993517,2.1331778965677275,0.5633651506235706,0.5198435072901505,0.5616606060718893,0.5633651506235706,0.0017045445516813418
78.93674339251601,66.53306613226454,-12.039347629974857,0.0703534084508372,0.40000000000000013,0.40000000000000013,0.40000000000000013,0.0,0.0,False,0.9051806760575348,0.19051806760575352,2.0995384061302556,0.5703144796046073,0.5312095580679324,0.5711759229137477,0.5703144796046073,-0.0008614433091403972
79.17384363244133,66.73346693386773,-12.166060070127523,0.07378529623540822,0.40000000000000013,0.45000000000000007,0.45000000000000007,0.04999999999999993,0.0,False,0.961460314236378,0.19614603142363782,2.039296931458566,0.5705895603955592,0.5523275386733895,0.5778175546321023,0.5705895603955592,-0.007227994236543078
79.40839847675659,66.93386773547094,-12.287943185071901,0.07730312683644992,0.45000000000000007,0.40000000000000013,0.40000000000000013,-0.04999999999999993,0.0,False,0.9677281415280493,0.19677281415280495,2.032801135269519,0.584493652867657,0.5546661060168037,0.5802135735389045,0.584493652867657,0.004280079328752517
79.64044555563929,67.13426853707415,-12.404927652138202,0.08089714434234016,0.40000000000000013,0.3500000000000001,0.3500000000000001,-0.050000000000000044,0.0,False,0.9721257269098915,0.19721257269098916,2.0282682515721597,0.5979766249087549,0.5563053334072899,0.5827247968042936,0.5979766249087549,0.015251828104461351
79.87002997525256,67.33466933867736,-12.516947848736656,0.08455538159597241,0.3500000000000001,0.1,0.30000000000000004,-0.050000000000000044,0.20000000000000004,True,0.9744430527677793,0.19744430527677795,2.025887753203512,0.6109938952970633,0.5571686233615125,0.6111702871379897,0.6109938952970633,-0.00017639184092643756
80.09720438028457,67.53507014028057,-12.623941909405639,0.08826351050875592,0.30000000000000004,0.1,0.3500000000000001,0.050000000000000044,0.2500000000000001,True,1.0347398393244254,0.20347398393244254,1.9658532863484313,0.611786482687769,0.5795122867282543,0.6174421138916883,0.611786482687769,-0.00565563120391932
80.32202898496436,67.73547094188378,-12.725851779321259,0.09200472571249856,0.3500000000000001,0.15000000000000002,0.3500000000000001,0.0,0.20000000000000007,True,1.066540168556238,0.20665401685562382,1.935602346793263,0.6186734837964212,0.5912080719635944,0.6199192231254892,0.6186734837964212,-0.0012457393290680185
80.54457156869174,67.93587174348697,-12.822623264216613,0.0957596734025266,0.3500000000000001,0.1,0.30000000000000004,-0.050000000000000044,0.20000000000000004,True,1.064077387220213,0.2064077387220213,1.9379118364292447,0.6306430326084695,0.5903043712827378,0.62474765637733,0.6306430326084695,0.00589537623113956
80.76490743236063,68.13627254509018,-12.914206076662554,0.0995064379624494,0.30000000000000004,0.1,0.30000000000000004,0.0,0.20000000000000004,True,1.0940515036995953,0.20940515036995955,1.9101726929510254,0.6370667565267314,0.6012800869979361,0.6304426573232447,0.6370667565267314,0.006624099203486722
80.98311931149162,68.33667334669339,-13.00055387866508,0.1032205990841321,0.30000000000000004,0.1,0.30000000000000004,0.0,0.20000000000000004,True,1.123764792673057,0.2123764792673057,1.8834477404465477,0.6433669617340012,0.61211199396295,0.6411617470855004,0.6433669617340012,0.002205214648500764
81.19929724243917,68.5370741482966,-13.08162432053853,0.10687537140725928,0.30000000000000004,0.15000000000000002,0.25000000000000006,-0.04999999999999999,0.10000000000000003,True,1.1140652855544446,0.21140652855544448,1.8920891551137415,0.6538175703348069,0.6085812241846782,0.6485924556490666,0.6538175703348069,0.005225114685740273
81.41353837822035,68.7374749498998,-13.157379076016973,0.11044183701467254,0.25000000000000006,0.1,0.25000000000000006,0.0,0.15000000000000005,True,1.140813777610044,0.21408137776100442,1.8684483638112184,0.659452605181191,0.6183062253582291,0.6546436275081159,0.659452605181191,0.004808977673075088
81.62594675094074,68.93787575150301,-13.227783873570242,0.11388927829217135,0.25000000000000006,0.1,0.20000000000000004,-0.05000000000000002,0.10000000000000003,True,1.1252249480451995,0.21252249480451996,1.8821537003314568,0.6686748776270242,0.6126430860432205,0.6597232671106887,0.6686748776270242,0.008951610516335418
81.83663297838098,69.13827655310621,-13.292808523894546,0.11718561463033404,0.20000000000000004,0.1,0.15000000000000002,-0.05000000000000002,0.05000000000000002,True,1.1062064950971713,0.21062064950971715,1.8991490194865517,0.6771519934745497,0.6057168556037185,0.6661470444219277,0.6771519934745497,0.011004949052621948
82.04571391305844,69.33867735470942,-13.352426943551492,0.12029794126033634,0.15000000000000002,0.1,0.1,-0.05000000000000002,0.0,False,1.0837876475620183,0.20837876475620185,1.91958139529232,0.6848749809201912,0.5975273541258523,0.6624702328072712,0.6848749809201912,0.022404748112919926
82.25331223299075,69.53907815631263,-13.406617174733048,0.12319316236074623,0.1,0.1,0.1,0.0,0.0,False,1.1011589741644774,0.21011589741644776,1.9037112608723925,0.6885797945622627,0.603875396562856,0.6671347485914719,0.6885797945622627,0.021445045970790777
82.45955597444883,69.73947895791584,-13.455361401133898,0.12583870378742193,0.1,0.1,0.1,0.0,0.0,False,1.1170322227245317,0.2117032222724532,1.889437466781761,0.6919451846865335,0.6096617603328706,0.6685813902396649,0.6919451846865335,0.023363794446868646
82.66457800817251,69.93987975951904,-13.498645959916294,0.12820328386138868,0.1,0.1,0.1,0.0,0.0,False,1.1312197031683322,0.21312197031683322,1.8768595251130071,0.6949374186417229,0.6148223548240062,0.6707628121777163,0.6949374186417229,0.0241746064640066
82.8685154617998,70.14028056112225,-13.536461349756568,0.13025771421434224,0.1,0.1,0.1,0.0,0.0,False,1.1435462852860532,0.21435462852860532,1.8660665400403078,0.6975253491179468,0.6192976125440138,0.6767313586934899,0.6975253491179468,0.020793990424456954
83.07150909258496,70.34068136272545,-13.568802234966089,0.13197569742466714,0.1,0.1,0.1,0.0,0.0,False,1.1538541845480026,0.21538541845480028,1.857135932736979,0.699681163825248,0.623034044439573,0.681549183679648,0.699681163825248,0.018131980145600024
83.27370261579998,70.54108216432866,-13.595667445683532,0.1333345847563801,0.1,0.1,0.1,0.0,0.0,False,1.1620075085382804,0.21620075085382806,1.8501323349724972,0.7013810884950106,0.6259857108635221,0.6833446403940268,0.7013810884950106,0.018036448100983815
83.47524199546788,70.74148296593187,-13.617059974138934,0.13431605630938653,0.1,0.1,0.1,0.0,0.0,False,1.1678963378563192,0.21678963378563193,1.8451066732993884,0.7026060111338128,0.6281155370911533,0.6851770453708389,0.7026060111338128,0.017428965762973925
83.67627470520593,70.94188376753507,-13.63298696699419,0.13490668767599798,0.1,0.1,0.1,0.0,0.0,False,1.171440126055988,0.2171440126055988,1.842095460981117,0.7033419973049506,0.6293964058892765,0.6872465783663377,0.7033419973049506,0.016095418938612882
83.87694896790097,71.14228456913828,-13.643459713768179,0.1350983718666552,0.1,0.1,0.1,0.0,0.0,False,1.1725902311999312,0.21725902311999312,1.8411203100139055,0.7035806703671075,0.629811968577443,0.6872465783663377,0.7035806703671075,0.01633409200076974
84.07741298364823,71.34268537074149,-13.648493631358745,0.1348885725945969,0.1,0.1,0.1,0.0,0.0,False,1.1713314355675815,0.21713314355675817,1.8421876708814877,0.7033194368735474,0.6293571298699113,0.6872465783663378,0.7033194368735474,0.01607285850720952
84.2778141558157,71.54308617234469,-13.648108244677612,0.1342803944472316,0.1,0.1,0.1,0.0,0.0,False,1.1676823666833895,0.21676823666833897,1.8452888031377512,0.7025615452832321,0.6280381795312691,0.6851770453708389,0.7025615452832321,0.017384499912393214
84.47829832522501,71.7434869739479,-13.64232716341796,0.13328246620620054,0.1,0.1,0.1,0.0,0.0,False,1.1616947972372031,0.21616947972372033,1.8503999755711487,0.701315975102485,0.6258725640082743,0.6832145358187283,0.701315975102485,0.018101439283756737
84.67900902225486,71.9438877755511,-13.631178054978387,0.13190864463408514,0.1,0.1,0.1,0.0,0.0,False,1.153451867804511,0.21534518678045111,1.857482890517578,0.69959716278698,0.6228883119157089,0.6811699487500664,0.69959716278698,0.01842721403691361
84.88008674618672,72.14428857715431,-13.614692613570599,0.13017755640284157,0.1,0.1,0.1,0.0,0.0,False,1.1430653384170495,0.21430653384170495,1.8664853228201403,0.6974245793755111,0.6191231466689981,0.6767313586934901,0.6974245793755111,0.020693220682020952
85.08166828034796,72.34468937875752,-13.59290652554209,0.12811200457102098,0.1,0.1,0.1,0.0,0.0,False,1.130672027426126,0.2130672027426126,1.8773419599599483,0.6948221821603213,0.614623335958892,0.6707628121777164,0.6948221821603213,0.02405936998260494
85.28388605060852,72.54509018036072,-13.565859430948555,0.12573827241036553,0.1,0.1,0.1,0.0,0.0,False,1.1164296344621931,0.21164296344621933,1.889975426003918,0.6918177681529496,0.6094423398339313,0.6685282852669124,0.6918177681529496,0.02328948288603716
85.48686753360593,72.74549098196393,-13.533594881414702,0.12308536102166995,0.1,0.1,0.1,0.0,0.0,False,1.1005121661300197,0.21005121661300197,1.904297468254894,0.6884422603450328,0.6036393261241585,0.6670609820440809,0.6884422603450328,0.021381278300951823
85.69073471976824,72.94589178356713,-13.496160294325644,0.12018419795982942,0.1,0.1,0.1,0.0,0.0,False,1.0831051877589766,0.20831051877589768,1.9202102819892817,0.6847289586938015,0.5972776236013544,0.6622682660087937,0.6847289586938015,0.02246069268500772
85.89560363484063,73.14629258517034,-13.453606903394656,0.11706685222051434,0.1,0.1,0.1,0.0,0.0,False,1.0644011133230862,0.20644011133230863,1.9376079455611035,0.680712786539815,0.5904231800103826,0.6595849022331012,0.680712786539815,0.021127884306713862
86.10158392225577,73.34669338677355,-13.405989705656685,0.11376578688174448,0.1,0.1,0.1,0.0,0.0,False,1.044594721290467,0.2044594721290467,1.9563779356112976,0.676429560139407,0.5831430847555212,0.6522916733812852,0.676429560139407,0.024137886758121785
86.30877848737724,73.54709418837676,-13.353367404940503,0.1103131750518623,0.1,0.1,0.1,0.0,0.0,False,1.0238790503111739,0.2023879050311174,1.9764026903608667,0.671915304634914,0.5755042056983911,0.6487579473876249,0.671915304634914,0.023157357247289068
86.51728320343312,73.74749498997996,-13.295802351875786,0.10674029823418658,0.1,0.15000000000000002,0.15000000000000002,0.05000000000000002,0.0,False,1.0383119385222128,0.20383119385222132,1.96240816942868,0.6625642103112855,0.5808290037883899,0.6471914235163105,0.6625642103112855,0.015372786794975002
86.72718667787971,73.94789579158316,-13.23336048049492,0.10307703942989922,0.15000000000000002,0.30000000000000004,0.1,-0.05000000000000002,0.20000000000000004,True,0.9804622365793955,0.19804622365793956,2.0197305084234776,0.6623352120568651,0.5594093661688463,0.6411033628482261,0.6623352120568651,0.021231849208638964
86.9385700770141,74.14829659318637,-13.166111241492546,0.09935147682877732,0.1,0.1,0.1,0.0,0.0,False,0.9581088609726639,0.1958108860972664,2.0427873443221407,0.6573372888348346,0.5510760231131042,0.6218680200169189,0.6573372888348346,0.03546926881791568
87.15150700590478,74.34869739478958,-13.094127532209265,0.09558957821159342,0.1,0.1,0.1,0.0,0.0,False,0.9355374692695605,0.19355374692695607,2.066609437175883,0.652243336816385,0.5426276298679552,0.617259664327345,0.652243336816385,0.034983672489039996
87.36606344013074,74.54909819639279,-13.017485623408952,0.09181499148299194,0.1,0.15000000000000002,0.15000000000000002,0.05000000000000002,0.0,False,0.9412974446394476,0.19412974446394476,2.060477651709324,0.6410478647606939,0.5447868588653303,0.6143809688972114,0.6410478647606939,0.026666895863482476
87.58229770540827,74.749498997996,-12.93626508292255,0.08804892320109214,0.15000000000000002,0.1,0.1,-0.05000000000000002,0.0,False,0.8902935392065529,0.1890293539206553,2.116073465330148,0.6418827103444857,0.5255859163388863,0.6076927973261277,0.6418827103444857,0.034189913018358054
87.80026050092656,74.9498997995992,-12.850548696233975,0.08431009457112383,0.1,0.1,0.1,0.0,0.0,False,0.8678605674267429,0.1867860567426743,2.1414874695441526,0.6366679220717857,0.5170807081100696,0.602851319773651,0.6366679220717857,0.03381660229813466
88.01999496209372,75.1503006012024,-12.760422384086986,0.08061476303730215,0.1,0.3500000000000001,0.1,0.0,0.2500000000000001,True,0.8456885782238129,0.1845688578223813,2.167212847927669,0.6314606862361707,0.5086365086235297,0.5960479235891984,0.6314606862361707,0.03541276264697224
88.24153675839099,75.35070140280561,-12.66597511719474,0.0769767971837667,0.1,0.40000000000000013,0.1,0.0,0.30000000000000016,True,0.8238607831026002,0.18238607831026005,2.1931498484196434,0.6262808260102946,0.5002852092637406,0.5923654484341135,0.6262808260102946,0.033915377576181016
88.46491422212786,75.55110220440882,-12.5672988281365,0.07340779295431393,0.1,0.45000000000000007,0.1,0.0,0.3500000000000001,True,0.8024467577258837,0.18024467577258838,2.2192056341496222,0.6211457413753593,0.49205406483112946,0.5887985001348099,0.6211457413753593,0.03234724124054933
88.69014850406063,75.75150300601203,-12.464488320528766,0.06991722003525096,0.1,0.40000000000000013,0.1,0.0,0.30000000000000016,True,0.7815033202115058,0.1781503320211506,2.245294720823258,0.6160704879561657,0.48396593701376067,0.5888769347612912,0.6160704879561657,0.027193553194874487
88.91725375206468,75.95190380761524,-12.357641175560953,0.066512588428499,0.1,0.40000000000000013,0.1,0.0,0.30000000000000016,True,0.7610755305709941,0.17610755305709944,2.271339264309168,0.6110678851157471,0.47603958457340023,0.5859302534262046,0.6110678851157471,0.025137631689542417
89.14623730931758,76.15230460921843,-12.246857655987903,0.0631996266185576,0.1,0.45000000000000007,0.15000000000000002,0.05000000000000002,0.30000000000000004,True,0.7552975730206244,0.17552975730206244,2.2788158893859536,0.5971432860814789,0.47379075859473707,0.589956622519236,0.5971432860814789,0.0071866635622429564
89.37709992874156,76.35270541082164,-12.132240607674445,0.05998246418230651,0.15000000000000002,0.5000000000000001,0.20000000000000004,0.05000000000000002,0.30000000000000004,True,0.7478772492761455,0.17478772492761455,2.288490225304171,0.5828074051893711,0.4708981794453009,0.5812006653564645,0.5828074051893711,0.0016067398329066007
89.60983600075639,76.55310621242485,-12.01389535878931,0.05686381310487102,0.20000000000000004,0.6000000000000002,0.25000000000000006,0.05000000000000002,0.35000000000000014,True,0.7389785982865327,0.17389785982865327,2.300200821298962,0.5680962412412118,0.46742251647382915,0.5738980283050418,0.5680962412412118,-0.005801787063829944
89.84443379169834,76.75350701402806,-11.891929616748214,0.05384514338174978,0.25000000000000006,0.5000000000000001,0.30000000000000004,0.04999999999999999,0.20000000000000007,True,0.7287611470539982,0.17287611470539985,2.313795637307355,0.553044368009473,0.4634224596766065,0.5598426608734345,0.553044368009473,-0.006798292863961497
90.08087569055708,76.95390781563127,-11.766453363007837,0.05092684966506004,0.30000000000000004,0.5000000000000001,0.3500000000000001,0.050000000000000044,0.15000000000000002,True,0.7173782221530104,0.17173782221530104,2.3291316661657415,0.5376847421642323,0.45895422269515274,0.5347072323624686,0.5376847421642323,0.0029775098017637003
90.31913846196677,77.15430861723448,-11.637578745814931,0.04810840672938707,0.3500000000000001,0.6000000000000002,0.40000000000000013,0.050000000000000044,0.20000000000000007,True,0.7049756605644837,0.1704975660564484,2.346074546703898,0.5220485652386735,0.45407116950505555,0.5104017761575136,0.5220485652386735,0.011646789081159903
90.55919350365404,77.35470941883767,-11.505419971016295,0.04538851238409842,0.40000000000000013,0.6000000000000002,0.45000000000000007,0.04999999999999993,0.15000000000000013,True,0.6916908676489351,0.1691690867648935,2.36449819319477,0.5061651904486489,0.44882354711708183,0.49964152534960266,0.5061651904486489,0.006523665099046283
90.801007106792,77.55511022044088,-11.37009319103778,0.042765217148470855,0.45000000000000007,0.7500000000000002,0.5000000000000001,0.050000000000000044,0.2500000000000001,True,0.6776521714847085,0.16776521714847084,2.384284458953153,0.49006206603956026,0.44325830752321305,0.4843407959582628,0.49006206603956026,0.005721270081297469
91.04454071793413,77.75551102204409,-11.231716392141742,0.0402360405464475,0.5000000000000001,0.7500000000000002,0.5500000000000002,0.050000000000000044,0.20000000000000007,True,0.6629784257376988,0.1662978425737699,2.405322846101023,0.47376470773118695,0.4374190033878099,0.4727741304176583,0.47376470773118695,0.00099057731352864
91.28975120140498,77.9559118236473,-11.09040928007444,0.03779807428892552,0.5500000000000002,0.7500000000000002,0.6000000000000002,0.050000000000000044,0.15000000000000002,True,0.6477788171781808,0.1647778817178181,2.427510269157359,0.45729669373915527,0.4313457434742709,0.4572123166687087,0.45729669373915527,8.437707044656184e-05
91.536591101205,78.15631262525051,-10.94629316421615,0.035448072908677394,0.6000000000000002,0.7500000000000002,0.6000000000000002,0.0,0.15000000000000002,True,0.6219288019954513,0.16219288019954514,2.4661994996813785,0.4504647173772729,0.42095724521851136,0.44995241994243884,0.4504647173772729,0.0005122974348340525
91.78500890164639,78.35671342685372,-10.799490840348554,0.03318253261517313,0.6000000000000002,0.7500000000000002,0.6500000000000001,0.04999999999999993,0.10000000000000009,True,0.6060991250744909,0.1606099125074491,2.4905063065858277,0.4337272481836722,0.41455725273635385,0.4406960420343907,0.4337272481836722,-0.006968793850718524
92.03494928607661,78.55711422845691,-10.650126472154795,0.030997759263793015,0.6500000000000001,0.7500000000000002,0.7000000000000002,0.050000000000000044,0.050000000000000044,True,0.5899731111655162,0.15899731111655163,2.5157658151010076,0.4168669060007307,0.4080063458322213,0.42484255841722074,0.4168669060007307,-0.007975652416490064
92.28635339316706,78.75751503006012,-10.498325471569373,0.028889926401728508,0.7000000000000002,0.7500000000000002,0.7500000000000002,0.050000000000000044,0.0,False,0.5736240800216064,0.15736240800216064,2.541903146236221,0.3999000187072115,0.4013318113668982,0.40719204101413553,0.4013318113668982,-0.005860229647237314
92.53915907034784,78.95791583166333,-10.344214378095801,0.02685512437323241,0.7500000000000002,0.7500000000000002,0.7500000000000002,0.0,0.0,False,0.5481890546654051,0.15481890546654054,2.5836637896038352,0.3928546256983851,0.3908793050049269,0.40241564298184473,0.3928546256983851,-0.00956101728345965
92.79330112405843,79.15831663326654,-10.187920737210998,0.024889401453468633,0.7500000000000002,0.7500000000000002,0.7500000000000002,0.0,0.0,False,0.523617518168358,0.1523617518168358,2.6253308013999908,0.3859325572999485,0.380698893014411,0.39355297539559814,0.3859325572999485,-0.007620418095649617
93.04871156655805,79.35871743486975,-10.029572977976308,0.022988797944168242,0.7500000000000002,0.7500000000000002,0.7500000000000002,0.0,0.0,False,0.49985997430210305,0.14998599743021032,2.6669156244810335,0.37912621276485664,0.37077459887975056,0.3833702103241939,0.37912621276485664,-0.0042439975593372425
93.30531985910156,79.55911823647295,-9.869300289975886,0.021149374109886196,0.7500000000000002,0.7500000000000002,0.7500000000000002,0.0,0.0,False,0.47686717637357745,0.14768671763735775,2.7084358458165023,0.372427487007533,0.36109013901832165,0.37016242147088774,0.372427487007533,0.002265065536645239
93.56305315133788,79.75951903807615,-9.707232499703515,0.019367232771457996,0.7500000000000002,0.8500000000000002,0.8000000000000002,0.04999999999999993,0.050000000000000044,True,0.459774026028954,0.1459774026028954,2.740150138772685,0.35487339966125053,0.35383760768563466,0.3630138213733738,0.35487339966125053,-0.008140421712123258
93.82183651682962,79.95991983967936,-9.543499946519912,0.017638537304517858,0.8000000000000002,0.8500000000000002,0.8500000000000002,0.050000000000000044,0.0,False,0.44262025361099117,0.1442620253610991,2.7727324567831957,0.33723527717960244,0.3465121329811059,0.3548953746672398,0.3465121329811059,-0.008383241686133913
94.0815931846252,80.16032064128257,-9.378233358302392,0.015959525720572,0.8500000000000002,0.9000000000000002,0.9000000000000002,0.050000000000000044,0.0,False,0.42543336008800803,0.14254333600880081,2.8061641547052294,0.3195184178083601,0.3391233596913924,0.34927893976639895,0.3391233596913924,-0.010155580075006554
94.34224476684139,80.36072144288578,-9.211563726909663,0.01432652144147593,0.9000000000000002,0.8500000000000002,0.8500000000000002,-0.050000000000000044,0.0,False,0.3979080394599251,0.1397908039459925,2.8614185533587606,0.32351361517576505,0.327182985915221,0.33611308610334023,0.327182985915221,-0.008930100188119239
94.60371148223324,80.56112224448898,-9.043622183584036,0.01273594131073993,0.8500000000000002,0.8500000000000002,0.8500000000000002,0.0,0.0,False,0.37643520769498906,0.1376435207694989,2.906057602739249,0.3167446541196476,0.3177722555347519,0.33209077620671934,0.3177722555347519,-0.014318520671967427
94.86591237574333,80.7615230460922,-8.874539874413959,0.011184301324328802,0.8500000000000002,0.9000000000000002,0.9000000000000002,0.050000000000000044,0.0,False,0.3585802185406033,0.13585802185406035,2.9442501410014854,0.29852214180111714,0.3098799335707599,0.31514455773208744,0.3098799335707599,-0.005264624161327558
95.12876553403156,80.96192384769539,-8.70444783597921,0.009668220507709805,0.9000000000000002,0.9000000000000002,0.9000000000000002,0.0,0.0,False,0.33735508710793727,0.13373550871079373,2.990978266400509,0.291603413304347,0.30041501020824884,0.30900600504782594,0.30041501020824884,-0.008590994839577093
95.39218829699281,81.1623246492986,-8.533476871301186,0.00818442331396215,0.9000000000000002,0.9000000000000002,0.9000000000000002,0.0,0.0,False,0.3165819263954701,0.131658192639547,3.03817021926708,0.2847043626668597,0.2910604552677441,0.30242265096978105,0.2910604552677441,-0.011362195702036948
95.65609746527252,81.3627254509018,-8.361757426220326,0.006729740872147787,0.9000000000000002,0.9000000000000002,0.9000000000000002,0.0,0.0,False,0.296216372210069,0.12962163722100692,3.0859045493924273,0.2778122015561718,0.28179768042774467,0.2925135504616946,0.28179768042774467,-0.010715870033949915
95.9204095037897,81.56312625250501,-8.189419466322057,0.005301111373933961,0.9000000000000002,0.9000000000000002,0.9000000000000002,0.0,0.0,False,0.27621555923507546,0.12762155592350755,3.1342667553727974,0.27091373346955694,0.2726081252200151,0.286381170189041,0.2726081252200151,-0.013773044969025927
96.18504074127459,81.76352705410822,-8.016592354532337,0.0038955798510879446,0.9000000000000002,0.9000000000000002,0.9000000000000002,0.0,0.0,False,0.25653811791523123,0.12565381179152313,3.1833495084387473,0.2639953337336404,0.2634732420797746,0.28141643885154505,0.2639953337336404,-0.017421105117904623
96.44990756582322,81.96392785571143,-7.843404729503094,0.0025102975655537495,0.9000000000000002,0.9000000000000002,0.9000000000000002,0.0,0.0,False,0.2371441659177525,0.12371441659177525,3.2332529305771525,0.25704292403019946,0.254374476330235,0.27872360005899255,0.25704292403019946,-0.02168067602879309
96.71492661646495,82.16432865731463,-7.669984384906964,0.0011425212054847447,0.9000000000000002,0.9000000000000002,0.9000000000000002,0.0,0.0,False,0.21799529687678645,0.12179952968767865,3.2840849305879085,0.25004194149046277,0.2452932417085982,0.27628397380514336,0.25004194149046277,-0.026242032314680586
96.98001497073118,82.36472945891784,-7.496458149759747,0.0002103879415538194,0.9000000000000002,0.9000000000000002,0.9000000000000002,0.0,0.0,False,0.20494543118175348,0.12049454311817537,3.319652406231367,0.2451898052789892,0.2390465658915803,0.2747323495766534,0.2451898052789892,-0.029542544297664175
97.24509032820384,82.56513026052104,-7.3229517698884266,0.001550964686316085,0.9000000000000002,0.9000000000000002,0.9000000000000002,0.0,0.0,False,0.2237135056084252,0.12237135056084253,3.2687389504712683,0.252147142581554,0.24801547982481023,0.2767274957646639,0.252147142581554,-0.02458035318310986
97.51007119001277,82.76553106212425,-7.149589790660588,0.0028816403731639958,0.9000000000000002,0.9000000000000002,0.9000000000000002,0.0,0.0,False,0.24234296522429596,0.1242342965224296,3.21972282370338,0.25891998162252694,0.2568230711293633,0.27921200289100784,0.25891998162252694,-0.020292021268480898
97.77487703423878,82.96593186372746,-6.9764954410906395,0.004204742933056126,0.9000000000000002,0.9000000000000002,0.9000000000000002,0.0,0.0,False,0.2608664010627858,0.12608664010627857,3.172421754301959,0.26552861664028327,0.2654907806838198,0.28183864436823186,0.26552861664028327,-0.016310027727948595
98.03942848716778,83.16633266533066,-6.803790519436265,0.005522496446122009,0.9000000000000002,0.9000000000000002,0.9000000000000002,0.0,0.0,False,0.2793149502457082,0.12793149502457082,3.12667338033668,0.2719914059199682,0.2740383567213842,0.2872143616500979,0.2740383567213842,-0.01317600492871368
98.30364749032778,83.36673346693387,-6.63159528039739,0.006837020116966768,0.9000000000000002,0.9000000000000002,0.9000000000000002,0.0,0.0,False,0.2977182816375348,0.1297718281637535,3.082333089237652,0.2783249589100434,0.2824839854275533,0.2925135504616945,0.2824839854275533,-0.010029565034141208
98.56745746322689,83.56713426853707,-6.460028324028094,0.008150326575597631,0.9000000000000002,0.9000000000000002,0.9000000000000002,0.0,0.0,False,0.3161045720583669,0.1316104572058367,3.0392721710130246,0.28454429464414255,0.29084439902968245,0.3024226509697811,0.29084439902968245,-0.01157825194009865
98.83078346169617,83.76753507014028,-6.289206486470254,0.009464319424478826,0.9000000000000002,0.9000000000000002,0.9000000000000002,0.0,0.0,False,0.3345004719427036,0.13345004719427037,2.9973762348521213,0.2906629757094664,0.2991349641707427,0.30878435543954125,0.2991349641707427,-0.009649391268798546
99.09355233172545,83.96793587174349,-6.119244732615886,0.01078078996041812,0.9000000000000002,0.9000000000000002,0.9000000000000002,0.0,0.0,False,0.35293105944585373,0.13529310594458538,2.956543847576652,0.29669322126315667,0.30736975285559753,0.3113437600674028,0.30736975285559753,-0.003974007211805242
99.35569285866467,84.1683366733467,-5.950256050803274,0.012101413007650795,0.9000000000000002,0.8500000000000002,0.8500000000000002,-0.050000000000000044,0.0,False,0.3678690756032858,0.1367869075603286,2.924256474060456,0.31401010193348156,0.31399360201556803,0.3232746404216504,0.31401010193348156,-0.009264538488168828
99.61713591164686,84.3687374749499,-5.782351349649791,0.013427741806802666,0.8500000000000002,0.8500000000000002,0.8500000000000002,0.0,0.0,False,0.385774514391836,0.13857745143918362,2.886472480521442,0.31970359320661856,0.32187594523822605,0.3345626542773875,0.32187594523822605,-0.01268670903916147
99.87781458307153,84.5691382765531,-5.615639357122182,0.014761201913868736,0.8500000000000002,0.8500000000000002,0.8500000000000002,0.0,0.0,False,0.40377622583722794,0.1403776225837228,2.849457004882922,0.325342675517708,0.32973994016129604,0.3386486080904481,0.32973994016129604,-0.00890866792915207
100.13766432296981,84.76953907815631,-5.450226521943057,0.01610308407126249,0.8500000000000002,0.8500000000000002,0.8500000000000002,0.0,0.0,False,0.4218916349620436,0.14218916349620436,2.8131539012160918,0.33093458497186445,0.33759446862062437,0.34974982798276455,0.33759446862062437,-0.012155359362140183
100.39662306805447,84.96993987975952,-5.28621691742975,0.017454536025377818,0.8500000000000002,0.8500000000000002,0.8500000000000002,0.0,0.0,False,0.4401362363426006,0.14401362363426004,2.777515001051902,0.33648560225363866,0.3454473186398913,0.35389904980202,0.3454473186398913,-0.008451731162128717
100.65463136523961,85.17034068136273,-5.1237121478592265,0.018816553279440238,0.8500000000000002,0.8500000000000002,0.8500000000000002,0.0,0.0,False,0.45852346927244325,0.14585234692724433,2.7424995786974375,0.3420010827669666,0.35330517935708017,0.3587416460037906,0.35330517935708017,-0.005436466646710436
100.91163248939576,85.37074148296594,-4.962811257450529,0.0201899687832647,0.8500000000000002,0.8000000000000002,0.8000000000000002,-0.050000000000000044,0.0,False,0.47046959418244116,0.1470469594182441,2.720219456305004,0.35804341013097096,0.35838107552052323,0.3642010209107084,0.35838107552052323,-0.005819945390185155
101.16757255508705,85.57114228456913,-4.803610642053297,0.021575441580240766,0.8000000000000002,0.7500000000000002,0.7500000000000002,-0.04999999999999993,0.0,False,0.4821930197530096,0.14821930197530095,2.6987038440287314,0.3739891496145539,0.36334052417204893,0.3741054725262767,0.3739891496145539,-0.0001163229117228104
101.42240062201846,85.77154308617234,-4.6462039636282935,0.022973444453867512,0.7500000000000002,0.7500000000000002,0.7500000000000002,0.0,0.0,False,0.49966805567334394,0.1499668055673344,2.667256920535004,0.379070760209633,0.3706940929658433,0.38299473175877535,0.379070760209633,-0.003923971549142369
101.67606879390145,85.97194388777555,-4.490682067603155,0.024384250638816232,0.7500000000000002,0.7500000000000002,0.7500000000000002,0.0,0.0,False,0.5173031329852029,0.1517303132985203,2.636256337341267,0.38413465488066617,0.3780691115866084,0.39207434838839783,0.38413465488066617,-0.00793969350773166
101.92853231042842,86.17234468937876,-4.337132903183569,0.025807919688860672,0.7500000000000002,0.7500000000000002,0.7500000000000002,0.0,0.0,False,0.5350989961107584,0.15350989961107586,2.6056951441790908,0.3891815410324307,0.3854662439562907,0.39868259952347124,0.3891815410324307,-0.009501058491040548
102.1797496320278,86.37274549098197,-4.185641446697228,0.027244282625037707,0.7500000000000002,0.7500000000000002,0.7500000000000002,0.0,0.0,False,0.5530535328129713,0.15530535328129713,2.5755712314404207,0.394211321624026,0.39288497065230654,0.40241564298184473,0.394211321624026,-0.008204321357818734
102.42968251705487,86.57314629258518,-4.036289628044932,0.02869292652177922,0.7500000000000002,0.7500000000000002,0.7500000000000002,0.0,0.0,False,0.5711615815222403,0.15711615815222402,2.5458870984641493,0.39922308975401893,0.40032354398201475,0.4069611785227637,0.40032354398201475,-0.006637634540748949
102.67829609105755,86.77354709418837,-3.889156260329856,0.03015317872670589,0.7500000000000002,0.7500000000000002,0.7500000000000002,0.0,0.0,False,0.5894147340838236,0.15894147340838238,2.516649628459431,0.4042151220543096,0.40777894123046454,0.4108583041561171,0.40777894123046454,-0.0030793629256525845
102.92555890774202,86.97394789579158,-3.744316972733136,0.03162409094971034,0.7500000000000002,0.7500000000000002,0.7500000000000002,0.0,0.0,False,0.6078011368713793,0.16078011368713796,2.4878698666575154,0.4091848715836513,0.41524681720258066,0.4174523325563598,0.41524681720258066,-0.0022055153537791083
103.17144300125139,87.17434869739479,-3.601844146700535,0.03310442350034681,0.7500000000000002,0.7500000000000002,0.7500000000000002,0.0,0.0,False,0.6263052937543352,0.16263052937543354,2.459562798794055,0.4141289609394316,0.4227214573162916,0.42523227252301077,0.4227214573162916,-0.0025108152067191414
103.41592392936144,87.374749498998,-3.461806855501576,0.0345926299979756,0.7500000000000002,0.7500000000000002,0.7500000000000002,0.0,0.0,False,0.644907874974695,0.1644907874974695,2.4317471275171174,0.41904317633887816,0.4301957326473778,0.43669498617167135,0.4301957326473778,-0.006499253524293536
103.65898080719114,87.57515030060121,-3.324270807219256,0.036086842923766585,0.7500000000000002,0.7500000000000002,0.7500000000000002,0.0,0.0,False,0.6635855365470823,0.16635855365470822,2.4044450448291053,0.4239224634503976,0.43766105846686465,0.44408037337109496,0.43766105846686465,-0.006419314904230311
103.90059633102393,87.77555110220442,-3.1892982912251333,0.037584860428014774,0.7500000000000002,0.7500000000000002,0.7500000000000002,0.0,0.0,False,0.6823107553501848,0.16823107553501848,2.3776819991663025,0.4287609257863065,0.44510735795174644,0.4505263905094042,0.44510735795174644,-0.005419032557657744
104.14075679183797,87.97595190380761,-3.056948128190827,0.03908413484895729,0.7500000000000002,0.7500000000000002,0.7500000000000002,0.0,0.0,False,0.7010516856119662,0.17010516856119662,2.351486456192523,0.43355182649808305,0.4525230328849902,0.45390831609821136,0.4525230328849902,-0.0013852832132211779
104.37945207815164,88.17635270541082,-2.9272756236836757,0.0405817634364528,0.7500000000000002,0.7500000000000002,0.7500000000000002,0.0,0.0,False,0.71977204295566,0.171977204295566,2.3258896528667026,0.4382875944349182,0.4598949432738263,0.4607778584381231,0.4598949432738263,-0.0008829151642967825
104.61667566780375,88.37675350701403,-2.800332525390691,0.04207448180368924,0.7500000000000002,0.7500000000000002,0.7500000000000002,0.0,0.0,False,0.7384310225461155,0.17384310225461155,2.30092534482132,0.44295983533428324,0.4672083979003865,0.46839229315272085,0.4672083979003865,-0.001183895252334366
104.85242460830882,88.57715430861724,-2.67616698401121,0.04355866065184642,0.7500000000000002,0.7500000000000002,0.7500000000000002,0.0,0.0,False,0.7569832581480804,0.17569832581480804,2.276629547521207,0.44755934901163846,0.4744471578755827,0.4746105516666132,0.4744471578755827,-0.00016339379103047502
105.0866994854553,88.77755511022045,-2.554823517855062,0.0450303063210956,0.7500000000000002,0.6000000000000002,0.7000000000000002,-0.050000000000000044,0.09999999999999998,True,0.7583636758531473,0.17583636758531473,2.2748422609783634,0.4603997922781462,0.4749844920769061,0.4813337153535446,0.4749844920769061,-0.006349223276638505
105.31950437985002,88.97795591182366,-2.4363429811794997,0.046485065714555525,0.7000000000000002,0.6500000000000001,0.6500000000000001,-0.050000000000000044,0.0,False,0.7590782557173885,0.17590782557173887,2.2739181653795826,0.47307592795827164,0.4752625768433042,0.4841262282187833,0.4752625768433042,-0.00886365137547912
105.55084681115717,89.17835671342685,-2.3207625362941147,0.04791823611847462,0.6500000000000001,0.6000000000000002,0.6000000000000002,-0.04999999999999993,0.0,False,0.7591005973032209,0.1759100597303221,2.273889285315563,0.4855814338419844,0.4752712705029371,0.4875280638096754,0.4855814338419844,-0.001946629967691016
105.78073766983279,89.37875751503006,-2.208115629459505,0.04932478039664676,0.6000000000000002,0.5500000000000002,0.5500000000000002,-0.050000000000000044,0.0,False,0.7584101941647912,0.17584101941647912,2.2747820805826926,0.4979112605043198,0.47500259649772564,0.49749167663051813,0.4979112605043198,0.0004195838738016433
106.00919113621856,89.57915831663327,-2.098431970601554,0.0506993479699751,0.5500000000000002,0.5000000000000001,0.5000000000000001,-0.050000000000000044,0.0,False,0.756993479699751,0.1756993479699751,2.276616302915109,0.5100618707882281,0.47445113730856225,0.5051526472011816,0.5100618707882281,0.004909223587046485
106.23622458693136,89.77955911823648,-1.9917375168593239,0.05203630190220742,0.5000000000000001,0.5000000000000001,0.5000000000000001,0.0,0.0,False,0.7703630190220742,0.17703630190220743,2.259423608051612,0.5133488368317605,0.47964795536191374,0.509591856526956,0.5133488368317605,0.003756980304804425
106.46185848856602,89.97995991983969,-1.888054459980801,0.05332975229701792,0.5000000000000001,0.5000000000000001,0.5000000000000001,0.0,0.0,False,0.7832975229701792,0.17832975229701795,2.243035695657661,0.5165073796926453,0.48466033860386815,0.5147863573828744,0.5165073796926453,0.001721022309770892
106.68611627882001,90.1803607214429,-1.7874012175770275,0.054573596072270365,0.5000000000000001,0.45000000000000007,0.45000000000000007,-0.050000000000000044,0.0,False,0.7789491626865686,0.17789491626865686,2.248518442179203,0.5279478580008622,0.48297692252549185,0.5204908027238987,0.5279478580008622,0.007457055276963498
106.90902423524787,90.38076152304609,-1.6897924282410233,0.05576156301801397,0.45000000000000007,0.6000000000000002,0.5000000000000001,0.050000000000000044,0.10000000000000009,True,0.8076156301801397,0.180761563018014,2.2128598210900488,0.5223901830119727,0.4940444138207484,0.5246978672571007,0.5223901830119727,-0.00230768424512795
107.13061133196076,90.5811623246493,-1.595238950534283,0.05688726786451822,0.5000000000000001,0.6000000000000002,0.45000000000000007,-0.050000000000000044,0.15000000000000013,True,0.8009290447129231,0.18009290447129234,2.2210758451272685,0.5332797361797538,0.4914692151326971,0.528605503047145,0.5332797361797538,0.004674233132608729
107.35090908469961,90.78156312625251,-1.5037478658397907,0.057944267893204636,0.45000000000000007,0.45000000000000007,0.45000000000000007,0.0,0.0,False,0.8109705449854441,0.1810970544985444,2.208760386012877,0.5356962055552658,0.49533506057804044,0.5295528781149949,0.5356962055552658,0.006143327440270907
107.56995138482988,90.98196392785572,-1.4153224850764148,0.05892612542438569,0.45000000000000007,0.5000000000000001,0.5000000000000001,0.050000000000000044,0.0,False,0.8392612542438568,0.1839261254243857,2.1747862033033747,0.5299410411101356,0.506181415685395,0.5297045143800823,0.5299410411101356,0.00023652673005336577
107.78777432292775,91.18236472945893,-1.3299623592659588,0.05982647431450323,0.5000000000000001,0.5000000000000001,0.5000000000000001,0.0,0.0,False,0.8482647431450322,0.18482647431450322,2.164192123901875,0.5320684882445903,0.5096196213925178,0.531301055129376,0.5320684882445903,0.0007674331152143221
108.00441600275114,91.38276553106213,-1.247663293940203,0.060639089403935253,0.5000000000000001,0.45000000000000007,0.45000000000000007,-0.050000000000000044,0.0,False,0.836571349337385,0.1836571349337385,2.1779714691962044,0.5418036763569835,0.5051529492209309,0.5330469355090124,0.5418036763569835,0.008756740847971067
108.21991634651177,91.58316633266533,-1.1684173673714073,0.06135795768486487,0.45000000000000007,0.45000000000000007,0.45000000000000007,0.0,0.0,False,0.8434005980062163,0.18434005980062163,2.1699027353719624,0.5434202570557821,0.507762930091169,0.5340801601818245,0.5434202570557821,0.009340096873957648
108.43431689248345,91.78356713426854,-1.0922129526059394,0.061977349812721794,0.45000000000000007,0.45000000000000007,0.45000000000000007,0.0,0.0,False,0.8492848232208572,0.18492848232208572,2.162998338478381,0.5448089551459226,0.5100087576715322,0.5369121678553632,0.5448089551459226,0.007896787290559426
108.64766058609491,91.98396793587175,-1.019034743277106,0.062491890474958976,0.45000000000000007,0.45000000000000007,0.45000000000000007,0.0,0.0,False,0.8541729595121104,0.18541729595121104,2.1572960491520288,0.5459596569674788,0.511872326110899,0.5390805755647483,0.5459596569674788,0.006879081402730525
108.85999156576034,92.18436873747495,-0.9488637831691684,0.06289662606975908,0.45000000000000007,0.45000000000000007,0.45000000000000007,0.0,0.0,False,0.8580179476627114,0.18580179476627115,2.1528317339624135,0.546862949633317,0.5133368838233519,0.5424619479517399,0.546862949633317,0.004401001681577199
109.07135494479357,92.38476953907816,-0.881677499501031,0.06318708813429574,0.45000000000000007,0.45000000000000007,0.45000000000000007,0.0,0.0,False,0.8607773372758096,0.18607773372758096,2.1496392501512442,0.547510210581874,0.5143872258589218,0.5463396131595651,0.547510210581874,0.00117059742230885
109.28179659083182,92.58517034068136,-0.8174497398944003,0.06335935100376561,0.45000000000000007,0.45000000000000007,0.45000000000000007,0.0,0.0,False,0.8624138345357732,0.18624138345357732,2.1477503688094344,0.5478936873339443,0.5150098675979404,0.546339613159565,0.5478936873339443,0.0015540741743792497
109.4913629042583,92.78557114228457,-0.7561508129873435,0.06341008228587738,0.45000000000000007,0.45000000000000007,0.45000000000000007,0.0,0.0,False,0.8628957817158351,0.18628957817158354,2.1471947272948184,0.5480065655904814,0.515193195573123,0.5469387717906699,0.5480065655904814,0.0010677937998115894
109.70010059715845,92.98597194388778,-0.6977475326507543,0.06333658488963073,0.45000000000000007,0.45000000000000007,0.45000000000000007,0.0,0.0,False,0.8621975564514921,0.18621975564514923,2.147999811374575,0.5478430240315902,0.5149275916949658,0.546339613159565,0.5478430240315902,0.0015034108720252126
109.90805647437155,93.18637274549098,-0.6422032657615593,0.06313682955301891,0.45000000000000007,0.45000000000000007,0.45000000000000007,0.0,0.0,False,0.8602998807536797,0.18602998807536797,2.1501909672646136,0.5473982744648369,0.5142055277783463,0.5462908465888779,0.5473982744648369,0.0011074278759589662
110.11527721820423,93.3867735470942,-0.5894779834829333,0.06280947706713634,0.45000000000000007,0.45000000000000007,0.45000000000000007,0.0,0.0,False,0.8571900321377952,0.18571900321377954,2.153791443407455,0.5466685863202204,0.513021628029521,0.5424852434507741,0.5466685863202204,0.004183342869446327
110.32180917835817,93.5871743486974,-0.5395283159983695,0.06235388967568976,0.45000000000000007,0.45000000000000007,0.45000000000000007,0.0,0.0,False,0.8528619519190528,0.18528619519190528,2.1588224615747036,0.5456512948680872,0.511372697993289,0.5389317560138844,0.5456512948680872,0.0067195388542027334
110.52769816858702,93.7875751503006,-0.49230761064301287,0.061770131434267427,0.45000000000000007,0.45000000000000007,0.45000000000000007,0.0,0.0,False,0.8473162486255406,0.18473162486255407,2.165303316622761,0.5443447929455805,0.5092577193706191,0.535505725580382,0.5443447929455805,0.00883906736519846
110.73298927154161,93.9879759519038,-0.4477659933721485,0.061058957629187616,0.45000000000000007,0.45000000000000007,0.45000000000000007,0.0,0.0,False,0.8405600974772824,0.18405600974772826,2.17325150397561,0.5427485063991051,0.5066778110570198,0.5333927110048365,0.5427485063991051,0.009355795394268562
110.93772665318527,94.18837675350701,-0.40585043350363836,0.06022179365994894,0.45000000000000007,0.5000000000000001,0.5000000000000001,0.050000000000000044,0.0,False,0.8522179365994894,0.18522179365994895,2.1595730831457396,0.5329997467713463,0.5111272127549006,0.5321242196362025,0.5329997467713463,0.0008755271351438276
111.141953388068,94.38877755511022,-0.36650481166770454,0.059260704080989,0.5000000000000001,0.5000000000000001,0.5000000000000001,0.0,0.0,False,0.8426070408098899,0.184260704080989,2.1708372492931867,0.5307326794614982,0.5074598428355586,0.5300162466917842,0.5307326794614982,0.0007164327697140038
111.34571129663753,94.58917835671343,-0.3296699908941414,0.05817835275645071,0.5000000000000001,0.5000000000000001,0.5000000000000001,0.0,0.0,False,0.831783527564507,0.1831783527564507,2.183664139243734,0.5281671914914409,0.5033209122963229,0.5296473088596886,0.5281671914914409,-0.0014801173682477131
111.54904079564184,94.78957915831664,-0.2952838907643791,0.05697795529659373,0.5000000000000001,0.5000000000000001,0.5000000000000001,0.0,0.0,False,0.8197795529659372,0.18197795529659372,2.198068438279058,0.5253062853793741,0.49871941810538944,0.5287633052694753,0.5253062853793741,-0.003457019890101276
111.75198076254388,94.98997995991984,-0.26328156455209006,0.05566322511710503,0.5000000000000001,0.6000000000000002,0.5000000000000001,0.0,0.10000000000000009,True,0.8066322511710503,0.18066322511710503,2.2140643163030105,0.5221536724796266,0.49366592434213563,0.5245960476055432,0.5221536724796266,-0.002442375125916607
111.95456841472642,95.19038076152304,-0.2335952792737408,0.05423831457702279,0.5000000000000001,0.45000000000000007,0.45000000000000007,-0.050000000000000044,0.0,False,0.7757639884817167,0.17757639884817167,2.2525515924106623,0.5271702674616293,0.4817427552561963,0.5199950022969795,0.5271702674616293,0.0071752651646498355
112.15683920411742,95.39078156312625,-0.20615459856703655,0.05270775271197739,0.45000000000000007,0.5000000000000001,0.5000000000000001,0.050000000000000044,0.0,False,0.7770775271197737,0.1777077527119774,2.250886603964354,0.5149910924357556,0.48225182478082484,0.5125138036550634,0.5149910924357556,0.0024772887806921995
112.35882672771665,95.59118236472946,-0.18088646831286814,0.05107638108910745,0.5000000000000001,0.5000000000000001,0.5000000000000001,0.0,0.0,False,0.7607638108910745,0.17607638108910748,2.27174137454342,0.5109911378462607,0.47591833911578424,0.5058732259176609,0.5109911378462607,0.005117911928599783
112.56056265435468,95.79158316633267,-0.15771530491315033,0.04934928926681877,0.5000000000000001,0.5500000000000002,0.5500000000000002,0.050000000000000044,0.0,False,0.7586675373015972,0.17586675373015973,2.274449215192418,0.49797469864420973,0.47510274805179975,0.497491676630518,0.49797469864420973,0.00048302201369171405
112.76207666786851,95.99198396793588,-0.13656308613491053,0.04753175125643839,0.5500000000000002,0.6000000000000002,0.6000000000000002,0.050000000000000044,0.0,False,0.7548492638208223,0.17548492638208224,2.279398055700138,0.4845325719690142,0.47361614453016165,0.48702914908004163,0.4845325719690142,-0.0024965771110274093
112.96339642673698,96.19238476953907,-0.1173494444276737,0.04562916426358801,0.6000000000000002,0.6000000000000002,0.6000000000000002,0.0,0.0,False,0.7339208068994681,0.17339208068994683,2.3069104333274884,0.4793347780037738,0.465443680044368,0.4817691387089418,0.4793347780037738,-0.002434360705168004
113.16454754008454,96.39278557114228,-0.09999176261947396,0.04364699083146283,0.6000000000000002,0.6000000000000002,0.6000000000000002,0.0,0.0,False,0.7121168991460912,0.17121168991460914,2.3362890711463553,0.4738569594941727,0.45688464362339765,0.4757639134084613,0.4738569594941727,-0.0019069539142885783
113.36555355983604,96.59318637274549,-0.08440527189403069,0.04159070533806161,0.6000000000000002,0.7500000000000002,0.6500000000000001,0.04999999999999993,0.10000000000000009,True,0.7027931113877086,0.17027931113877087,2.349081619633849,0.45899443980039933,0.4532102747840946,0.4698255619838235,0.45899443980039933,-0.010831122183424191
113.56643598868975,96.7935871743487,-0.07050315194937928,0.03946574562492558,0.6500000000000001,0.7500000000000002,0.7000000000000002,0.050000000000000044,0.050000000000000044,True,0.691588947499107,0.16915889474991072,2.3646406568887275,0.4436391355221173,0.4487832177566793,0.461781058860695,0.4487832177566793,-0.012997841104015695
113.76721430347013,96.99398797595191,-0.05819663323609614,0.03727747034091017,0.7000000000000002,0.7500000000000002,0.7500000000000002,0.050000000000000044,0.0,False,0.6784683792613772,0.16784683792613772,2.3831250260193944,0.4277723441248199,0.4435824361460458,0.4497580364494497,0.4435824361460458,-0.006175600303403916
113.96790599332834,97.19438877755512,-0.047395101171675336,0.03503112240604745,0.7500000000000002,0.7500000000000002,0.7500000000000002,0.0,0.0,False,0.6503890300755932,0.16503890300755933,2.423670981269663,0.42048065981565025,0.4323905146106206,0.43800945183651874,0.4323905146106206,-0.005618937225898124
114.16852661217557,97.39478957915831,-0.03800620222451867,0.03273179883725612,0.7500000000000002,0.7500000000000002,0.7500000000000002,0.0,0.0,False,0.6216474854657015,0.16216474854657015,2.4666273255135276,0.41288977374632646,0.4208437668406625,0.4248587236951174,0.4208437668406625,-0.00401495685445491
114.36908984466288,97.59519038076152,-0.029935951760486468,0.030384427011834525,0.7500000000000002,0.7500000000000002,0.7500000000000002,0.0,0.0,False,0.5923053376479316,0.15923053376479315,2.512081009480623,0.40500029002350296,0.40895574934890666,0.4112596713868704,0.40895574934890666,-0.002303922037963757
114.56960758496075,97.79559118236473,-0.023088843542163007,0.02799374730782762,0.7500000000000002,0.7500000000000002,0.7500000000000002,0.0,0.0,False,0.5624218413478452,0.15624218413478452,2.5601280615415254,0.3968117067948292,0.3967387305692403,0.4049450956877438,0.3968117067948292,-0.008133388892914595
114.7700900275409,97.99599198396794,-0.01736796076999947,0.02556430194502367,0.7500000000000002,0.7500000000000002,0.7500000000000002,0.0,0.0,False,0.532053774312796,0.1532053774312796,2.610874413852871,0.3883223253629132,0.3842035962139744,0.3983804469561959,0.3883223253629132,-0.010058121593282676
114.97054576912208,98.19639278557115,-0.012675088552398073,0.023100429747659464,0.7500000000000002,0.9000000000000002,0.7500000000000002,0.0,0.15000000000000002,True,0.5012553718457433,0.15012553718457433,2.6644367607372046,0.37952916634826034,0.37135977543969556,0.3847373938486554,0.37952916634826034,-0.005208227500395068
115.17098192090873,98.39679358717436,-0.008910827691063439,0.020606266465811977,0.7500000000000002,0.7500000000000002,0.7500000000000002,0.0,0.0,False,0.47007833082264977,0.14700783308226498,2.7209434464363653,0.3704278925465046,0.3582151866013775,0.36610003596768004,0.3704278925465046,0.004327856578824563
115.37140423022647,98.59719438877755,-0.0059747096660478505,0.01808575023741889,0.7500000000000002,0.8500000000000002,0.8000000000000002,0.04999999999999993,0.050000000000000044,True,0.44311475308644566,0.14431147530864458,2.7717823488707634,0.34988434488533426,0.34672398539723137,0.3589547492196216,0.34988434488533426,-0.009070404334287352
115.57181721063978,98.79759519038076,-0.00376531270383218,0.015542631725807374,0.8000000000000002,0.8500000000000002,0.8500000000000002,0.050000000000000044,0.0,False,0.4143255282983996,0.14143255282983996,2.82820321062328,0.3286089561769162,0.3343210038947182,0.34722319830783244,0.3343210038947182,-0.012902194413114243
115.77222427962352,98.99799599198397,-0.0021803788111901534,0.012980488431124319,0.8500000000000002,0.8500000000000002,0.8500000000000002,0.0,0.0,False,0.3797365938201783,0.13797365938201783,2.8991040883571157,0.3177932714447761,0.3192247775722353,0.3325595690389845,0.3192247775722353,-0.013334791466749207
115.9726279028519,99.19839679358718,-0.0011169316558446996,0.010402742662764359,0.8500000000000002,0.9000000000000002,0.9000000000000002,0.050000000000000044,0.0,False,0.34763839727870105,0.1347638397278701,2.9681552618842253,0.2949715342222904,0.30501213529316873,0.31008745790747694,0.30501213529316873,-0.005075322614308209
116.17302974416219,99.39879759519039,-0.00047139517476690873,0.007812682645989858,0.9000000000000002,0.9000000000000002,0.9000000000000002,0.0,0.0,False,0.31137755704385806,0.1311377557043858,3.050227585880687,0.28295542717462085,0.28870218930431324,0.3009607892627341,0.28870218930431324,-0.01225859995842088
116.37343082024816,99.5991983967936,-0.00013971278983881952,0.005213486230965637,0.9000000000000002,0.9000000000000002,0.9000000000000002,0.0,0.0,False,0.27498880723351893,0.1274988807233519,3.137282443035114,0.27048629386556333,0.27204139620730705,0.2861026880904232,0.27204139620730705,-0.014061291883116167
116.57383165913664,99.79959919839679,-1.7467110224628213e-05,0.0026082466788432297,0.9000000000000002,0.9000000000000002,0.9000000000000002,0.0,0.0,False,0.23851545350380524,0.12385154535038052,3.229673064380307,0.25753900066723046,0.2550210316399041,0.2787743702482839,0.25753900066723046,-0.02123536958105343
116.77423246150107,100.0,7.105427357601002e-15,0.001304498412874602,0.9000000000000002,0.9000000000000002,0.9000000000000002,0.0,0.0,False,0.22026297778024445,0.12202629777802446,3.2779819373659262,0.25087831085118073,0.24637388039687166,0.2762839738051434,0.25087831085118073,-0.025405662953962682
