position,x,y,curvature,stiffness,resistance,push_force,velocity,buckling_risk,kickback_score,predicted_risk,simulated_combined_risk,prediction_error
0.0,0.0,0.0,0.0004350276026843783,0.9000000000000002,0.20809038643758132,0.12080903864375814,3.3110105377091905,0.2463652961421233,0.24055637721142983,0.27535574350139974,0.2463652961421233,-0.028990447359276444
0.32181861784442767,0.20040080160320642,0.2518069528589115,0.0008703238548921287,0.9000000000000002,0.21418453396848983,0.12141845339684898,3.294392152176604,0.24863195788034576,0.24347405512924664,0.2761104564982434,0.24863195788034576,-0.02747849861789764
0.6435240245928022,0.40080160320641284,0.5034692016129299,0.0017426417331909176,0.9000000000000002,0.22639698426467286,0.1226396984264673,3.2615866243330114,0.2531307682728179,0.24928990612746094,0.27767379883194776,0.2531307682728179,-0.024543030559129875
0.9650031840671001,0.6012024048096193,0.7548421689206603,0.0026189526369758483,0.9000000000000002,0.2386653369176619,0.1238665336917662,3.229282261142255,0.25759318040574086,0.25509167089488816,0.278857458259044,0.25759318040574086,-0.02126427785330315
1.2861434098969853,0.8016032064128257,1.0057815308447355,0.0035012654961931442,0.9000000000000002,0.25101771694670405,0.1251017716946704,3.1973967641022694,0.262030145400612,0.26089316496884196,0.27974604318945856,0.262030145400612,-0.01771589778884658
1.6068325403525103,1.0020040080160322,1.2561433432465334,0.004391604057782346,0.9000000000000002,0.2634824568089529,0.12634824568089528,3.1658532165950186,0.2664521711224629,0.26670793147890515,0.28194976745778183,0.26670793147890515,-0.015241835978876683
1.9269591130908106,1.2024048096192386,1.5057841678124735,0.005292011681839675,0.9000000000000002,0.2760881635457555,0.12760881635457555,3.1345796585758987,0.27086936834737624,0.272549288432281,0.28638117018904113,0.272549288432281,-0.013831881756760145
2.246412539787042,1.402805611222445,1.7545611975896553,0.006204556008494831,0.9000000000000002,0.28886378411892766,0.12888637841189277,3.103508725504624,0.2752914910675357,0.2784303714259637,0.2918323064665324,0.2784303714259637,-0.013401935040568691
2.5650832806188,1.6032064128256514,2.0023323819090875,0.007131333454495899,0.9000000000000002,0.30183866836294265,0.13018386683629427,3.0725773455707728,0.2797279713776163,0.28436417198040065,0.29310827314624033,0.28436417198040065,-0.00874410116583968
2.8828630185718835,1.8036072144288577,2.248956550575345,0.008074473492479438,0.9000000000000002,0.3150426288947122,0.13150426288947123,3.0417264901609946,0.2841879492968745,0.29036357160747417,0.30218128358187796,0.29036357160747417,-0.011817711974403788
3.1996448335334975,2.0040080160320644,2.4942935372022426,0.00903614265859274,0.9000000000000002,0.3285059972202984,0.13285059972202984,3.010900973250709,0.2886802978032694,0.29644137164808937,0.3064251904418408,0.29644137164808937,-0.009983818793751431
3.5153233761366898,2.2044088176352705,2.7382043015749282,0.010018548225286411,0.9000000000000002,0.3422596751540098,0.134225967515401,2.9800492960060376,0.293213643286673,0.3026103188387757,0.3092901532378468,0.3026103188387757,-0.006679834399071105
3.8297950413169217,2.404809619238477,2.9805510509197877,0.011023941465677508,0.9000000000000002,0.35633518051948515,0.13563351805194854,2.9491235333643515,0.2977963815665505,0.30888312649156935,0.3134884745367503,0.30888312649156935,-0.004605348045180924
4.142958141538035,2.6052104208416833,3.2211973599645995,0.012054620423837906,0.8500000000000002,0.36723737572181175,0.13672373757218118,2.9256075580059844,0.31380765543738454,0.3137143851388513,0.3230738548486046,0.31380765543738454,-0.009266199411220088
4.454713079640408,2.80561122244489,3.4600082896726154,0.013112932091463147,0.8500000000000002,0.3815245832347525,0.13815245832347525,2.8953520252489846,0.31835997555534745,0.3200105782526539,0.33374919803379016,0.3200105782526539,-0.013738619781136274
4.764962521258541,3.006012024048096,3.6968505045354974,0.014201273875573087,0.8500000000000002,0.3962171973202367,0.13962171973202367,2.8648837785963464,0.3229849623488512,0.32644506634480136,0.33585062633649587,0.32644506634480136,-0.009405559991694512
5.0736115667486015,3.2064128256513027,3.9315923883115236,0.015322094224160013,0.8500000000000002,0.4113482720261602,0.14113482720261603,2.8341693395475795,0.32768995239307475,0.33303013348634236,0.3431150913541677,0.33303013348634236,-0.010084957867825317
5.3805679225582885,3.4068136272545093,4.1641041580969596,0.016477892256804138,0.9000000000000002,0.432690491595258,0.14326904915952582,2.7919498478321856,0.32172978719405143,0.3422493694190263,0.3507545486312639,0.3422493694190263,-0.00850517921223759
5.685742071961579,3.6072144288577155,4.394257976620169,0.01767121622531979,0.8500000000000002,0.44306141904181723,0.14430614190418173,2.7718847910548203,0.33736826998827885,0.34670113809696745,0.354951734476933,0.34670113809696745,-0.008250596379965558
5.989047445069183,3.807615230460922,4.62192806264979,0.01890466060545697,0.8500000000000002,0.4597129181736691,0.14597129181736693,2.740264849477821,0.3423552147605132,0.3538115966778509,0.3591035044781916,0.3538115966778509,-0.005291907800340723
6.2904005880115825,4.008016032064129,4.846990799410132,0.02018086159459686,0.8000000000000002,0.4703512007297593,0.14703512007297592,2.720438489807561,0.35800845890580624,0.35833088127870316,0.36406396324952306,0.35833088127870316,-0.005733081970819898
6.589721331175119,4.208416833667335,5.069324840898979,0.021502490762563994,0.7500000000000002,0.48128113453204996,0.148128113453205,2.7003651817003904,0.37372219787215577,0.36295552595777436,0.37396703450945395,0.37372219787215577,-0.0002448366372981847
6.886932956352167,4.408817635270541,5.2888112160049845,0.02287224657328858,0.7500000000000002,0.49840308216610724,0.14984030821661073,2.669508657321739,0.37870507010649546,0.37016332591860773,0.3827928640866337,0.37870507010649546,-0.004087793980138255
7.1819623626438895,4.609218436873747,5.505333430324066,0.024292843464859413,0.7500000000000002,0.5161605433107427,0.15161605433107428,2.638243039398358,0.3838084731607427,0.37759264422508165,0.3920743483883978,0.3838084731607427,-0.008265875227655095
7.4747402309277735,4.809619238476954,5.718777565576472,0.02576699814493703,0.7500000000000002,0.5345874768117129,0.1534587476811713,2.6065636924852753,0.38903734048243344,0.3852542412366151,0.3984044347697107,0.38903734048243344,-0.009367094287277278
7.765201186671722,5.01002004008016,5.929032376528518,0.027297412728688287,0.7500000000000002,0.5537176591086036,0.15537176591086035,2.5744703206211055,0.39439620149346705,0.39315854985300036,0.40253526302873716,0.39439620149346705,-0.008139061535270109
8.053283960841611,5.210420841683367,6.1359893853255425,0.02888675431882677,0.7500000000000002,0.5735844289853347,0.15735844289853348,2.541967196878814,0.3998891274711484,0.4013155824655523,0.4071920410141355,0.4013155824655523,-0.005876458548583152
8.338931548609146,5.410821643286574,6.339542973145074,0.03053763060340025,0.7500000000000002,0.5942203825425032,0.15942203825425033,2.5090633916125813,0.4055196709062329,0.40973482264148553,0.4112596713868704,0.40973482264148553,-0.001524848745384888
8.622091365521472,5.61122244488978,6.539590469081949,0.03225256102917303,0.7500000000000002,0.615657012864663,0.1615657012864663,2.4757729939894513,0.4112907980745447,0.4184251001755971,0.42052314802563917,0.4184251001755971,-0.002098047850042084
8.902715400742501,5.811623246492986,6.736032236179797,0.034033943099151996,0.7500000000000002,0.6379242887394,0.16379242887394,2.442115320897116,0.4172048145867556,0.42739444813857863,0.4356860725457029,0.42739444813857863,-0.008291624407124276
9.180760366918083,6.012024048096192,6.928771754526121,0.035884013345730645,0.7500000000000002,0.6610501668216331,0.16610501668216332,2.408115106874751,0.42326328372467703,0.4366499405903317,0.442791160768094,0.4366499405903317,-0.006141220177762308
9.456187846152583,6.212424849699399,7.117715701331153,0.03780480254971089,0.7500000000000002,0.6850600318713862,0.16850600318713863,2.37380266835817,0.42946693743484493,0.4461975097212918,0.4509117473040906,0.4461975097212918,-0.004714237582798819
9.728964431512635,6.412825651302605,7.302774027913564,0.03979808481439638,0.7500000000000002,0.7099760601799548,0.17099760601799552,2.3392140353000306,0.4358155799352413,0.4560417413492342,0.4574639257156041,0.4560417413492342,-0.0014221843663699274
9.99906186339496,6.613226452905812,7.483860033519242,0.04186532016921909,0.7500000000000002,0.7358165021152387,0.17358165021152389,2.304391043134838,0.4423079840077335,0.4661856479562713,0.4680641640249378,0.4661856479562713,-0.0018785160686664581
10.266457160008711,6.813627254509019,7.660890435902413,0.04400759047356328,0.6000000000000002,0.716083495209196,0.17160834952091963,2.33088891721576,0.47485835243818053,0.45844518703018383,0.47606098579732675,0.47485835243818053,-0.0012026333591462213
10.531132741129372,7.014028056112225,7.8337854386016,0.0462255285252446,0.6500000000000001,0.7560935780403129,0.1756093578040313,2.277782943927021,0.4723398028117607,0.47410075256699097,0.48356889372338124,0.47410075256699097,-0.009468141156390275
10.793076544181,7.214428857715431,8.0024687948462,0.04851924045635748,0.6000000000000002,0.7657116450199323,0.17657116450199323,2.2653755562419966,0.48720785816481627,0.47784178494935436,0.48956123125214857,0.48720785816481627,-0.0023533730873323
11.05228213159724,7.414829659318637,8.166867868032732,0.05088822172674431,0.5000000000000001,0.7588822172674431,0.17588822172674431,2.274171607814822,0.5105276132851955,0.4751862915023686,0.5056310047815591,0.5105276132851955,0.004896608503636379
11.308748788300417,7.615230460921844,8.32691368871324,0.05333126730856778,0.5000000000000001,0.7833126730856778,0.1783312673085678,2.2430166399696883,0.5165110670807427,0.48466620086997847,0.5147863573828744,0.5165110670807427,0.0017247096978683096
11.562481608023429,7.81563126252505,8.482541008041766,0.05584637699790292,0.6000000000000002,0.8463101469769322,0.18463101469769325,2.166483245812967,0.5066074022549564,0.5088737591212438,0.5239983286443769,0.5088737591212438,-0.015124569523133125
11.813491567083402,8.016032064128257,8.63368834762828,0.058430657191734056,0.45000000000000007,0.8155912433214736,0.18155912433214738,2.203139068176123,0.5368041639774523,0.49711110826311344,0.5295980462520289,0.5368041639774523,0.007206117725423455
12.061795584101722,8.216432865731463,8.780298045753018,0.06108022093021936,0.45000000000000007,0.8407620988370839,0.1840762098837084,2.17301301592804,0.5427963076179076,0.5067550003125983,0.5333927110048364,0.5427963076179076,0.009403596613071219
12.30741656405567,8.41683366733467,8.92231629989779,0.06379008851769166,0.45000000000000007,0.8665058409180708,0.1866505840918071,2.143041780159946,0.5488512896917475,0.5165658563564086,0.5491438547425811,0.5488512896917475,-0.0002925650508336375
12.550383424946192,8.617234468937877,9.059693205554407,0.06655409158845686,0.40000000000000013,0.8709868242961117,0.18709868242961117,2.137909229534446,0.5623978523218842,0.5182682773120648,0.5601126077538339,0.5623978523218842,0.0022852445680503486
12.790731105279628,8.817635270541082,9.192382791274072,0.06936478405600745,0.40000000000000013,0.896283056504067,0.18962830565040673,2.1093897275938778,0.5682661397027446,0.5278504177808034,0.5681525855969544,0.5682661397027446,0.00011355410579028113
13.028500550493481,9.01803607214429,9.320343049925327,0.07221336394904507,0.45000000000000007,0.9465269575159283,0.19465269575159283,2.0549420004460783,0.5672295026297586,0.5467452702061979,0.5741433600032237,0.5672295026297586,-0.006913857373465171
13.263738676414128,9.218436873747494,9.443535966131783,0.0750896106573431,0.45000000000000007,0.9738513012447594,0.19738513012447595,2.0264951050150035,0.5733618518104885,0.5569482071536964,0.5786654944814117,0.5733618518104885,-0.005303642670923203
13.496498307824265,9.418837675350701,9.561927539864776,0.07798184253986776,0.40000000000000013,0.9738365828588099,0.197383658285881,2.0265102160618547,0.585858567142429,0.5569427245442672,0.5803466425009487,0.585858567142429,0.005511924641480315
13.726838090246797,9.619238476953909,9.675487806169727,0.08087690013301495,0.3500000000000001,0.9719536511306273,0.19719536511306274,2.028445241452092,0.5979381948570256,0.5562412148411877,0.5827247968042933,0.5979381948570256,0.015213398052732252
13.954822373127264,9.819639278557114,9.78419085100893,0.08376016027989071,0.1,0.8645609616793443,0.18645609616793443,2.1452771361239598,0.635896378813066,0.5158264755100503,0.6022461471625178,0.635896378813066,0.03365023165054826
14.180521062725244,10.02004008016032,9.888014823207248,0.08661558632109638,0.1,0.8816935179265782,0.18816935179265784,2.1257446879062245,0.6398898088650825,0.5223297916998892,0.6058965124929675,0.6398898088650825,0.03399329637211501
14.40400944321291,10.220440881763528,9.986941942491052,0.08942581898505694,0.1,0.8985549139103418,0.1898554913910342,2.106865580075024,0.643789916931481,0.5287086663676664,0.612088347395474,0.643789916931481,0.031701569536007
14.62536796473106,10.420841683366733,10.080958503614578,0.0921723117462957,0.15000000000000002,0.9436200263509221,0.1943620026350922,2.058015427794217,0.6415729869147956,0.5456568772210624,0.6145016554957612,0.6415729869147956,0.027071331419034395
14.844681997472568,10.62124248496994,10.170054876571815,0.09483551315270597,0.1,0.931013078916236,0.1931013078916236,2.0714515316721545,0.6512164015008514,0.5409299786029965,0.6163023009055429,0.6512164015008514,0.03491410059530842
15.062041551251488,10.821643286573147,10.254225502895746,0.0973950969540372,0.1,0.9463705817242233,0.19463705817242236,2.05510709910984,0.6546942063911189,0.546686735670604,0.618605202965999,0.6546942063911189,0.03608900342511989
15.277540960471189,11.022044088176353,10.333468888050803,0.09983023882636358,0.1,0.9609814329581815,0.19609814329581818,2.03979493776538,0.6579821340066201,0.5521487582184365,0.6218680200169189,0.6579821340066201,0.03611411398970121
15.49127853492156,11.22244488977956,10.40778758992806,0.10211993615075403,0.1,0.9747196169045241,0.19747196169045245,2.025604022848676,0.6610555969213441,0.5572716304508527,0.6388131188390391,0.6610555969213441,0.02224247808230495
15.70335617740506,11.422845691382767,10.477188203456695,0.10424336478221252,0.1,0.9874601886932751,0.19874601886932752,2.0126189308123648,0.6638905353796881,0.5620115416713205,0.6427350088552023,0.6638905353796881,0.021155526524485824
15.913878969801512,11.623246492985972,10.54168134134897,0.10618026419010693,0.15000000000000002,1.0346717172356952,0.20346717172356954,1.9659191043528141,0.6617716406672215,0.5794871687922886,0.6468797815885433,0.6617716406672215,0.014891859078678182
16.122954729816065,11.823647294589179,10.601281610999827,0.10791133994879695,0.25000000000000006,1.1218350496159772,0.2121835049615977,1.8851606776520846,0.6554597806542395,0.6114099312783376,0.6483207662084373,0.6554597806542395,0.0071390144458022275
16.330693541294153,12.024048096192384,10.656007587565998,0.10941867051158928,0.1,1.018512023069536,0.2018512023069536,1.9816577529804507,0.6707398830234821,0.5735209308851621,0.648757947387625,0.6707398830234821,0.02198193563585704
16.537207261609925,12.224448897795591,10.70588178325328,0.1106861037142613,0.1,1.0261166222855675,0.20261166222855675,1.9742200207053169,0.6724046311596938,0.576330540577301,0.6490206960551935,0.6724046311596938,0.02338393510450032
16.74260901021672,12.424849699398798,10.750930612844307,0.11169962770811286,0.1,1.032197766248677,0.2032197766248677,1.9683123692158049,0.6737323698601073,0.578574788184021,0.6491573539438238,0.6737323698601073,0.024575015916283527
16.947012642966335,12.625250501002004,10.791184355502985,0.11244770115229283,0.1,1.0366862069137572,0.20366862069137573,1.9639746105323228,0.6747103825002561,0.5802298339734717,0.6491573539438239,0.6747103825002561,0.025553028556432156
17.150532217235046,12.82565130260521,10.826677112895284,0.11292152856634714,0.1,1.0395291713980828,0.2039529171398083,1.9612369639498848,0.6753289885074628,0.5812775176008744,0.6494917942903485,0.6753289885074628,0.02583719421711428
17.35328145321879,13.026052104208418,10.857446763669781,0.11311526874635085,0.1,1.040691612478105,0.2040691612478105,1.960119782695935,0.6755817340111864,0.5817057607622531,0.6509040543174907,0.6755817340111864,0.02467767969369572
17.55537319696122,13.226452905811623,10.88353491434491,0.11302616698279844,0.1,1.0401570018967905,0.20401570018967907,1.9606334200167386,0.6754655093347742,0.581508820167131,0.6509040543174907,0.6754655093347742,0.024561455017283573
17.756918890745478,13.42685370741483,10.90498684665345,0.1126546053015593,0.1,1.0379276318093558,0.2037927631809356,1.9627782348918033,0.6749805886882148,0.580687380127147,0.6491573539438236,0.6749805886882148,0.025823234744391188
17.958028056408548,13.627254509018037,10.921851461398177,0.11200406883674158,0.1,1.0340244130204495,0.20340244130204496,1.9665447348589837,0.6741305907692322,0.5792484814192854,0.6491573539438237,0.6741305907692322,0.02497323682540853
18.15880779692704,13.827655310621243,10.934181218876162,0.11108103044844846,0.1,1.0284861826906906,0.20284861826906908,1.971913850896529,0.6729223624053124,0.5772052906485966,0.6490382132603768,0.6729223624053124,0.02388414914493564
18.3593623212832,14.02805611222445,10.942032075932467,0.10989475951859938,0.1,1.0213685571115962,0.20213685571115964,1.9788573369894202,0.6713657906283053,0.5745767215475701,0.6487579473876248,0.6713657906283053,0.022607843240680436
18.55979249716325,14.228456913827655,10.945463419707348,0.10845706422087081,0.1,1.0127423853252249,0.2012742385325225,1.9873382849011092,0.6694735514478496,0.5713869260022917,0.6485252731073144,0.6694735514478496,0.020948278340535142
18.760195435485713,14.428857715430862,10.94453799814437,0.10678197923623597,0.15000000000000002,1.038582865035534,0.2038582865035534,1.9621473664894546,0.6626231541035773,0.580928839647032,0.6471914235163106,0.6626231541035773,0.015431730587266657
18.960664110127233,14.629258517034069,10.939321847329879,0.1048854127196743,0.1,0.991312476318046,0.19913124763180462,2.0087254248494615,0.6647448555014116,0.5634426744783061,0.6429061689009787,0.6647448555014116,0.021838686600432866
19.16128701553257,14.829659318637274,10.929884215737642,0.1027847672431188,0.1,0.9787086034587128,0.1978708603458713,2.02152049726177,0.6619447702840902,0.5587567883209092,0.6405737761447416,0.6619447702840902,0.02137099413934851
19.362147864188987,15.030060120240481,10.916297485455178,0.100498549452269,0.1,0.9649912967136142,0.1964991296713614,2.0356324257974445,0.6588810023045388,0.5536452898743575,0.62339241738716,0.6588810023045388,0.03548858491737883
19.563325325238143,15.230460921843688,10.898637090471588,0.09804598236979027,0.1,0.9502758942187416,0.19502758942187418,2.050991868308127,0.6555749974188712,0.5481480756148541,0.6212585827565836,0.6555749974188712,0.03431641466228752
19.76489280481337,15.430861723446894,10.876981432109332,0.09544663279346988,0.1,0.9346797967608192,0.19346797967608192,2.0675255960687084,0.6520488165787639,0.542305920913625,0.617072640264745,0.6520488165787639,0.03497617631401895
19.966918268046644,15.6312625250501,10.851411791685376,0.09272006425656826,0.1,0.9183203855394096,0.191832038553941,2.0851574273789755,0.6483247765095943,0.5361597796634654,0.6155472140866761,0.6483247765095943,0.03277756242291818
20.169464102103316,15.831663326653308,10.82201224048973,0.08988552373259212,0.1,0.9013131423955528,0.1901313142395553,2.1038091573701605,0.6444251177161847,0.5297501465696604,0.6131193300868741,0.6444251177161847,0.03130578762931058
20.372587019086,16.032064128256515,10.788869547172096,0.08696166786820039,0.1,0.8837700072092024,0.18837700072092023,2.1234014686994533,0.6403717057833581,0.523116493762455,0.6065477766585485,0.6403717057833581,0.03382392912480958
20.576337997208842,16.23246492985972,10.752073082629877,0.08396633218254895,0.1,0.8657979930952938,0.1865797993095294,2.143854808935741,0.6361857699641618,0.5162967889792318,0.6025958814385833,0.6361857699641618,0.033589888525578426
20.78076225828401,16.432865731462925,10.711714722493202,0.08091634451369564,0.3500000000000001,0.9722889283664131,0.19722889283664133,2.028100417981395,0.5980130705421497,0.5563661434558068,0.5829517623342132,0.5980130705421497,0.015061308207936497
20.985899279283146,16.633266533066134,10.667888747305062,0.07782738212155958,0.40000000000000013,0.9724464390940363,0.19724464390940366,2.0279384629765858,0.5855482430354202,0.5564248314512913,0.5804588547109423,0.5855482430354202,0.005089388324477917
21.19178283553489,16.83366733466934,10.620691740496808,0.07471387032767314,0.45000000000000007,0.9702817681128948,0.19702817681128948,2.0301664790976255,0.5725646688273437,0.5556181402245409,0.5786255014656031,0.5725646688273437,-0.006060832638259406
21.398441072990245,17.034068136272545,10.570222484261489,0.07158891940981917,0.40000000000000013,0.9163002746883725,0.19163002746883728,2.0873555427791595,0.5728630932986065,0.5353995299385508,0.5728858357436691,0.5728630932986065,-2.274244506261791e-05
21.605896606922844,17.234468937875754,10.516581853429521,0.06846429566767773,0.40000000000000013,0.8881786610090997,0.18881786610091,2.1184435999622404,0.5663933398045173,0.5247856954801657,0.5657268448104557,0.5663933398045173,0.0006664949940616838
21.81416664442361,17.43486973947896,10.4598727074532,0.06535042210299524,0.40000000000000013,0.8601537989269573,0.18601537989269576,2.150359826325881,0.5598640217200797,0.5141499321904444,0.5562849511297406,0.5598640217200797,0.0035790705903390174
22.02326312808952,17.635270541082164,10.400199780608261,0.06225640397277625,0.45000000000000007,0.8519358377413744,0.18519358377413744,2.1599020433010305,0.5454333495766764,0.5110196722639427,0.5386118536132006,0.5454333495766764,0.00682149596347581
22.23319289838559,17.835671342685373,10.337669570522642,0.0591900745249452,0.5000000000000001,0.8419007452494519,0.18419007452494518,2.1716696788991596,0.5305656691295837,0.5071900415207169,0.5297839368998573,0.5305656691295837,0.0007817322297264395
22.443957872269454,18.03607214428858,10.272390225144038,0.05615805645668661,0.6000000000000002,0.8497386210235528,0.1849738621023553,2.162467688427568,0.5074158933990615,0.5101818442888725,0.5250789210238264,0.5101818442888725,-0.014897076734953885
22.65555523580089,18.236472945891784,10.204471428259474,0.05316583499695335,0.5000000000000001,0.7816583499695334,0.17816583499695338,2.2450993480699597,0.5161082537064831,0.4840259486529004,0.5147863573828743,0.5161082537064831,0.0013218963236087955
22.867977648607074,18.43687374749499,10.134024283681477,0.05021783895816828,0.5500000000000002,0.767787309060767,0.1767787309060767,2.262715644296155,0.5002173556655221,0.4786480258585602,0.5011778261321954,0.5002173556655221,-0.0009604704666733577
23.081213458232597,18.637274549098198,10.061161198216727,0.04731752658854882,0.6000000000000002,0.7524927924740369,0.1752492792474037,2.2824630247711903,0.4839501909957258,0.472698005297962,0.4861633237247262,0.4839501909957258,-0.002213132729000422
23.29524692256519,18.837675350701403,9.985995763534255,0.04446747355475427,0.6000000000000002,0.721142209102297,0.1721142209102297,2.324038059636162,0.47613229766214205,0.46043313574594813,0.47821308686954156,0.47613229766214205,-0.002080789207399514
23.510058438690127,19.03807615230461,9.908642637051313,0.04166946086875493,0.7500000000000002,0.7333682608594367,0.1733368260859437,2.3076458074850894,0.44169675995964625,0.465227350797175,0.467177438420258,0.465227350797175,-0.0019500876230830189
23.725624776684143,19.238476953907817,9.829217421955974,0.03892456102524598,0.7500000000000002,0.6990570128155749,0.1699057012815575,2.3542470734230636,0.4330443161175585,0.4517354701958608,0.4532479941374432,0.4517354701958608,-0.001512523941582411
23.94191931701148,19.438877755511022,9.747836546486322,0.036233221028088826,0.7500000000000002,0.6654152628511103,0.16654152628511104,2.401803375545024,0.42439757301995834,0.43839032840752834,0.4458182283769456,0.43839032840752834,-0.007427899969417284
24.158912290327624,19.639278557114228,9.664617142586902,0.03359534134704756,0.7500000000000002,0.6324417668380945,0.16324417668380944,2.4503171146788723,0.4157561547106779,0.4251913917743163,0.4309153352000705,0.4251913917743163,-0.005723943425754219
24.37657101862955,19.839679358717436,9.579676924063497,0.03101035015724554,0.7500000000000002,0.6001293769655692,0.16001293769655694,2.499797864836069,0.4071182704222532,0.4121358580121296,0.41267946960541785,0.4121358580121296,-0.0005436115932882513
24.59486015681377,20.04008016032064,9.493134064358019,0.028477272476550953,0.7500000000000002,0.568465905956887,0.15684659059568873,2.550262638676667,0.39848080657670987,0.39921890608608185,0.40620304049644534,0.39921890608608185,-0.006984134410363496
24.813741933814946,20.240480961923847,9.40510707406535,0.02599479403014869,0.7500000000000002,0.5374349253768587,0.15374349253768588,2.6017361346331542,0.3898394116031801,0.3864339269099593,0.39902825288661137,0.3898394116031801,-0.009188841283431282
25.033176392597714,20.440881763527056,9.315714678314496,0.023561319843033324,0.8500000000000002,0.5225778178809499,0.15225778178809501,2.6271235223740526,0.36063706750973046,0.380266273698248,0.3875256509947034,0.380266273698248,-0.0072593772964553716
25.25312162836351,20.64128256513026,9.225075694136255,0.021175027693915608,0.7500000000000002,0.4771878461739451,0.14771878461739452,2.70784789514778,0.3725216886644286,0.36122575912356353,0.37029343737931253,0.3725216886644286,0.0022282512851160563
25.47353402441245,20.841683366733466,9.133308907939782,0.01883391666330636,0.8500000000000002,0.4587578749546359,0.1458757874954636,2.7420588904271663,0.34207089708157434,0.35340499745931486,0.3587416460037907,0.35340499745931486,-0.005336648544475853
25.694368485168344,21.042084168336675,9.040532953220158,0.016535851079277564,0.8500000000000002,0.42773398957024716,0.14277339895702473,2.8016423431958875,0.3327208269130595,0.34011533366774993,0.3510276254763145,0.34011533366774993,-0.010912291808564567
25.91557866593332,21.24248496993988,8.946866188618907,0.014278600211528835,0.8500000000000002,0.3972611028556393,0.13972611028556395,2.8627433998019676,0.32331143289807973,0.3269007108928659,0.3361130861033403,0.3269007108928659,-0.00921237521047441
26.137117198988257,21.442885771543086,8.852426576458933,0.012059874092235655,0.8500000000000002,0.3673083002451814,0.13673083002451814,2.92545580194513,0.3138303906958253,0.3137457382873603,0.32307385484860457,0.3138303906958253,-0.009243464152779268
26.35893591569615,21.643286573146295,8.757331561874945,0.009877355853571745,0.9000000000000002,0.3402829819500045,0.13402829819500048,2.9844443702331573,0.2925655151979326,0.3017261462950125,0.3092406808651359,0.3017261462950125,-0.00751453457012341
26.58098606429943,21.8436873747495,8.661697952659713,0.0077287309716780744,0.9000000000000002,0.3102022336034931,0.13102022336034932,3.052963807731167,0.28255929797065527,0.2881687840445458,0.3007144046407113,0.2881687840445458,-0.012545620596165485
26.803218523128912,22.044088176352705,8.56564179994585,0.005611713797054559,0.9000000000000002,0.28056399315876385,0.1280563993158764,3.1236236700152804,0.2724247946281648,0.27461408518133057,0.2876443634410799,0.27461408518133057,-0.01303027825974934
27.02558400896256,22.244488977955914,8.469278279841888,0.0035240717331344097,0.9000000000000002,0.2513370042638817,0.12513370042638816,3.1965809261375293,0.26214410286481704,0.2610426017644346,0.2799034524426775,0.26214410286481704,-0.01775934957786046
27.24803328028726,22.44488977955912,8.372721576140478,0.0014636474023076395,0.9000000000000002,0.22249106363230697,0.1222491063632307,3.272007558169844,0.25169814714444616,0.24743427223434608,0.2766042858357844,0.25169814714444616,-0.02490613869133823
27.470517335226585,22.645290581162325,8.276084764215424,0.0005716208885062716,0.9000000000000002,0.2100026924390878,0.12100026924390879,3.3057777680948113,0.2470781376169157,0.2414730529961264,0.27566744012177913,0.2470781376169157,-0.02858930250486344
27.69298760390314,22.845691382765533,8.179479696223055,0.0025836801016149765,0.9000000000000002,0.2381715214226097,0.12381715214226097,3.230570184172997,0.25741464507454404,0.2548589159278257,0.2786336008868552,0.25741464507454404,-0.021218955812311147
27.915396135005462,23.04609218436874,8.083016887722136,0.004574344592271762,0.9000000000000002,0.2660408242918047,0.12660408242918048,3.159455779980485,0.26735306249061486,0.26789660124119286,0.2819497674577818,0.26789660124119286,-0.01405316621658892
28.1376957763278,23.246492985971944,7.986805405825052,0.006545279187459924,0.9000000000000002,0.29363390862443894,0.12936339086244392,3.0920648982163152,0.2769288425559976,0.28061639902068236,0.2920989906080991,0.28061639902068236,-0.011482591587416713
28.359840349046134,23.44689378757515,7.890952758991467,0.008497983040910819,0.9000000000000002,0.3209717625727515,0.13209717625727516,3.028073811516999,0.2861731098352961,0.29304501357345264,0.30322083474746286,0.29304501357345264,-0.010175821174010224
28.58178481548667,23.647294589178358,7.795564788573986,0.010433774121809852,0.9000000000000002,0.348072837705338,0.1348072837705338,2.9671987211082143,0.2951131569304096,0.3052058715565492,0.31008745790747694,0.3052058715565492,-0.004881586350927725
28.80348544013372,23.847695390781563,7.700745562223605,0.012353774232273886,0.8500000000000002,0.3712759521356975,0.13712759521356974,2.9169912837530543,0.3151000562897007,0.31549813000727417,0.3295344993338782,0.31549813000727417,-0.014036369326604015
29.024899943613093,24.04809619238477,7.606597269260805,0.014258894487490669,0.8500000000000002,0.39699507558112407,0.13969950755811242,2.863288546909211,0.3232282622229272,0.3267846141223542,0.33611308610334023,0.3267846141223542,-0.00932847198098602
29.245987649375046,24.248496993987978,7.513220118116239,0.016149821231370154,0.8500000000000002,0.4225225866234971,0.14225225866234972,2.8119061430823455,0.33112789069676096,0.3378669969329317,0.3498268410235311,0.3378669969329317,-0.011959844090599414
29.466709622788244,24.448897795591183,7.42071223594283,0.01802700240056533,0.8500000000000002,0.44786453240763197,0.1447864532407632,2.7626894025426956,0.33881328159853175,0.3487568098334347,0.3559921886875335,0.3487568098334347,-0.007235378854098806
29.68702880234325,24.649298597194388,7.3291695704988795,0.019890634390161973,0.8500000000000002,0.47302356426718667,0.14730235642671868,2.7155030625663863,0.34629662392773275,0.35946332423865013,0.36160258534387996,0.35946332423865013,-0.0021392611052298283
29.906910122651247,24.849699398797597,7.238685794399623,0.021740649514589944,0.7500000000000002,0.4842581189323743,0.14842581189323742,2.6949490448987383,0.3745930410956769,0.36421193803131097,0.375925911116799,0.3745930410956769,-0.00133287002112209
30.12632062891188,25.050100200400802,7.149352211832149,0.023576704198147582,0.8500000000000002,0.5227855066749924,0.15227855066749926,2.6267652157617483,0.36069611117751266,0.3803527052396801,0.3875256509947034,0.3803527052396801,-0.007172945755023252
30.3452295825132,25.250501002004007,7.061257667826196,0.025398168069151218,0.7500000000000002,0.5299771008643903,0.15299771008643903,2.614418214324987,0.3877353530284823,0.3833418010378753,0.3967408707805641,0.3877353530284823,-0.009005517752081804
30.563608557417734,25.450901803607216,6.974488460170793,0.027204114169872222,0.7500000000000002,0.5525514271234029,0.1552551427123403,2.576404188691692,0.394071490439264,0.39267809490315186,0.40241564298184473,0.394071490439264,-0.008344152542580752
30.781431526982008,25.65130260521042,6.8891282540640155,0.028993310530717742,0.7500000000000002,0.5749163816339717,0.15749163816339717,2.539817381193286,0.40025483003011697,0.4018606313458942,0.40738537811980075,0.4018606313458942,-0.005524746773906519
30.998674940853075,25.851703406813627,6.805257999580384,0.030764213390240276,0.7500000000000002,0.5970526673780034,0.15970526673780036,2.5046137060508395,0.406286656370952,0.4108862158133736,0.41234599277370293,0.4108862158133736,-0.0014597769603293398
31.215317791585232,26.052104208416836,6.722955852037639,0.03251496237087816,0.7500000000000002,0.6189370296359771,0.16189370296359773,2.470757000906584,0.41216703303880414,0.41974993824776485,0.42169027599583736,0.41974993824776485,-0.001940337748072507
31.431341670623958,26.25250501002004,6.64229709534172,0.034243377942730746,0.7500000000000002,0.6405422242841343,0.16405422242841344,2.4382182553975023,0.41789486589060315,0.4284452115252642,0.43645551026962287,0.4284452115252642,-0.008010298744358657
31.64673081331268,26.452905811623246,6.563354068385728,0.03594696152293639,0.7500000000000002,0.6618370190367049,0.1661837019036705,2.4069749043854056,0.42346796507117096,0.4369638160122295,0.44365792497208373,0.4369638160122295,-0.006694108959854228
31.861472132591658,26.653306613226455,6.486196094575709,0.03762289856463817,0.7500000000000002,0.6827862320579772,0.16827862320579773,2.377010177405699,0.4288831070847316,0.44529595213002016,0.45059685248155196,0.44529595213002016,-0.005300900351531801
32.075555241078234,26.85370741482966,6.41088941455283,0.039268064984834164,0.7500000000000002,0.7033508123104271,0.1703350812310427,2.348312497397054,0.434136098119148,0.4534303027083991,0.4538857538213364,0.4534303027083991,-0.00045545111293726626
32.288972461243745,27.054108216432866,6.337497122178442,0.04087903726374621,0.7500000000000002,0.7234879657968276,0.17234879657968277,2.320874923052139,0.43922183967251477,0.46135410676326316,0.46274556006999146,0.46135410676326316,-0.0013914533067282964
32.501718823435596,27.254509018036075,6.2660791038451364,0.04245210651822969,0.7500000000000002,0.7431513314778713,0.17431513314778713,2.2946946302182134,0.4441343973862892,0.469053246150372,0.4703087631262803,0.469053246150372,-0.0012555169759082552
32.7137920515334,27.45490981963928,6.196691981173732,0.04398329680638066,0.6000000000000002,0.7158162648701872,0.17158162648701875,2.3312519422367326,0.4747909570369776,0.4583401019451786,0.47586279373659635,0.4747909570369776,-0.0010718366996187445
32.925192536076395,27.655310621242485,6.1293890571525305,0.04546838786027496,0.6000000000000002,0.7321522664630246,0.17321522664630248,2.3092658061567626,0.47889287748968656,0.464751169274635,0.48143045220366,0.47889287748968656,-0.002537574713973423
33.13592329475488,27.855711422845694,6.06422026577197,0.04690294236674486,0.6000000000000002,0.7479323660341933,0.17479323660341933,2.2884180633804636,0.4828210682587686,0.470919683899264,0.48533381923387625,0.4828210682587686,-0.0025127509751076693
33.34598992022262,28.0561122244489,6.001232125204112,0.0482823378251747,0.6000000000000002,0.7631057160769218,0.17631057160769217,2.268723856729579,0.48656742467975134,0.4768290214114522,0.48817915170474047,0.48656742467975134,-0.0016117270249891291
33.555400515258164,28.256513026052104,5.9404676945729324,0.04960180290477985,0.5500000000000002,0.7613189305001884,0.17613189305001886,2.2710253837242638,0.49862780299081866,0.4761342504214583,0.497962917503382,0.49862780299081866,0.0006648854874366505
33.764165615382,28.45691382765531,5.881966534357883,0.05085645810521537,0.5000000000000001,0.7585645810521536,0.17585645810521539,2.2745823742263647,0.5104493197288136,0.4750626807685996,0.505631004781559,0.5104493197288136,0.004818314947254598
33.972298099121936,28.65731462925852,5.8257646704693435,0.052041360398389684,0.5000000000000001,0.7704136039838968,0.1770413603983897,2.259359050901409,0.5133612302439796,0.4796675872136968,0.5095918565269559,0.5133612302439796,0.003769373717023683
34.17981308621046,28.857715430861724,5.771894562031148,0.05315155139460908,0.5000000000000001,0.7815155139460906,0.1781515513946091,2.2452793527124126,0.5160734584971427,0.4839706572555189,0.5144991805679845,0.5160734584971427,0.0015742779291582076
34.38672782409446,29.05811623246493,5.7203850729015056,0.0541821084428954,0.45000000000000007,0.7752300302075064,0.17752300302075064,2.253229120697356,0.5270397892999822,0.4815357726037297,0.5194995219199744,0.5270397892999822,0.007540267380007792
34.59306156323776,29.258517034068138,5.671261446959938,0.05512819794592524,0.45000000000000007,0.7842178804862898,0.178421788048629,2.2418786650147218,0.5292313342093838,0.4850164299198526,0.5226477665210497,0.5292313342093838,0.006583567688334124
34.79883542179954,29.458917835671343,5.624545287184162,0.05598513004921828,0.6000000000000002,0.8478364305414011,0.18478364305414013,2.1646937650363522,0.5069674862981727,0.5094562057688268,0.5244910776832754,0.5094562057688268,-0.015034871914448633
35.00407224037491,29.65931863727455,5.580254538536918,0.05674841376067999,0.6000000000000002,0.8562325513674799,0.18562325513674802,2.154902410828435,0.5089437125681759,0.5126569693281958,0.5277180797912394,0.5126569693281958,-0.015061110463043592
35.208796427585995,29.859719438877757,5.538403474679114,0.057413811473969366,0.5500000000000002,0.8433450204766786,0.18433450204766788,2.1699681587365682,0.5184071221741073,0.5077417047259404,0.5289842854355532,0.5184071221741073,-0.010577163261445865
35.413033797410996,30.060120240480963,5.499002688521649,0.05797739181436943,0.45000000000000007,0.8112852222365097,0.18112852222365097,2.208376654815824,0.5357717390018166,0.49545606926360153,0.529608909249892,0.5357717390018166,0.0061628297519246145
35.61681139923302,30.260521042084168,5.462059086624587,0.05843557970133156,0.45000000000000007,0.8156380071626499,0.181563800716265,2.20308232380028,0.5368153642891621,0.49712907363763287,0.5295980462520289,0.5368153642891621,0.0072173180371332135
35.82015734167749,30.460921843687377,5.427575887448447,0.058785202532956646,0.5000000000000001,0.8378520253295664,0.18378520253295663,2.176453786742006,0.5296072303706834,0.5056426794719076,0.5297045143800823,0.5296072303706834,-9.728400939890136e-05
36.023100611385495,30.661322645290582,5.395552623458535,0.059023531446624415,0.5000000000000001,0.8402353144662441,0.18402353144662442,2.17363506099229,0.5301716407586738,0.5065536973150739,0.5297045143800823,0.5301716407586738,0.0004671263785915869
36.2256708879382,30.861723446893787,5.3659851470793525,0.059148316694101616,0.5000000000000001,0.841483166941016,0.1841483166941016,2.1721621309439443,0.5304669024678736,0.5070305099561501,0.5297839368998571,0.5304669024678736,0.0006829655680165025
36.427898356202846,31.062124248496996,5.338865640492392,0.05915781628988829,0.5000000000000001,0.8415781628988829,0.1841578162898883,2.17205008214448,0.5304893728655424,0.5070668034264589,0.5297839368998573,0.5304893728655424,0.000705435965685175
36.62981351741264,31.2625250501002,5.314182629266625,0.05905081724490223,0.5000000000000001,0.8405081724490223,0.18405081724490224,2.173312816469328,0.5302362182188035,0.5066579688091156,0.5297045143800823,0.5302362182188035,0.0005317038387212536
36.8314470003201,31.462925851703407,5.291920999807296,0.05882664887556821,0.5000000000000001,0.838266488755682,0.1838266488755682,2.175963074161021,0.5297054295116683,0.5058011418979381,0.5297045143800823,0.5297054295116683,9.151315860655984e-07
37.03282937377462,31.663326653306616,5.272062020604773,0.058485187878435,0.45000000000000007,0.8161092848451326,0.18161092848451327,2.2025106271845845,0.5369282247673666,0.4973101152948794,0.5295061427907322,0.5369282247673666,0.007422081976634409
37.23399096207096,31.86372745490982,5.2545833672613504,0.058026855072424124,0.45000000000000007,0.8117551231880291,0.1811755123188029,2.207803885196945,0.5358845098036712,0.49563675349149994,0.5296134527099283,0.5358845098036712,0.006271057093742871
37.43496166439484,32.06412825651303,5.239459151270261,0.057452603925460775,0.5500000000000002,0.8437523412173382,0.18437523412173384,2.1694887705791324,0.5185033780699709,0.5078972570474836,0.5289842854355532,0.5185033780699709,-0.01048090736558227
37.63577077965589,32.26452905811623,5.226659952517245,0.05676390119366429,0.6000000000000002,0.8564029131303071,0.18564029131303073,2.1547046558201703,0.5089837310331093,0.5127218572264174,0.5277935970705606,0.5127218572264174,-0.015071739844143228
37.836446837947705,32.46492985971944,5.216152855471466,0.05596270019885767,0.6000000000000002,0.8475897021874345,0.18475897021874346,2.1649828396771436,0.5069092951532412,0.5093620640279708,0.5244910776832754,0.5093620640279708,-0.015129013655304613
38.037017439809944,32.66533066132265,5.207901489028714,0.055051407447015484,0.45000000000000007,0.7834883707466471,0.17834883707466473,2.2427956725758875,0.5290538280824961,0.4847341847775566,0.5224988023182201,0.5290538280824961,0.0065550257642760235
38.23750910439095,32.86573146292585,5.201866069966362,0.05403284343979677,0.45000000000000007,0.7738120126780694,0.17738120126780696,2.255030392967557,0.5266931089724147,0.4809859710152658,0.5194995219199742,0.5266931089724147,0.007193587052440553
38.43794712752149,33.06613226452906,5.198003449965756,0.05291019865005334,0.5000000000000001,0.7791019865005334,0.17791019865005336,2.2483252957678603,0.5154851348203834,0.4830361148521732,0.5125221138134797,0.5154851348203834,0.00296302100690371
38.63835545061383,33.26653306613227,5.196267166154304,0.051686985714551686,0.5000000000000001,0.7668698571455167,0.17668698571455166,2.2638905654671353,0.5124922231410279,0.47829171227817174,0.507467505756002,0.5124922231410279,0.005024717385025967
38.838756541197206,33.46693386773547,5.196607495115921,0.0503669889434905,0.5500000000000002,0.7693533839066504,0.17693533839066505,2.2607128888906214,0.5006014067429573,0.4792560711488867,0.5021142682053821,0.5006014067429573,-0.0015128614624247971
39.039171285792186,33.66733466933868,5.198971510315067,0.048954212258397876,0.6000000000000002,0.7704963348423767,0.17704963348423766,2.2592534767128516,0.48838149876660897,0.4796996942818462,0.49408463221751986,0.48838149876660897,-0.005703133450910891
39.23961889571521,33.86773547094189,5.203303142876149,0.047452826646369954,0.6000000000000002,0.7539810931100696,0.17539810931100697,2.2805262928504004,0.48431809512359925,0.47327794373912146,0.48702914908004175,0.48431809512359925,-0.0027110539564424996
39.44011682629286,34.06813627254509,5.209543245656812,0.0458671181650611,0.6000000000000002,0.7365382998156721,0.17365382998156723,2.303433215624779,0.4799880336082548,0.46646806646661687,0.4826185964250352,0.4799880336082548,-0.0026305628167803685
39.640680709853775,34.2685370741483,5.217629660550214,0.044201437456080246,0.6000000000000002,0.7182158120168827,0.17182158120168828,2.327996269167553,0.4753957680500901,0.45928344188223347,0.4775496092141943,0.4753957680500901,-0.00215384116410422
39.841324302757734,34.46893787575151,5.22749728894823,0.04246015162418816,0.7500000000000002,0.7432518953023521,0.17432518953023524,2.294562255047045,0.4441593887236972,0.469092526777785,0.4703087631262803,0.469092526777785,-0.0012162363484952698
40.04205944661688,34.66933867735471,5.239078165294432,0.040647599225519845,0.7500000000000002,0.7205949903189981,0.17205949903189982,2.324777197717169,0.4384946605756141,0.46021821382436806,0.46124577410393564,0.46021821382436806,-0.0010275602795675742
40.242896043764766,34.86973947895792,5.252301533652429,0.038768048987968415,0.7500000000000002,0.6971006123496053,0.16971006123496055,2.3569610257002216,0.43254599189784465,0.45096262470153115,0.4529957672041859,0.45096262470153115,-0.002033142502654739
40.44384204693586,35.07014028056113,5.267093927212295,0.03682566275931326,0.7500000000000002,0.6728207844914158,0.16728207844914159,2.3911706723659054,0.4263153374335053,0.44133824152865075,0.4475462061461648,0.44133824152865075,-0.00620796461751405
40.64490346303262,35.27054108216433,5.283379250654816,0.03482446305332026,0.7500000000000002,0.6478057881665034,0.16478057881665034,2.427470536106539,0.41980376651287826,0.43135654284467984,0.4372575390198675,0.43135654284467984,-0.005900996175187689
40.846084370778506,35.47094188376754,5.3010788652904335,0.03276830544753298,0.7500000000000002,0.6221038180941623,0.16221038180941624,2.465933410291623,0.41301133567870457,0.42102783910247366,0.4248587236951174,0.42102783910247366,-0.0038308845926437463
41.047386951985196,35.671342685370746,5.320111676886913,0.03066085597526797,0.7500000000000002,0.5957606996908497,0.15957606996908497,2.5066415038137793,0.4059369617084076,0.41036112174965084,0.4119820014421775,0.41036112174965084,-0.0016208796925266666
41.24881153609964,35.87174348697395,5.340394226097281,0.02850557355600923,0.7500000000000002,0.5688196694501155,0.15688196694501155,2.5496875631359424,0.3985782941522871,0.399363925384456,0.40620304049644534,0.399363925384456,-0.006839115111989369
41.450356657641734,36.07214428857716,5.361840781396657,0.02630569742497681,0.7500000000000002,0.5413212178122102,0.15413212178122104,2.595176108506246,0.39093158621399815,0.38804220204379114,0.4005650506716738,0.39093158621399815,-0.009633464457675656
41.652019126096,36.27254509018036,5.384363434434453,0.024064239450897116,0.8500000000000002,0.529367232587111,0.1529367232587111,2.615460770160161,0.3625628136226007,0.3830885985793492,0.3907054775734521,0.3830885985793492,-0.007616878994102905
41.85379410778042,36.47294589178357,5.40787219770566,0.02178398117644992,0.7500000000000002,0.484799764705624,0.1484799764705624,2.6939659441507517,0.37475128184755907,0.36444038927481215,0.3761060869070665,0.37475128184755907,-0.0013548050595074135
42.05567521918125,36.673346693386776,5.432275104442861,0.019467475372936804,0.8500000000000002,0.4673109175346469,0.1467310917534647,2.7260752661206515,0.34460986988572917,0.35704116210730874,0.3606146591815572,0.35704116210730874,-0.0035734970742484773
42.257654631214336,36.87374749498998,5.457478310628263,0.017117051872076378,0.8500000000000002,0.4355802002730311,0.1435580200273031,2.7863298750144683,0.33510682930597147,0.34349161122911365,0.35277664471421205,0.34349161122911365,-0.009285033485098404
42.459723183850016,37.07414829659319,5.483386199022936,0.014734827420661463,0.8500000000000002,0.4034201701789298,0.14034201701789298,2.8501799282890583,0.32523194563189806,0.32958497362043726,0.3386486080904481,0.32958497362043726,-0.00906363447001085
42.66187051051897,37.274549098196395,5.509901485108467,0.012322719295736848,0.8500000000000002,0.37085671049244745,0.13708567104924474,2.9178833713139105,0.3149660997423591,0.31531310836138526,0.3295344993338782,0.31531310836138526,-0.01422139097249292
42.864085171700424,37.4749498997996,5.536925324834216,0.009882462419190666,0.9000000000000002,0.34035447386866935,0.13403544738686693,2.9842851857350747,0.2925889760973368,0.3017581386677308,0.3092406808651359,0.3017581386677308,-0.007482542197405073
43.0663547970801,37.675350701402806,5.564357424061692,0.007415629715873857,0.9000000000000002,0.30581881602223404,0.13058188160222342,3.0632121018019487,0.2810781165619607,0.2861767119109004,0.2988331373535953,0.2861767119109004,-0.012656425442694907
43.268666235653065,37.875751503006015,5.592096149595724,0.004923655469298817,0.9000000000000002,0.27093117657018345,0.12709311765701833,3.1472986686774473,0.26906885670008107,0.2701642793167994,0.28196637335842334,0.2701642793167994,-0.011802094041623912
43.47100571313504,38.07615230460922,5.620038641690622,0.0024078614422448183,0.9000000000000002,0.23571006019142748,0.12357100601914275,3.237005288587153,0.25652337860748103,0.25369777135565974,0.2787236000589925,0.25652337860748103,-0.02220022145151146
43.67335899603418,38.276553106212425,5.648080927917863,0.00013051446055206857,0.9000000000000002,0.20382720244772898,0.12038272024477291,3.3227360138289304,0.24477089244966577,0.23850905322374166,0.274697045199787,0.24477089244966577,-0.029926152750121227
43.87571156172267,38.476953907815634,5.676118038280791,0.0026902872019770705,0.9000000000000002,0.23966402082767901,0.12396640208276791,3.2266807238055875,0.2579539727773682,0.25556219451735185,0.2791460649319725,0.2579539727773682,-0.021192092154604325
44.07804877383389,38.677354709418836,5.704044121460107,0.005270291500966044,0.9000000000000002,0.27578408101352464,0.12757840810135246,3.135326784154784,0.270763450521593,0.2724088343028295,0.28638117018904113,0.2724088343028295,-0.013972335886211662
44.280356062294835,38.877755511022045,5.731752562073232,0.007869346809255573,0.9000000000000002,0.31217085532957806,0.13121708553295783,3.048383511760989,0.2832225567648572,0.2890620442415581,0.3010327890784491,0.2890620442415581,-0.011970744836890979
44.482619107284464,39.078156312625254,5.759136098829253,0.010486220594579638,0.9000000000000002,0.348807088324115,0.13488070883241152,2.9655834660314375,0.29535239183213113,0.3055332189396373,0.31008745790747694,0.3055332189396373,-0.00455423896783963
44.6848240263877,39.278557114228455,5.786086943460542,0.013119590162863065,0.8500000000000002,0.3816144671986514,0.13816144671986516,2.895163661763301,0.3183884418888646,0.32005006519271123,0.33392449593450263,0.32005006519271123,-0.0138744307417914
44.886957564188954,39.478957915831664,5.812496900310997,0.01576800327915502,0.8500000000000002,0.4173680442685928,0.1417368044268593,2.822132202129707,0.3295458382161296,0.3356385510163761,0.34854682987888075,0.3356385510163761,-0.012908278862504674
45.08900728352056,39.67935871743487,5.838257486460593,0.0184298378857727,0.8500000000000002,0.45330281145793144,0.14533028114579313,2.752351380912324,0.3404429623645625,0.35107973889250865,0.3582788497127961,0.35107973889250865,-0.007199110820287458
45.29096175754877,39.879759519038075,5.863260052265036,0.021103261263232833,0.7500000000000002,0.4762907657904104,0.14762907657904104,2.709493341481675,0.3722581013924081,0.36084631894277186,0.3698297014947468,0.3722581013924081,0.002428399897661304
45.49281076184348,40.08016032064128,5.887395902189096,0.02378618903875711,0.8500000000000002,0.525613552023221,0.1525613552023221,2.6218959543819764,0.36149924426133984,0.38152901472495293,0.38894217672871045,0.38152901472495293,-0.007413162003757523
45.694545465537395,40.28056112224449,5.910556415811701,0.02647624451872132,0.7500000000000002,0.5434530564840165,0.15434530564840165,2.5915916154340275,0.3915294745140581,0.38892354978461174,0.40083939460765533,0.3915294745140581,-0.009309920093597213
45.896158620637166,40.480961923847694,5.932633168880915,0.029170718903448974,0.7500000000000002,0.5771339862931122,0.15771339862931122,2.5362461495117357,0.40086299342347137,0.40276759476255947,0.4079596693298043,0.40276759476255947,-0.005192074567244853
46.09764474850218,40.6813627254509,5.9535180542966355,0.0318665330308373,0.7500000000000002,0.6108316628854663,0.16108316628854663,2.483189331425756,0.4099984885516418,0.41647376284224236,0.4190383854152567,0.41647376284224236,-0.002564622573014319
46.299000322458014,40.88176352705411,5.9731034028989844,0.034560201392219415,0.7500000000000002,0.6445025174027428,0.16445025174027428,2.43234653499797,0.41893668050804334,0.43003328442847266,0.43651685122474787,0.43003328442847266,-0.006483566796275209
46.5002239454618,41.08216432865731,5.991282103940647,0.0372477992638779,0.7500000000000002,0.6780974907984738,0.1678097490798474,2.3836517377168094,0.42767680505624234,0.44343515938889555,0.4497580364494495,0.44343515938889555,-0.006322877060553955
46.70131652168616,41.28256513026052,6.007947725121443,0.039924933893162894,0.7500000000000002,0.7115616736645363,0.17115616736645364,2.3370469563248673,0.4362166144768456,0.4566660812762612,0.4578229242332237,0.4566660812762612,-0.0011568429569625005
46.90228142083959,41.48296593186373,6.022994632064119,0.04258672077193457,0.7500000000000002,0.7448340096491821,0.1744834009649182,2.2924816789903377,0.4445523877082364,0.4697103813716017,0.4706626744453858,0.4697103813716017,-0.0009522930737840829
47.10312463399484,41.68336673346693,6.0363181071107155,0.04522776610771821,0.6000000000000002,0.7295054271849003,0.17295054271849006,2.312799912117513,0.478230731314371,0.4637141788746664,0.481129281459941,0.478230731314371,-0.0028985501455700002
47.30385491965512,41.88376753507014,6.047814467319551,0.04784215666078856,0.6000000000000002,0.7582637232686741,0.17582637232686743,2.2749715796694363,0.48537514988141417,0.4749455909451681,0.48750862544124174,0.48537514988141417,-0.002133475559827569
47.5044839387532,42.08416833667335,6.057381181543675,0.05042345814528664,0.5500000000000002,0.7699463105255098,0.17699463105255098,2.259955556963969,0.500746730169054,0.4794862234351175,0.502462784131669,0.500746730169054,-0.0017160539626149829
47.70502637725221,42.28456913827655,6.064916986472447,0.05296472338487094,0.5000000000000001,0.7796472338487094,0.17796472338487096,2.247636455090878,0.5156181080260428,0.4832472853268389,0.5125221138134797,0.5156181080260428,0.0030959942125631246
47.90550005500284,42.48496993987976,6.07032200151908,0.05545851136215495,0.6000000000000002,0.8420436249837043,0.18420436249837044,2.171501231430057,0.5055994589143639,0.5072446240722637,0.5234341470808529,0.5072446240722637,-0.016189523008589224
48.10592601951031,42.68537074148297,6.073497842437922,0.05789691819066685,0.45000000000000007,0.8105207228113351,0.1810520722811335,2.2093091504574947,0.5355882123764806,0.4951620676299016,0.529602560683616,0.5355882123764806,0.00598565169286458
48.30632862328112,42.88577154308617,6.074347733556554,0.060271620870196746,0.5000000000000001,0.8527162087019674,0.18527162087019675,2.1589922845239435,0.5331170029310839,0.5113171465670268,0.5329085196231885,0.5331170029310839,0.0002084833078953574
48.50673558345391,43.08617234468938,6.072776618509284,0.06257393445281546,0.45000000000000007,0.8549523773017469,0.1854952377301747,2.1563895919627245,0.5461428943434945,0.5121693001703683,0.5392454749935935,0.5461428943434945,0.006897419349900957
48.7071780224754,43.28657314629259,6.068691269359838,0.06479488293864018,0.45000000000000007,0.8760513879170817,0.18760513879170818,2.1321377579326697,0.5510781312365023,0.5201905680703084,0.5552980676167599,0.5510781312365023,-0.004219936380257638
48.90769048866204,43.48697394789579,6.062000394002814,0.06692528384944339,0.40000000000000013,0.8743275546449906,0.18743275546449906,2.1340987012046706,0.5631767042639234,0.5195364938569136,0.5613330058510306,0.5631767042639234,0.0018436984128927802
49.108310955593254,43.687374749499,6.052614741735109,0.06895584599329123,0.40000000000000013,0.8926026139396211,0.18926026139396213,2.1134917444046235,0.5674164875565448,0.5264592386060942,0.5670176532958459,0.5674164875565448,0.000398834260698977
49.30908079941301,43.88777555110221,6.040447206890262,0.07087727944666161,0.40000000000000013,0.9098955150199545,0.19098955150199545,2.0943554076874245,0.5713966371633443,0.5329872374840219,0.5723183800861628,0.5713966371633443,-0.000921742922818436
49.51004475327506,44.08817635270541,6.025412930430719,0.07268041626063342,0.45000000000000007,0.9509639544760176,0.19509639544760177,2.050268530498968,0.5682300308448093,0.5484054361405866,0.5755576590082857,0.5682300308448093,-0.0073276281634764295
49.711250838351354,44.28857715430862,6.007429399394816,0.07435633986126962,0.45000000000000007,0.9668852286820615,0.19668852286820615,2.0336722965174,0.5718050378790024,0.5543517603112982,0.578574181719486,0.5718050378790024,-0.00676914384048366
49.91275027103282,44.48897795591183,5.9864165440975725,0.07589652059555653,0.40000000000000013,0.9550686853600089,0.1955068685360009,2.04596392441498,0.581653981328357,0.5499400993767332,0.5792554803433716,0.581653981328357,0.0023985009849853967
50.11459734618449,44.68937875751503,5.962296832986581,0.07729295439594389,0.40000000000000013,0.967636589563495,0.1967636589563495,2.0328957192686525,0.5844731698391256,0.5546319659944536,0.5802135735389045,0.5844731698391256,0.004259596300221102
50.31684929656903,44.88977955911824,5.934995365056421,0.07853830113148977,0.3500000000000001,0.9520755596176631,0.1952075559617663,2.0491010095856366,0.5934804029436118,0.5488211511163439,0.5818722759848489,0.5934804029436118,0.011608126958762899
50.51956612882036,45.09018036072145,5.904439959727675,0.07962601891960193,0.3500000000000001,0.9613211608166166,0.19613211608166167,2.039441617167154,0.5955583466067562,0.552275590178843,0.5820216931714282,0.5955583466067562,0.013536653435328061
50.722810436627135,45.29058116232465,5.870561244098958,0.08055049051005099,0.3500000000000001,0.9691791693354335,0.19691791693354335,2.0313032263843906,0.5973181902694237,0.5552071255627342,0.5827064811621752,0.5973181902694237,0.014611709107248516
50.92664719206783,45.49098196392786,5.83329273748301,0.08130713784771154,0.3500000000000001,0.9756106717055482,0.19756106717055483,2.0246904196699815,0.5987543445062831,0.5576034725465036,0.5848835066732322,0.5987543445062831,0.013870837833050875
51.131143516318694,45.69138276553107,5.79257093314057,0.08189252109162164,0.3500000000000001,0.980586429278784,0.19805864292787842,2.019603861194066,0.5998628527160238,0.5594555743696626,0.5859575710390773,0.5998628527160238,0.01390528167694649
51.33636843122644,45.89178356713427,5.748335377128621,0.08230441871434735,0.3500000000000001,0.9840875590719527,0.19840875590719528,2.0160400591751,0.6006415026984391,0.5607578270154083,0.5859339362895774,0.6006415026984391,0.014707566408861728
51.542392593491165,46.09218436873748,5.7005287441822095,0.08254188582083233,0.3500000000000001,0.9861060294770749,0.1986106029477075,2.013991166953542,0.6010899101551751,0.5615082444875018,0.5861918464743306,0.6010899101551751,0.014898063680844453
51.74928801343503,46.29258517034068,5.649096910552249,0.0826052884969175,0.3500000000000001,0.986644952223799,0.19866449522237992,2.0134448259224698,0.6012095713616238,0.5617085586488504,0.586783108192034,0.6012095713616238,0.014426463169589732
51.95712776053318,46.49298597194389,5.593989023724534,0.08249631278759634,0.3500000000000001,0.985718658694569,0.1985718658694569,2.0143840530912067,0.6010038831804619,0.5613642497792917,0.5859339362895772,0.6010038831804619,0.0150699468908847
52.16598565804796,46.6933867735471,5.535157568948337,0.08221794777526427,0.3500000000000001,0.9833525560897465,0.19833525560897466,2.016787175693135,0.6004781296054835,0.5604845063135175,0.5859339362895771,0.6004781296054835,0.014544193315906395
52.37593596923258,46.8937875751503,5.472558432506101,0.08177444313843694,0.3500000000000001,0.9795827666767141,0.1979582766676714,2.020627814776911,0.5996394350972488,0.5590821146350966,0.5857419376856281,0.5996394350972488,0.013897497411620718
52.58705307765232,47.09418837675351,5.4061509616590335,0.08117124246430102,0.3500000000000001,0.9744555609465588,0.1974455560946559,2.025874919201722,0.5984966860293905,0.5571732821750814,0.5835196422277755,0.5984966860293905,0.01497704380161502
52.799411164207626,47.294589178356716,5.3358980212065354,0.08041489441718648,0.3500000000000001,0.9680266025460851,0.19680266025460852,2.032492850871579,0.5970604225548815,0.5547773992722359,0.5825025934863508,0.5970604225548815,0.014557829068530648
53.01308388343527,47.49498997995992,5.261766046600897,0.07951294459176392,0.3500000000000001,0.9603600290299934,0.19603600290299936,2.0404415213358753,0.5953427040871101,0.5519167472007558,0.5817571179831224,0.5953427040871101,0.013585586103987746
53.22814404161065,47.69539078156313,5.183725093562074,0.07847381145907739,0.3500000000000001,0.9515273974021579,0.1951527397402158,2.049676579137314,0.5933569523124393,0.5486161613362499,0.5817622650101689,0.5933569523124393,0.011594687302270423
53.44466327907998,47.895791583166336,5.101748884140721,0.07730665022247157,0.40000000000000013,0.9677598520022442,0.19677598520022443,2.032768376654245,0.5845007473097195,0.5546779308264684,0.5802135735389046,0.5845007473097195,0.004287173770814889
53.66271175911967,48.09619238476954,5.015814849181288,0.07602120863003514,0.40000000000000013,0.9561908776703164,0.19561908776703163,2.0447902327219287,0.5819063049928734,0.550359464403227,0.5793720095288822,0.5819063049928734,0.0025342954639911985
53.882357865454956,48.296593186372746,4.925904167140468,0.07462767883346837,0.45000000000000007,0.9694629489179496,0.19694629489179497,2.031010536246775,0.5723816379341338,0.5553129174009444,0.5786071858234846,0.5723816379341338,-0.006225547889350813
54.10366791037898,48.496993987975955,4.832001799220031,0.07313654924981558,0.45000000000000007,0.9552972178732482,0.19552972178732483,2.0457247948988284,0.5692053761627857,0.5500255091630748,0.5760111854560002,0.5692053761627857,-0.006805809293214504
54.32670585520078,48.69739478957916,4.734096520776401,0.07155846009742305,0.40000000000000013,0.9160261408768074,0.19160261408768076,2.0876541893992786,0.5728004105444708,0.535296339932894,0.5728858357436692,0.5728004105444708,-8.542519919840785e-05
54.55153304452433,48.897795591182366,4.632180948973464,0.0699040658685442,0.40000000000000013,0.9011365928168978,0.1901136592816898,2.104004528192913,0.5693844828253731,0.5296834997731531,0.571314214445181,0.5693844828253731,-0.0019297316198079173
54.778207955626,49.098196392785574,4.526251566648519,0.06818390749236682,0.3500000000000001,0.8640632136851181,0.18640632136851182,2.145849974740014,0.5732798890349312,0.5156372007983272,0.5652296992858261,0.5732798890349312,0.008050189749105097
55.00678596396157,49.298597194388776,4.416308742364944,0.06640829637984981,0.40000000000000013,0.8696746674186483,0.18696746674186482,2.139409636181555,0.5620916124899337,0.517769920192736,0.559524094693222,0.5620916124899337,0.0025675177967117158
55.23731912560069,49.498997995991985,4.302356746629364,0.06458721195567249,0.45000000000000007,0.8740785135788887,0.18740785135788887,2.1343822956282037,0.5506186842763839,0.5194419815433946,0.5548168802675266,0.5506186842763839,-0.004198195991142684
55.46985597716267,49.699398797595194,4.1844037642543865,0.06273021369683017,0.45000000000000007,0.8564370301198867,0.18564370301198868,2.154665057366198,0.5464917448297759,0.512734851534911,0.5418414348260499,0.5464917448297759,0.004650310003726066
55.70444135361538,49.899799599198396,4.06246190285211,0.06084636815094168,0.45000000000000007,0.8385404974339459,0.1838540497433946,2.175638777379561,0.5422703399704812,0.5059058964559108,0.5333927110048364,0.5422703399704812,0.008877628965644813
55.94111622410307,50.100200400801604,3.9365471974473905,0.058944190911850054,0.5000000000000001,0.8394419091185005,0.18394419091185005,2.1745726136667645,0.5299838175199582,0.5062504669573649,0.5297045143800823,0.5299838175199582,0.00027930313987589717
56.179917545791184,50.30060120240481,3.806679611203619,0.05703160310046951,0.5000000000000001,0.820316031004695,0.1820316031004695,2.197420630192584,0.5254344989921083,0.4989253201727445,0.5287633052694751,0.5254344989921083,-0.003328806277366869
56.42087813555817,50.501002004008015,3.6728830322576402,0.05511590155018785,0.45000000000000007,0.7841010647267845,0.17841010647267846,2.242025454209656,0.5292029147202264,0.48497123740265513,0.5226477665210496,0.5292029147202264,0.006555148199176797
56.664026559226905,50.701402805611224,3.5351852666643646,0.053203741624906,0.5000000000000001,0.7820374162490599,0.17820374162490601,2.2446217815220972,0.5162005829500245,0.4841726753316624,0.5147863573828744,0.5162005829500245,0.0014142255671500958
56.90938703791174,50.90180360721443,3.39361802745542,0.05130113140380232,0.5000000000000001,0.7630113140380231,0.17630113140380232,2.268845337604981,0.511544208164634,0.47679232156141255,0.5065843024588321,0.511544208164634,0.004959905705801848
57.15697937096108,51.102204408817634,3.2482169198199866,0.049413435848893836,0.5500000000000002,0.7593410764133854,0.17593410764133854,2.273578474137857,0.4981406937013888,0.4753648439271778,0.49774717955491504,0.4981406937013888,0.00039351414647376126
57.406818874898406,51.30260521042084,3.0990214224199635,0.04754538951652175,0.6000000000000002,0.7549992846817392,0.17549992846817394,2.2792032081798714,0.4845696239084931,0.4736745789322943,0.48702914908004175,0.4845696239084931,-0.0024595251715486266
57.65891633770614,51.50300601202405,2.946074864855277,0.04570111637423859,0.6000000000000002,0.7347122801166245,0.17347122801166248,2.305857891160533,0.47953240520567,0.46575350150509265,0.4820995337280386,0.47953240520567,-0.0025671285223686224
57.913277987754995,51.703406813627254,2.7894244012990788,0.043884155332368086,0.6000000000000002,0.7147257086560489,0.1714725708656049,2.332734605778484,0.4745158164818558,0.45791118064112657,0.4759076455143893,0.4745158164818558,-0.001391829032533487
58.169905476654364,51.90380761523046,2.6291209803262663,0.04209749017960225,0.7500000000000002,0.7387186272450281,0.17387186272450283,2.300544744458128,0.4430314851592509,0.46732086353858404,0.4685938474358712,0.46732086353858404,-0.0012729838972871388
58.42879587528549,52.10420841683367,2.4652193109626674,0.04034358271927322,0.7500000000000002,0.7167947839909152,0.17167947839909153,2.3299232018293266,0.4375376910387226,0.45872485828286597,0.46002827131238216,0.45872485828286597,-0.0013034130295161983
58.68994168227712,52.30460921843687,2.2977778249859013,0.038624408026186996,0.7500000000000002,0.6953051003273375,0.16953051003273376,2.3594573031294845,0.4320881660198151,0.45025299115533624,0.4525816173822381,0.45025299115533624,-0.0023286262269018865
58.95333084419051,52.50501002004008,2.1268586355125425,0.03694149087408147,0.7500000000000002,0.6742686359260184,0.16742686359260184,2.3891028680637305,0.42668931716789266,0.4419139001565392,0.4475462061461645,0.4419139001565392,-0.00563230598962533
59.21894678669569,52.70541082164329,1.952527491910186,0.035295942519199146,0.7500000000000002,0.6536992814899893,0.16536992814899895,2.4188194581520195,0.42134653494369684,0.43371439565824554,0.4397559490292976,0.43371439565824554,-0.006041553371052055
59.48676845604311,52.90581162324649,1.7748537310763655,0.03368849715578291,0.7500000000000002,0.6336062144472865,0.16336062144472865,2.4485705089909677,0.41606424238959516,0.4256595926426445,0.43130950638193516,0.4256595926426445,-0.005649913739290635
59.75677037016112,53.1062124248497,1.5939102251299435,0.03211954748320192,0.7500000000000002,0.6139943435400241,0.16139943435400242,2.478323431559664,0.41084594554386594,0.4177530414523618,0.41964130280329,0.4177530414523618,-0.0018882613509281776
60.02892267874002,53.30661322645291,1.4097733255643936,0.030589178940650556,0.7500000000000002,0.594864736758132,0.15948647367581323,2.5080496845963034,0.40569428416557435,0.4099968552131551,0.4114204525936914,0.4099968552131551,-0.0014235973805363233
60.30319123169676,53.50701402805611,1.2225228039155143,0.0290972022689,0.7500000000000002,0.5762150283612499,0.157621502836125,2.537724820552369,0.4006110819831677,0.40239183246019566,0.4079596693298044,0.40239183246019566,-0.005567836869608711
60.57953765544878,53.70741482965932,1.0322417889998827,0.027643184150492113,0.7500000000000002,0.5580398018811514,0.15580398018811514,2.567328508020441,0.3955973957990316,0.39493757382874417,0.4034211076691945,0.3955973957990316,-0.007823711870162897
60.857919436460726,53.90781563126253,0.8390167007836462,0.026226475760107705,0.7500000000000002,0.5403309470013463,0.15403309470013463,2.596844533823746,0.39065356289060166,0.387632591961431,0.3999965532542437,0.39065356289060166,-0.009342990363642056
61.138290011563605,54.10821643286573,0.6429371809445903,0.024846239125146163,0.7500000000000002,0.5230779890643271,0.15230779890643273,2.6262607881670728,0.38577924624395804,0.3804744140343922,0.39336285015756906,0.38577924624395804,-0.0075836039136110145
61.42059886458097,54.30861723446894,0.44409602019368366,0.023501471252392284,0.8500000000000002,0.5217698619072958,0.15217698619072959,2.6285183457284655,0.3604072930030653,0.37992997748005375,0.38721439234853555,0.37992997748005375,-0.007284414868481803
61.70479162883064,54.50901803607215,0.24258908242562294,0.022191026023266253,0.7500000000000002,0.4898878252908282,0.14898878252908282,2.6847658810952395,0.3762346954429436,0.3665842118962196,0.37738605560022365,0.3762346954429436,-0.001151360157280068
61.990810195104096,54.70941883767535,0.03851522577094135,0.020913633897521357,0.7500000000000002,0.47392042371901694,0.1473920423719017,2.7138507178746756,0.3715607853485014,0.3598431274461963,0.36766887263158393,0.3715607853485014,0.003891912716917467
62.27859282475666,54.90981963927856,-0.16802377937466328,0.019667919492005505,0.8500000000000002,0.47001691314207433,0.14700169131420746,2.7210571281457137,0.34540975637286,0.3581891443763659,0.3607774210777281,0.3581891443763659,-0.002588276701362191
62.56807426757194,55.11022044088177,-0.37692333526506383,0.018452417123443834,0.8500000000000002,0.4536076311664918,0.1453607631166492,2.751774216258123,0.34053410689961316,0.35120979776020234,0.3583661022137419,0.35120979776020234,-0.0071563044535395415
62.85918588409197,55.31062124248497,-0.5880761045807921,0.01726558441892342,0.8500000000000002,0.43758538965546623,0.14375853896554663,2.782443414341214,0.3357142531992059,0.3443527817474429,0.3536624218377021,0.3443527817474429,-0.009309640090259197
63.15185577213135,55.51102204408818,-0.801372100984322,0.01610581410550685,0.8500000000000002,0.4219284904243425,0.14219284904243426,2.8130809860953625,0.33094587910656814,0.3376103895832121,0.3497498279827646,0.3376103895832121,-0.012139438399552505
63.446008897217645,55.71142284569139,-1.0166987823659523,0.014971444098227312,0.8500000000000002,0.40661449532606875,0.1406614495326069,2.843707364947036,0.32622420494394355,0.3309744257496815,0.3405355756409838,0.3309744257496815,-0.0095611498913023
63.741567226723944,55.91182364729459,-1.2339411466905692,0.013860766005752558,0.8500000000000002,0.3916203410776596,0.13916203410776595,2.8743471778390592,0.3215440007494369,0.32443623988400383,0.33585062633649587,0.32443623988400383,-0.011414386452492042
64.03844986748038,56.1122244488978,-1.4529818303529964,0.012772032171402258,0.8500000000000002,0.3769224343139305,0.13769224343139305,2.905029288736262,0.31689959514410115,0.31798675336744553,0.33209077620671934,0.31798675336744553,-0.014104022839273811
64.33657320667056,56.31262525050101,-1.6737012089464796,0.011703461366144098,0.9000000000000002,0.36584845912601743,0.13658484591260175,2.928582576839842,0.3008621524099827,0.31310019717803195,0.31984609900943006,0.31310019717803195,-0.006745901831398116
64.63585105583778,56.51302605210421,-1.895977500347401,0.010653243243662179,0.9000000000000002,0.3511454054112706,0.13511454054112707,2.9604511727458775,0.29611324310623843,0.3065749683718578,0.31126172198211305,0.3065749683718578,-0.004686753610255223
64.93619479784158,56.71342685370742,-2.119686870016255,0.009619541662161028,0.9000000000000002,0.33667358327025443,0.13366735832702545,2.9925032184849143,0.29137911281860385,0.3001095703530213,0.30900600504782594,0.3001095703530213,-0.008896434694804611
65.23751353662097,56.91382765531062,-2.344703538413045,0.008600496971624837,0.9000000000000002,0.32240695760274773,0.13224069576027478,3.0247874733290714,0.2866520237640726,0.29369292817778025,0.3032208347474628,0.29369292817778025,-0.009527906569682554
65.53971424963449,57.11422845691383,-2.5708998904231377,0.007594227358106342,0.9000000000000002,0.3083191830134888,0.13083191830134888,3.0573579077138393,0.2819237408101708,0.28731354553037747,0.3005882826284726,0.28731354553037747,-0.013274737098095124
65.84270194286024,57.31462925851704,-2.79814658668748,0.0065988293289507005,0.9000000000000002,0.2943836106053098,0.12943836106053097,3.090273986186697,0.2771855076227052,0.28095948913330193,0.2921946180747569,0.28095948913330193,-0.011235128941454953
66.14637980825091,57.51503006012024,-3.0263126767294115,0.005612377416980808,0.9000000000000002,0.28057328383773134,0.12805732838377312,3.12360100783335,0.27242801632627933,0.2746183661937161,0.28764436344107985,0.2746183661937161,-0.013025997247363752
66.45064938354963,57.71543086172345,-3.2552657137681407,0.004632923175002188,0.9000000000000002,0.2668609244500306,0.12668609244500306,3.1574105119206193,0.2676413701336165,0.2682772947103874,0.2819497674577818,0.2682772947103874,-0.01367247274739436
66.7554107143832,57.91583166332666,-3.484871871107709,0.0036584935247192724,0.9000000000000002,0.25321890934606983,0.125321890934607,3.1917807576708217,0.262815038283279,0.2619228663606119,0.2810756197450785,0.262815038283279,-0.018260581461799485
67.06056251855807,58.11623246492986,-3.7149960599883425,0.002687088519879924,0.9000000000000002,0.23961923927831896,0.1239619239278319,3.226797288438923,0.25793780249870335,0.25554110158338234,0.2791460649319724,0.25793780249870335,-0.021208262433269065
67.36600235249388,58.31663326653307,-3.945502048785867,0.001716678578390075,0.9000000000000002,0.22603350009746107,0.12260335000974612,3.2625535922811473,0.2529976940217277,0.24911739634581215,0.27767379883194787,0.2529976940217277,-0.024676104810220145
67.67162677973725,58.517034068136276,-4.176252583443176,0.000745201233450217,0.9000000000000002,0.21243281726830304,0.1212432817268303,3.2991518730186495,0.2479819200799752,0.24263645992739452,0.27604259677822063,0.2479819200799752,-0.02806067669824544
67.97733154150691,58.71743486973948,-4.407109509017084,0.00022944254925775232,0.9000000000000002,0.20521219568960855,0.12052121956896085,3.318917626543968,0.24528966710268388,0.23917474201196462,0.2746484081510881,0.24528966710268388,-0.02935874104840422
68.283011729228,58.91783567134269,-4.637933892222115,0.0012093924427198674,0.9000000000000002,0.21893149419807817,0.12189314941980783,3.281562597274227,0.2503874719649155,0.24573954838143497,0.2762839738051434,0.2503874719649155,-0.025896501840227903
68.58856195902094,59.118236472945895,-4.868586144852149,0.002196833174709304,0.9000000000000002,0.23275566444593027,0.12327556644459303,3.244763025930061,0.2554506571572437,0.25230197408353305,0.2780793433299492,0.2554506571572437,-0.022628686172705526
68.8938765481171,59.3186372745491,-5.098926147960071,0.0031939992452757067,0.9000000000000002,0.24671598943385992,0.124671598943386,3.2084292123472484,0.260491242510797,0.2588772709704038,0.27920119326937093,0.260491242510797,-0.0187099507585739
69.19884969317935,59.519038076152306,-5.328813376674387,0.004203179899909296,0.9000000000000002,0.26084451859873015,0.12608445185987302,3.172476812958267,0.2655208813459823,0.2654805924247168,0.28183864436823186,0.2655208813459823,-0.016317763022249576
69.50337565051207,59.719438877755515,-5.558107025531467,0.005226724311043208,0.9000000000000002,0.27517414035460497,0.12751741403546052,3.1368264720986776,0.270550902405313,0.2721270387698359,0.2862885491745606,0.2721270387698359,-0.014161510404724686
69.8073489181512,59.91983967935872,-5.786666134201439,0.006267046915367884,0.9000000000000002,0.28973865681515043,0.12897386568151506,3.101403512148347,0.27559234692903967,0.27883169967539967,0.29188432315778007,0.27883169967539967,-0.013052623482380399
70.11066441983013,60.120240480961925,-6.014349713485338,0.00732663284885692,0.9000000000000002,0.3045728598839969,0.1304572859883997,3.06613767847024,0.28065600111838696,0.28560969355984245,0.29314557056349777,0.28560969355984245,-0.007535877003655322
70.41321769082201,60.320641282565134,-6.241016871460816,0.008408043413318592,0.9000000000000002,0.3197126077864603,0.13197126077864604,3.0309629357176155,0.28575242416290336,0.29247620391847434,0.30298035475471136,0.29247620391847434,-0.010504150836237014
70.71490506566475,60.521042084168336,-6.466526939653566,0.00951392149707714,0.9000000000000002,0.33519490095908,0.133519490095908,2.995817312608647,0.29089197194128735,0.29944651242434256,0.30886074985001466,0.29944651242434256,-0.0094142374256721
71.01562386777806,60.721442885771545,-6.690739599111632,0.010646996860876067,0.9000000000000002,0.351057956052265,0.13510579560522648,2.960642792621446,0.2960848164525921,0.3065360285772747,0.3107808736564139,0.3065360285772747,-0.004244845079139192
71.31527260098615,60.92184368737475,-6.913515006259728,0.011810091183584318,0.8500000000000002,0.3639362309783883,0.13639362309783884,2.9326884271786606,0.312747926752319,0.31225397785300346,0.32033893650041584,0.312747926752319,-0.007591009748096844
71.61375114296209,61.122244488977955,-7.134713918410937,0.013006122743305149,0.8500000000000002,0.3800826570346195,0.13800826570346195,2.8983771222767127,0.31790302273873694,0.3193769157767131,0.33286015802113117,0.3193769157767131,-0.013483242244418048
71.91096094061218,61.322645290581164,-7.35419781881368,0.014238110588132962,0.8500000000000002,0.39671449293979505,0.1396714492939795,2.8638637461123695,0.323140521273807,0.3266621511910804,0.33611308610334023,0.3266621511910804,-0.009450934912259845
72.20680520741851,61.52304609218437,-7.571829041111776,0.015509178023309195,0.8500000000000002,0.41387390331467416,0.1413873903314674,2.829106606057608,0.3284696924119158,0.33412529064342406,0.3453438129451939,0.33412529064342406,-0.01121852230176984
72.50118912275808,61.723446893787575,-7.78747089309661,0.016822555211961177,0.8500000000000002,0.4316044953614759,0.1431604495361476,2.794067784056526,0.333899668276584,0.3417821495662555,0.35143135976939005,0.3417821495662555,-0.009649210203134528
72.79402003321395,61.92384769539078,-8.000987779630702,0.01818158065107947,0.8500000000000002,0.4499513387895729,0.1449951338789573,2.7587132705703223,0.3394394339970398,0.34964875004947316,0.3575399257126829,0.34964875004947316,-0.007891175663209737
73.08520765588918,62.12424849699399,-8.212245324622678,0.019589701243241768,0.8500000000000002,0.4689609667837639,0.14689609667837641,2.723013129993408,0.34509781336341194,0.35774131080040594,0.36064021034820143,0.35774131080040594,-0.002898899547795486
73.37466428372768,62.324649298597194,-8.421110491935064,0.02105047064004112,0.7500000000000002,0.475630883000514,0.1475630883000514,2.710704991390863,0.37206409765336795,0.36056712696322957,0.368742837931921,0.37206409765336795,0.0033212597214469786
73.66230499283613,62.5250501002004,-8.627451705106843,0.022567545480836657,0.7500000000000002,0.4945943185104582,0.14945943185104582,2.676311525114372,0.3776019840205535,0.3685637778877431,0.37892733604948997,0.3776019840205535,-0.0013253520289364662
73.94804785178682,62.72545090180361,-8.831138965774056,0.02414467909284924,0.8500000000000002,0.5304531677534647,0.1530453167753465,2.6136049663457235,0.36286998781187785,0.3835394163273773,0.3912255052207337,0.3835394163273773,-0.007686088893356369
74.23181413286456,62.92585170340681,-9.032043970673097,0.025785712155991798,0.7500000000000002,0.5348214019498975,0.15348214019498974,2.6061664210039313,0.38910329175547564,0.38535119762180603,0.39840443476971077,0.38910329175547564,-0.009301143014235125
74.51352852519707,63.12625250501002,-9.23004022711263,0.027494559767639287,0.7500000000000002,0.5561819970954911,0.15561819970954913,2.570393442068942,0.395081506765033,0.3941731923084676,0.4031622615503239,0.395081506765033,-0.008080754785290911
74.79311934968052,63.32665330661323,-9.425003166801492,0.02927519426903331,0.7500000000000002,0.5784399283629165,0.15784399283629166,2.534147754453102,0.4012207286004091,0.4033014099252471,0.4083870009226299,0.4033014099252471,-0.005085590997382816
75.07051877557609,63.52705410821643,-9.616810257921667,0.03113162311854846,0.7500000000000002,0.6016452889818558,0.16016452889818558,2.4974318767813726,0.40752741597921066,0.41275113847056977,0.4134509847172655,0.41275113847056977,-0.0006998462466957234
75.345663038611,63.72745490981964,-9.805341115337134,0.0330678610207854,0.7500000000000002,0.6258482627598175,0.16258482627598175,2.4602541895331287,0.41400752678382685,0.42253732750512324,0.4250736532815246,0.42253732750512324,-0.002536325776401338
75.61849266036499,63.92785571142285,-9.990477608831046,0.03508789544369789,0.7500000000000002,0.6510986930462237,0.16510986930462238,2.422629257019233,0.4206664324169802,0.43267443512555026,0.43817183985138297,0.43267443512555026,-0.005497404725832711
75.88895266866197,64.12825651302606,-10.172103969265844,0.037195644586354014,0.7500000000000002,0.6774455573294252,0.16774455573294256,2.384578135798454,0.42750882076155866,0.44317624668916944,0.44954253498394364,0.44317624668916944,-0.006366288294774203
76.15699281861247,64.32865731462925,-10.35010689256285,0.0393949068014936,0.7500000000000002,0.7049363350186701,0.17049363350186703,2.3461286605497778,0.4345385868710504,0.4540556620130622,0.45559901509564704,0.4540556620130622,-0.001543353082584853
76.42256781386702,64.52905811623246,-10.524375641399942,0.04168930043545726,0.7500000000000002,0.7336162554432157,0.17336162554432158,2.307315697716137,0.4417587105089334,0.4653244476543996,0.4672846750787074,0.4653244476543996,-0.001960227424307792
76.68563752753954,64.72945891783567,-10.694802144528214,0.044082193035285114,0.6000000000000002,0.7169041233881362,0.17169041233881363,2.3297748228983255,0.4750652527814814,0.4587678449468633,0.4771786651391836,0.4750652527814814,-0.002113412357702238
76.94616722214442,64.92985971943888,-10.861281093610993,0.046576618896777534,0.6500000000000001,0.7601311173129417,0.1760131117312942,2.272557970628061,0.4733353265451036,0.47567222134056997,0.4841885007868875,0.47567222134056997,-0.008516279446317554
77.20412776775771,65.13026052104209,-11.023710037490762,0.049175184002100684,0.6000000000000002,0.7729270240231075,0.17729270240231076,2.256156032256331,0.48897661704731865,0.4806427470577709,0.4966921354768431,0.48897661704731865,-0.007715518429524448
77.45949585746177,65.3306613226453,-11.181989473792175,0.051879957538605734,0.5000000000000001,0.7687995753860574,0.17687995753860575,2.2614207147392387,0.5129656308451243,0.47904107440616533,0.5086395266087294,0.5129656308451243,0.004326104236394901
77.71225421896315,65.53106212424849,-11.336022937772114,0.054692349416950746,0.45000000000000007,0.7800773194610322,0.17800773194610323,2.2470934022186806,0.5282229699006697,0.4834138358618174,0.5208740351057741,0.5282229699006697,0.007348934794895623
77.96239182108344,65.7314629258517,-11.48571708833012,0.05761297353595525,0.5500000000000002,0.8454362221275302,0.18454362221275303,2.16750920570344,0.5189011074512864,0.5085401764661901,0.5291189671139579,0.5189011074512864,-0.010217859662671525
78.20990407361398,65.93186372745491,-11.630981791095557,0.06064149699763969,0.45000000000000007,0.836594221477577,0.1836594221477577,2.177944345693258,0.5418090992821836,0.505161696683091,0.533286551539987,0.5418090992821836,0.008522547742196518
78.45479301879757,66.13226452905812,-11.77173019851079,0.06377647607297159,0.45000000000000007,0.8663765226932301,0.18663765226932302,2.1431902680751125,0.5488210545691916,0.5165167027423847,0.5489750509229955,0.5488210545691916,-0.00015399635380386467
78.69706751245513,66.33266533066133,-11.907878826832265,0.06701518047770574,0.40000000000000013,0.8751366242993518,0.18751366242993517,2.1331778965677275,0.5633651506235706,0.5198435072901505,0.5616606060718893,0.5633651506235706,0.0017045445516813418
78.93674339251601,66.53306613226454,-12.039347629974857,0.0703534084508372,0.40000000000000013,0.9051806760575348,0.19051806760575352,2.0995384061302556,0.5703144796046073,0.5312095580679324,0.5711759229137476,0.5703144796046073,-0.0008614433091402862
79.17384363244133,66.73346693386773,-12.166060070127523,0.07378529623540822,0.45000000000000007,0.961460314236378,0.19614603142363782,2.039296931458566,0.5705895603955592,0.5523275386733895,0.5778175546321023,0.5705895603955592,-0.007227994236543078
79.40839847675659,66.93386773547094,-12.287943185071901,0.07730312683644992,0.40000000000000013,0.9677281415280493,0.19677281415280495,2.032801135269519,0.584493652867657,0.5546661060168037,0.5802135735389043,0.584493652867657,0.004280079328752628
79.64044555563929,67.13426853707415,-12.404927652138202,0.08089714434234016,0.3500000000000001,0.9721257269098915,0.19721257269098916,2.0282682515721597,0.5979766249087549,0.5563053334072899,0.5827247968042936,0.5979766249087549,0.015251828104461351
79.87002997525256,67.33466933867736,-12.516947848736656,0.08455538159597241,0.1,0.8693322895758345,0.18693322895758346,2.1398014800822973,0.637011675769577,0.5176398634474054,0.6048058277080702,0.637011675769577,0.032205848061506726
80.09720438028457,67.53507014028057,-12.623941909405639,0.08826351050875592,0.1,0.8915810630525355,0.18915810630525356,2.1146331384524473,0.6421804087924157,0.5260729232879205,0.6076927973261277,0.6421804087924157,0.03448761146628798
80.32202898496436,67.73547094188378,-12.725851779321259,0.09200472571249856,0.15000000000000002,0.9425307171312406,0.1942530717131241,2.059169497153312,0.641326764616584,0.5452488775433839,0.614501655495761,0.641326764616584,0.026825109120823032
80.54457156869174,67.93587174348697,-12.822623264216613,0.0957596734025266,0.1,0.9365580404151596,0.19365580404151594,2.0655203286044967,0.6524747099691278,0.5430103752568931,0.6172596643273449,0.6524747099691278,0.035215045641782905
80.76490743236063,68.13627254509018,-12.914206076662554,0.0995064379624494,0.1,0.9590386277746964,0.19590386277746963,2.0418178300770236,0.65754609023822,0.5514232958507174,0.621868020016919,0.65754609023822,0.035678070221300984
80.98311931149162,68.33667334669339,-13.00055387866508,0.1032205990841321,0.1,0.9813235945047926,0.19813235945047927,2.0188524535285466,0.6625268895835579,0.5597298299601102,0.6411033628482261,0.6625268895835579,0.021423526735331766
81.19929724243917,68.5370741482966,-13.08162432053853,0.10687537140725928,0.15000000000000002,1.0391899141471854,0.20391899141471856,1.9615632522745434,0.6627552039789355,0.5811525202615566,0.6472142219350681,0.6627552039789355,0.015540982043867446
81.41353837822035,68.7374749498998,-13.157379076016973,0.11044183701467254,0.1,1.0246510220880354,0.20246510220880354,1.9756491150137938,0.6720841720480311,0.5757893287887821,0.6487579473876249,0.6720841720480311,0.023326224660406125
81.62594675094074,68.93787575150301,-13.227783873570242,0.11388927829217135,0.1,1.0453356697530283,0.20453356697530284,1.9556692132020534,0.6765903664785574,0.5834158390153887,0.6526411505650739,0.6765903664785574,0.023949215913483535
81.83663297838098,69.13827655310621,-13.292808523894546,0.11718561463033404,0.1,1.0651136877820044,0.20651136877820045,1.9369393673895614,0.6808662970576806,0.5906846766042705,0.6597993373428623,0.6808662970576806,0.021066959714818312
82.04571391305844,69.33867735470942,-13.352426943551492,0.12029794126033634,0.1,1.0837876475620183,0.20837876475620185,1.91958139529232,0.6848749809201912,0.5975273541258523,0.662470232807271,0.6848749809201912,0.022404748112920148
82.25331223299075,69.53907815631263,-13.406617174733048,0.12319316236074623,0.1,1.1011589741644774,0.21011589741644776,1.9037112608723925,0.6885797945622627,0.603875396562856,0.6671347485914719,0.6885797945622627,0.021445045970790777
82.45955597444883,69.73947895791584,-13.455361401133898,0.12583870378742193,0.1,1.1170322227245317,0.2117032222724532,1.889437466781761,0.6919451846865335,0.6096617603328706,0.668581390239665,0.6919451846865335,0.023363794446868535
82.66457800817251,69.93987975951904,-13.498645959916294,0.12820328386138868,0.1,1.1312197031683322,0.21312197031683322,1.8768595251130071,0.6949374186417229,0.6148223548240062,0.6707628121777164,0.6949374186417229,0.024174606464006487
82.8685154617998,70.14028056112225,-13.536461349756568,0.13025771421434224,0.1,1.1435462852860532,0.21435462852860532,1.8660665400403078,0.6975253491179468,0.6192976125440138,0.67673135869349,0.6975253491179468,0.020793990424456843
83.07150909258496,70.34068136272545,-13.568802234966089,0.13197569742466714,0.1,1.1538541845480026,0.21538541845480028,1.857135932736979,0.699681163825248,0.623034044439573,0.6815491836796481,0.699681163825248,0.018131980145599913
83.27370261579998,70.54108216432866,-13.595667445683532,0.1333345847563801,0.1,1.1620075085382804,0.21620075085382806,1.8501323349724972,0.7013810884950106,0.6259857108635221,0.6833446403940266,0.7013810884950106,0.018036448100983926
83.47524199546788,70.74148296593187,-13.617059974138934,0.13431605630938653,0.1,1.1678963378563192,0.21678963378563193,1.8451066732993884,0.7026060111338128,0.6281155370911533,0.6851770453708389,0.7026060111338128,0.017428965762973925
83.67627470520593,70.94188376753507,-13.63298696699419,0.13490668767599798,0.1,1.171440126055988,0.2171440126055988,1.842095460981117,0.7033419973049506,0.6293964058892765,0.6872465783663375,0.7033419973049506,0.016095418938613104
83.87694896790097,71.14228456913828,-13.643459713768179,0.1350983718666552,0.1,1.1725902311999312,0.21725902311999312,1.8411203100139055,0.7035806703671075,0.629811968577443,0.6872465783663376,0.7035806703671075,0.01633409200076985
84.07741298364823,71.34268537074149,-13.648493631358745,0.1348885725945969,0.1,1.1713314355675815,0.21713314355675817,1.8421876708814877,0.7033194368735474,0.6293571298699113,0.6872465783663378,0.7033194368735474,0.01607285850720952
84.2778141558157,71.54308617234469,-13.648108244677612,0.1342803944472316,0.1,1.1676823666833895,0.21676823666833897,1.8452888031377512,0.7025615452832321,0.6280381795312691,0.6851770453708388,0.7025615452832321,0.017384499912393325
84.47829832522501,71.7434869739479,-13.64232716341796,0.13328246620620054,0.1,1.1616947972372031,0.21616947972372033,1.8503999755711487,0.701315975102485,0.6258725640082743,0.6832145358187282,0.701315975102485,0.01810143928375685
84.67900902225486,71.9438877755511,-13.631178054978387,0.13190864463408514,0.1,1.153451867804511,0.21534518678045111,1.857482890517578,0.69959716278698,0.6228883119157089,0.6811699487500665,0.69959716278698,0.018427214036913497
84.88008674618672,72.14428857715431,-13.614692613570599,0.13017755640284157,0.1,1.1430653384170495,0.21430653384170495,1.8664853228201403,0.6974245793755111,0.6191231466689981,0.6767313586934901,0.6974245793755111,0.020693220682020952
85.08166828034796,72.34468937875752,-13.59290652554209,0.12811200457102098,0.1,1.130672027426126,0.2130672027426126,1.8773419599599483,0.6948221821603213,0.614623335958892,0.6707628121777163,0.6948221821603213,0.02405936998260505
85.28388605060852,72.54509018036072,-13.565859430948555,0.12573827241036553,0.1,1.1164296344621931,0.21164296344621933,1.889975426003918,0.6918177681529496,0.6094423398339313,0.6685282852669125,0.6918177681529496,0.02328948288603705
85.48686753360593,72.74549098196393,-13.533594881414702,0.12308536102166995,0.1,1.1005121661300197,0.21005121661300197,1.904297468254894,0.6884422603450328,0.6036393261241585,0.6670609820440809,0.6884422603450328,0.021381278300951823
85.69073471976824,72.94589178356713,-13.496160294325644,0.12018419795982942,0.1,1.0831051877589766,0.20831051877589768,1.9202102819892817,0.6847289586938015,0.5972776236013544,0.6622682660087938,0.6847289586938015,0.02246069268500761
85.89560363484063,73.14629258517034,-13.453606903394656,0.11706685222051434,0.1,1.0644011133230862,0.20644011133230863,1.9376079455611035,0.680712786539815,0.5904231800103826,0.6595849022331011,0.680712786539815,0.021127884306713973
86.10158392225577,73.34669338677355,-13.405989705656685,0.11376578688174448,0.1,1.044594721290467,0.2044594721290467,1.9563779356112976,0.676429560139407,0.5831430847555212,0.6522916733812852,0.676429560139407,0.024137886758121785
86.30877848737724,73.54709418837676,-13.353367404940503,0.1103131750518623,0.1,1.0238790503111739,0.2023879050311174,1.9764026903608667,0.671915304634914,0.5755042056983911,0.6487579473876249,0.671915304634914,0.023157357247289068
86.51728320343312,73.74749498997996,-13.295802351875786,0.10674029823418658,0.15000000000000002,1.0383119385222128,0.20383119385222132,1.96240816942868,0.6625642103112855,0.5808290037883899,0.6471914235163105,0.6625642103112855,0.015372786794975002
86.72718667787971,73.94789579158316,-13.23336048049492,0.10307703942989922,0.30000000000000004,1.122616315439194,0.2122616315439194,1.8844668115030268,0.643124662718711,0.6116941882081457,0.6409088835782228,0.643124662718711,0.0022157791404882055
86.9385700770141,74.14829659318637,-13.166111241492546,0.09935147682877732,0.1,0.9581088609726639,0.1958108860972664,2.0427873443221407,0.6573372888348346,0.5510760231131042,0.621868020016919,0.6573372888348346,0.03546926881791557
87.15150700590478,74.34869739478958,-13.094127532209265,0.09558957821159342,0.1,0.9355374692695605,0.19355374692695607,2.066609437175883,0.652243336816385,0.5426276298679552,0.6172596643273448,0.652243336816385,0.03498367248904022
87.36606344013074,74.54909819639279,-13.017485623408952,0.09181499148299194,0.15000000000000002,0.9412974446394476,0.19412974446394476,2.060477651709324,0.6410478647606939,0.5447868588653303,0.6143809688972114,0.6410478647606939,0.026666895863482476
87.58229770540827,74.749498997996,-12.93626508292255,0.08804892320109214,0.1,0.8902935392065529,0.1890293539206553,2.116073465330148,0.6418827103444857,0.5255859163388863,0.6076927973261277,0.6418827103444857,0.034189913018358054
87.80026050092656,74.9498997995992,-12.850548696233975,0.08431009457112383,0.1,0.8678605674267429,0.1867860567426743,2.1414874695441526,0.6366679220717857,0.5170807081100696,0.6028513197736513,0.6366679220717857,0.033816602298134435
88.01999496209372,75.1503006012024,-12.760422384086986,0.08061476303730215,0.3500000000000001,0.9697254858170683,0.19697254858170685,2.0307398309063087,0.5974403295713071,0.5554107853619519,0.5827064811621752,0.5974403295713071,0.014733848409131944
88.24153675839099,75.35070140280561,-12.66597511719474,0.0769767971837667,0.40000000000000013,0.9647911746539003,0.19647911746539004,2.035839763329863,0.5838361773291569,0.5535706269768362,0.5801805694349056,0.5838361773291569,0.003655607894251345
88.46491422212786,75.55110220440882,-12.5672988281365,0.07340779295431393,0.45000000000000007,0.9578740330659825,0.19578740330659827,2.043032356752849,0.5697845398595901,0.5509883045649583,0.5776127827453323,0.5697845398595901,-0.007828242885742243
88.69014850406063,75.75150300601203,-12.464488320528766,0.06991722003525096,0.40000000000000013,0.9012549803172586,0.19012549803172588,2.10387351586715,0.5694117314039255,0.5297281908561245,0.571314214445181,0.5694117314039255,-0.0019024830412555094
88.91725375206468,75.95190380761524,-12.357641175560953,0.066512588428499,0.40000000000000013,0.870613295856491,0.1870613295856491,2.1383361322515,0.5623106945421925,0.518126424623366,0.5601432259257337,0.5623106945421925,0.0021674686164587786
89.14623730931758,76.15230460921843,-12.246857655987903,0.0631996266185576,0.45000000000000007,0.8608964528762972,0.18608964528762972,2.1495016521834915,0.5475381324841174,0.5144325530420568,0.546339613159565,0.5475381324841174,0.001198519324552394
89.37709992874156,76.35270541082164,-12.132240607674445,0.05998246418230651,0.5000000000000001,0.8498246418230649,0.1849824641823065,2.162367129058171,0.5324361617838187,0.5102146523293094,0.5315159915942362,0.5324361617838187,0.0009201701895824588
89.60983600075639,76.55310621242485,-12.01389535878931,0.05686381310487102,0.6000000000000002,0.8575019441535813,0.18575019441535812,2.1534297784128045,0.5092418202760237,0.5131404049632207,0.528056083236379,0.5131404049632207,-0.014915678273158317
89.84443379169834,76.75350701402806,-11.891929616748214,0.05384514338174978,0.5000000000000001,0.7884514338174978,0.17884514338174978,2.2365717762108264,0.5177601607572191,0.4866534560805519,0.5192619678948706,0.5177601607572191,-0.0015018071376514674
90.08087569055708,76.95390781563127,-11.766453363007837,0.05092684966506004,0.5000000000000001,0.7592684966506004,0.17592684966506003,2.273672272092314,0.5106228090786692,0.47533660279483214,0.5058242351378519,0.5106228090786692,0.004798573940817286
90.31913846196677,77.15430861723448,-11.637578745814931,0.04810840672938707,0.6000000000000002,0.7611924740232577,0.1761192474023258,2.2711884470312453,0.48609667408786705,0.47608506821771834,0.4876393271575887,0.48609667408786705,-0.0015426530697216223
90.55919350365404,77.35470941883767,-11.505419971016295,0.04538851238409842,0.6000000000000002,0.7312736362250826,0.17312736362250827,2.3104377703814123,0.4786731799216374,0.4644070105205622,0.4812833671240984,0.4786731799216374,-0.002610187202461034
90.801007106792,77.55511022044088,-11.37009319103778,0.042765217148470855,0.7500000000000002,0.7470652143558858,0.1747065214355886,2.289553914262287,0.4451060610828346,0.47058132145167186,0.4720985826048469,0.47058132145167186,-0.0015172611531750202
91.04454071793413,77.75551102204409,-11.231716392141742,0.0402360405464475,0.7500000000000002,0.7154505068305939,0.1715450506830594,2.331748997754683,0.4371986969405444,0.4581962605797655,0.4587771130634666,0.4581962605797655,-0.0005808524837010998
91.28975120140498,77.9559118236473,-11.09040928007444,0.03779807428892552,0.7500000000000002,0.6849759286115691,0.16849759286115693,2.3739211534588662,0.4294453562205584,0.4461641725640547,0.450786829055763,0.4461641725640547,-0.004622656491708288
91.536591101205,78.15631262525051,-10.94629316421615,0.035448072908677394,0.7500000000000002,0.6556009113584675,0.16556009113584677,2.4160411923897085,0.4218431838470295,0.4344743731445041,0.43988469634522676,0.4344743731445041,-0.005410323200722655
91.78500890164639,78.35671342685372,-10.799490840348554,0.03318253261517313,0.7500000000000002,0.6272816576896642,0.16272816576896643,2.4580870687616594,0.41438826917531,0.4231147359900428,0.42582192176839506,0.4231147359900428,-0.0027071857783522724
92.03494928607661,78.55711422845691,-10.650126472154795,0.030997759263793015,0.7500000000000002,0.5999719907974127,0.15999719907974128,2.500043765145185,0.4070757693227846,0.4120719618409615,0.4126794696054178,0.4120719618409615,-0.0006075077644562832
92.28635339316706,78.75751503006012,-10.498325471569373,0.028889926401728508,0.7500000000000002,0.5736240800216064,0.15736240800216064,2.541903146236221,0.3999000187072115,0.4013318113668982,0.40719204101413553,0.4013318113668982,-0.005860229647237314
92.53915907034784,78.95791583166333,-10.344214378095801,0.02685512437323241,0.7500000000000002,0.5481890546654051,0.15481890546654054,2.5836637896038352,0.3928546256983851,0.3908793050049269,0.40241564298184473,0.3928546256983851,-0.00956101728345965
92.79330112405843,79.15831663326654,-10.187920737210998,0.024889401453468633,0.7500000000000002,0.523617518168358,0.1523617518168358,2.6253308013999908,0.3859325572999485,0.380698893014411,0.39355297539559814,0.3859325572999485,-0.007620418095649617
93.04871156655805,79.35871743486975,-10.029572977976308,0.022988797944168242,0.7500000000000002,0.49985997430210305,0.14998599743021032,2.6669156244810335,0.37912621276485664,0.37077459887975056,0.3833702103241939,0.37912621276485664,-0.0042439975593372425
93.30531985910156,79.55911823647295,-9.869300289975886,0.021149374109886196,0.7500000000000002,0.47686717637357745,0.14768671763735775,2.7084358458165023,0.372427487007533,0.36109013901832165,0.37016242147088774,0.372427487007533,0.002265065536645239
93.56305315133788,79.75951903807615,-9.707232499703515,0.019367232771457996,0.8500000000000002,0.46595764241468296,0.1465957642414683,2.728591798471964,0.3442092366223276,0.3564666190066962,0.36039989848226983,0.3564666190066962,-0.003933279475573648
93.82183651682962,79.95991983967936,-9.543499946519912,0.017638537304517858,0.8500000000000002,0.44262025361099117,0.1442620253610991,2.7727324567831957,0.33723527717960244,0.3465121329811059,0.35489537466723986,0.3465121329811059,-0.008383241686133969
94.0815931846252,80.16032064128257,-9.378233358302392,0.015959525720572,0.9000000000000002,0.42543336008800803,0.14254333600880081,2.8061641547052294,0.3195184178083601,0.3391233596913924,0.34927893976639895,0.3391233596913924,-0.010155580075006554
94.34224476684139,80.36072144288578,-9.211563726909663,0.01432652144147593,0.8500000000000002,0.3979080394599251,0.1397908039459925,2.8614185533587606,0.32351361517576505,0.327182985915221,0.33611308610334023,0.327182985915221,-0.008930100188119239
94.60371148223324,80.56112224448898,-9.043622183584036,0.01273594131073993,0.8500000000000002,0.37643520769498906,0.1376435207694989,2.906057602739249,0.3167446541196476,0.3177722555347519,0.3320907762067193,0.3177722555347519,-0.014318520671967372
94.86591237574333,80.7615230460922,-8.874539874413959,0.011184301324328802,0.9000000000000002,0.3585802185406033,0.13585802185406035,2.9442501410014854,0.29852214180111714,0.3098799335707599,0.3151445577320875,0.3098799335707599,-0.0052646241613276135
95.12876553403156,80.96192384769539,-8.70444783597921,0.009668220507709805,0.9000000000000002,0.33735508710793727,0.13373550871079373,2.990978266400509,0.291603413304347,0.30041501020824884,0.3090060050478259,0.30041501020824884,-0.008590994839577037
95.39218829699281,81.1623246492986,-8.533476871301186,0.00818442331396215,0.9000000000000002,0.3165819263954701,0.131658192639547,3.03817021926708,0.2847043626668597,0.2910604552677441,0.30242265096978105,0.2910604552677441,-0.011362195702036948
95.65609746527252,81.3627254509018,-8.361757426220326,0.006729740872147787,0.9000000000000002,0.296216372210069,0.12962163722100692,3.0859045493924273,0.2778122015561718,0.28179768042774467,0.2925135504616946,0.28179768042774467,-0.010715870033949915
95.9204095037897,81.56312625250501,-8.189419466322057,0.005301111373933961,0.9000000000000002,0.27621555923507546,0.12762155592350755,3.1342667553727974,0.27091373346955694,0.2726081252200151,0.28638117018904097,0.2726081252200151,-0.013773044969025872
96.18504074127459,81.76352705410822,-8.016592354532337,0.0038955798510879446,0.9000000000000002,0.25653811791523123,0.12565381179152313,3.1833495084387473,0.2639953337336404,0.2634732420797746,0.281416438851545,0.2639953337336404,-0.017421105117904567
96.44990756582322,81.96392785571143,-7.843404729503094,0.0025102975655537495,0.9000000000000002,0.2371441659177525,0.12371441659177525,3.2332529305771525,0.25704292403019946,0.254374476330235,0.2787236000589925,0.25704292403019946,-0.021680676028793033
96.71492661646495,82.16432865731463,-7.669984384906964,0.0011425212054847447,0.9000000000000002,0.21799529687678645,0.12179952968767865,3.2840849305879085,0.25004194149046277,0.2452932417085982,0.2762839738051434,0.25004194149046277,-0.02624203231468064
96.98001497073118,82.36472945891784,-7.496458149759747,0.0002103879415538194,0.9000000000000002,0.20494543118175348,0.12049454311817537,3.319652406231367,0.2451898052789892,0.2390465658915803,0.2747323495766534,0.2451898052789892,-0.029542544297664175
97.24509032820384,82.56513026052104,-7.3229517698884266,0.001550964686316085,0.9000000000000002,0.2237135056084252,0.12237135056084253,3.2687389504712683,0.252147142581554,0.24801547982481023,0.2767274957646638,0.252147142581554,-0.024580353183109804
97.51007119001277,82.76553106212425,-7.149589790660588,0.0028816403731639958,0.9000000000000002,0.24234296522429596,0.1242342965224296,3.21972282370338,0.25891998162252694,0.2568230711293633,0.27921200289100784,0.25891998162252694,-0.020292021268480898
97.77487703423878,82.96593186372746,-6.9764954410906395,0.004204742933056126,0.9000000000000002,0.2608664010627858,0.12608664010627857,3.172421754301959,0.26552861664028327,0.2654907806838198,0.28183864436823186,0.26552861664028327,-0.016310027727948595
98.03942848716778,83.16633266533066,-6.803790519436265,0.005522496446122009,0.9000000000000002,0.2793149502457082,0.12793149502457082,3.12667338033668,0.2719914059199682,0.2740383567213842,0.2872143616500979,0.2740383567213842,-0.01317600492871368
98.30364749032778,83.36673346693387,-6.63159528039739,0.006837020116966768,0.9000000000000002,0.2977182816375348,0.1297718281637535,3.082333089237652,0.2783249589100434,0.2824839854275533,0.29251355046169464,0.2824839854275533,-0.010029565034141319
98.56745746322689,83.56713426853707,-6.460028324028094,0.008150326575597631,0.9000000000000002,0.3161045720583669,0.1316104572058367,3.0392721710130246,0.28454429464414255,0.29084439902968245,0.302422650969781,0.29084439902968245,-0.011578251940098538
98.83078346169617,83.76753507014028,-6.289206486470254,0.009464319424478826,0.9000000000000002,0.3345004719427036,0.13345004719427037,2.9973762348521213,0.2906629757094664,0.2991349641707427,0.30878435543954125,0.2991349641707427,-0.009649391268798546
99.09355233172545,83.96793587174349,-6.119244732615886,0.01078078996041812,0.9000000000000002,0.35293105944585373,0.13529310594458538,2.956543847576652,0.29669322126315667,0.30736975285559753,0.3113437600674028,0.30736975285559753,-0.003974007211805242
99.35569285866467,84.1683366733467,-5.950256050803274,0.012101413007650795,0.8500000000000002,0.3678690756032858,0.1367869075603286,2.924256474060456,0.31401010193348156,0.31399360201556803,0.3232746404216504,0.31401010193348156,-0.009264538488168828
99.61713591164686,84.3687374749499,-5.782351349649791,0.013427741806802666,0.8500000000000002,0.385774514391836,0.13857745143918362,2.886472480521442,0.31970359320661856,0.32187594523822605,0.33456265427738757,0.32187594523822605,-0.012686709039161526
99.87781458307153,84.5691382765531,-5.615639357122182,0.014761201913868736,0.8500000000000002,0.40377622583722794,0.1403776225837228,2.849457004882922,0.325342675517708,0.32973994016129604,0.33864860809044806,0.32973994016129604,-0.008908667929152014
100.13766432296981,84.76953907815631,-5.450226521943057,0.01610308407126249,0.8500000000000002,0.4218916349620436,0.14218916349620436,2.8131539012160918,0.33093458497186445,0.33759446862062437,0.3497498279827646,0.33759446862062437,-0.012155359362140239
100.39662306805447,84.96993987975952,-5.28621691742975,0.017454536025377818,0.8500000000000002,0.4401362363426006,0.14401362363426004,2.777515001051902,0.33648560225363866,0.3454473186398913,0.35389904980202,0.3454473186398913,-0.008451731162128717
100.65463136523961,85.17034068136273,-5.1237121478592265,0.018816553279440238,0.8500000000000002,0.45852346927244325,0.14585234692724433,2.7424995786974375,0.3420010827669666,0.35330517935708017,0.35874164600379066,0.35330517935708017,-0.005436466646710492
100.91163248939576,85.37074148296594,-4.962811257450529,0.0201899687832647,0.8000000000000002,0.47046959418244116,0.1470469594182441,2.720219456305004,0.35804341013097096,0.35838107552052323,0.3642010209107084,0.35838107552052323,-0.005819945390185155
101.16757255508705,85.57114228456913,-4.803610642053297,0.021575441580240766,0.7500000000000002,0.4821930197530096,0.14821930197530095,2.6987038440287314,0.3739891496145539,0.36334052417204893,0.37410547252627663,0.3739891496145539,-0.00011632291172275488
101.42240062201846,85.77154308617234,-4.6462039636282935,0.022973444453867512,0.7500000000000002,0.49966805567334394,0.1499668055673344,2.667256920535004,0.379070760209633,0.3706940929658433,0.3829947317587754,0.379070760209633,-0.003923971549142424
101.67606879390145,85.97194388777555,-4.490682067603155,0.024384250638816232,0.7500000000000002,0.5173031329852029,0.1517303132985203,2.636256337341267,0.38413465488066617,0.3780691115866084,0.39207434838839783,0.38413465488066617,-0.00793969350773166
101.92853231042842,86.17234468937876,-4.337132903183569,0.025807919688860672,0.7500000000000002,0.5350989961107584,0.15350989961107586,2.6056951441790908,0.3891815410324307,0.3854662439562907,0.39868259952347124,0.3891815410324307,-0.009501058491040548
102.1797496320278,86.37274549098197,-4.185641446697228,0.027244282625037707,0.7500000000000002,0.5530535328129713,0.15530535328129713,2.5755712314404207,0.394211321624026,0.39288497065230654,0.4024156429818448,0.394211321624026,-0.008204321357818789
102.42968251705487,86.57314629258518,-4.036289628044932,0.02869292652177922,0.7500000000000002,0.5711615815222403,0.15711615815222402,2.5458870984641493,0.39922308975401893,0.40032354398201475,0.40696117852276364,0.40032354398201475,-0.0066376345407488935
102.67829609105755,86.77354709418837,-3.889156260329856,0.03015317872670589,0.7500000000000002,0.5894147340838236,0.15894147340838238,2.516649628459431,0.4042151220543096,0.40777894123046454,0.4108583041561172,0.40777894123046454,-0.00307936292565264
102.92555890774202,86.97394789579158,-3.744316972733136,0.03162409094971034,0.7500000000000002,0.6078011368713793,0.16078011368713796,2.4878698666575154,0.4091848715836513,0.41524681720258066,0.4174523325563597,0.41524681720258066,-0.002205515353779053
103.17144300125139,87.17434869739479,-3.601844146700535,0.03310442350034681,0.7500000000000002,0.6263052937543352,0.16263052937543354,2.459562798794055,0.4141289609394316,0.4227214573162916,0.42523227252301077,0.4227214573162916,-0.0025108152067191414
103.41592392936144,87.374749498998,-3.461806855501576,0.0345926299979756,0.7500000000000002,0.644907874974695,0.1644907874974695,2.4317471275171174,0.41904317633887816,0.4301957326473778,0.43669498617167135,0.4301957326473778,-0.006499253524293536
103.65898080719114,87.57515030060121,-3.324270807219256,0.036086842923766585,0.7500000000000002,0.6635855365470823,0.16635855365470822,2.4044450448291053,0.4239224634503976,0.43766105846686465,0.44408037337109485,0.43766105846686465,-0.0064193149042302
103.90059633102393,87.77555110220442,-3.1892982912251333,0.037584860428014774,0.7500000000000002,0.6823107553501848,0.16823107553501848,2.3776819991663025,0.4287609257863065,0.44510735795174644,0.4505263905094042,0.44510735795174644,-0.005419032557657744
104.14075679183797,87.97595190380761,-3.056948128190827,0.03908413484895729,0.7500000000000002,0.7010516856119662,0.17010516856119662,2.351486456192523,0.43355182649808305,0.4525230328849902,0.4539083160982114,0.4525230328849902,-0.0013852832132212334
104.37945207815164,88.17635270541082,-2.9272756236836757,0.0405817634364528,0.7500000000000002,0.71977204295566,0.171977204295566,2.3258896528667026,0.4382875944349182,0.4598949432738263,0.4607778584381231,0.4598949432738263,-0.0008829151642967825
104.61667566780375,88.37675350701403,-2.800332525390691,0.04207448180368924,0.7500000000000002,0.7384310225461155,0.17384310225461155,2.30092534482132,0.44295983533428324,0.4672083979003865,0.46839229315272063,0.4672083979003865,-0.001183895252334144
104.85242460830882,88.57715430861724,-2.67616698401121,0.04355866065184642,0.7500000000000002,0.7569832581480804,0.17569832581480804,2.276629547521207,0.44755934901163846,0.4744471578755827,0.47461055166661337,0.4744471578755827,-0.00016339379103064156
105.0866994854553,88.77755511022045,-2.554823517855062,0.0450303063210956,0.6000000000000002,0.7273333695320516,0.17273333695320517,2.3157081722352366,0.47768665086702367,0.46286269484101367,0.4800207871236837,0.47768665086702367,-0.0023341362566600132
105.31950437985002,88.97795591182366,-2.4363429811794997,0.046485065714555525,0.6500000000000001,0.7590782557173885,0.17590782557173887,2.2739181653795826,0.47307592795827164,0.4752625768433042,0.4841262282187833,0.4752625768433042,-0.00886365137547912
105.55084681115717,89.17835671342685,-2.3207625362941147,0.04791823611847462,0.6000000000000002,0.7591005973032209,0.1759100597303221,2.273889285315563,0.4855814338419844,0.4752712705029371,0.4875280638096755,0.4855814338419844,-0.001946629967691127
105.78073766983279,89.37875751503006,-2.208115629459505,0.04932478039664676,0.5500000000000002,0.7584101941647912,0.17584101941647912,2.2747820805826926,0.4979112605043198,0.47500259649772564,0.497491676630518,0.4979112605043198,0.0004195838738017543
106.00919113621856,89.57915831663327,-2.098431970601554,0.0506993479699751,0.5000000000000001,0.756993479699751,0.1756993479699751,2.276616302915109,0.5100618707882281,0.47445113730856225,0.5051526472011816,0.5100618707882281,0.004909223587046485
106.23622458693136,89.77955911823648,-1.9917375168593239,0.05203630190220742,0.5000000000000001,0.7703630190220742,0.17703630190220743,2.259423608051612,0.5133488368317605,0.47964795536191374,0.5095918565269558,0.5133488368317605,0.003756980304804647
106.46185848856602,89.97995991983969,-1.888054459980801,0.05332975229701792,0.5000000000000001,0.7832975229701792,0.17832975229701795,2.243035695657661,0.5165073796926453,0.48466033860386815,0.5147863573828744,0.5165073796926453,0.001721022309770892
106.68611627882001,90.1803607214429,-1.7874012175770275,0.054573596072270365,0.45000000000000007,0.7789491626865686,0.17789491626865686,2.248518442179203,0.5279478580008622,0.48297692252549185,0.5204908027238988,0.5279478580008622,0.007457055276963387
106.90902423524787,90.38076152304609,-1.6897924282410233,0.05576156301801397,0.6000000000000002,0.8453771931981536,0.18453771931981536,2.1675785388177204,0.5063871702798699,0.5085176425599899,0.5234943353493571,0.5085176425599899,-0.014976692789367196
107.13061133196076,90.5811623246493,-1.595238950534283,0.05688726786451822,0.6000000000000002,0.8577599465097004,0.18577599465097006,2.1531307139628404,0.5093023887295449,0.5132386472178135,0.5280560832363789,0.5132386472178135,-0.014817436018565333
107.35090908469961,90.78156312625251,-1.5037478658397907,0.057944267893204636,0.45000000000000007,0.8109705449854441,0.1810970544985444,2.208760386012877,0.5356962055552658,0.49533506057804044,0.5295528781149946,0.5356962055552658,0.006143327440271129
107.56995138482988,90.98196392785572,-1.4153224850764148,0.05892612542438569,0.5000000000000001,0.8392612542438568,0.1839261254243857,2.1747862033033747,0.5299410411101356,0.506181415685395,0.5297045143800823,0.5299410411101356,0.00023652673005336577
107.78777432292775,91.18236472945893,-1.3299623592659588,0.05982647431450323,0.5000000000000001,0.8482647431450322,0.18482647431450322,2.164192123901875,0.5320684882445903,0.5096196213925178,0.531301055129376,0.5320684882445903,0.0007674331152143221
108.00441600275114,91.38276553106213,-1.247663293940203,0.060639089403935253,0.45000000000000007,0.836571349337385,0.1836571349337385,2.1779714691962044,0.5418036763569835,0.5051529492209309,0.5330469355090123,0.5418036763569835,0.008756740847971178
108.21991634651177,91.58316633266533,-1.1684173673714073,0.06135795768486487,0.45000000000000007,0.8434005980062163,0.18434005980062163,2.1699027353719624,0.5434202570557821,0.507762930091169,0.5340801601818247,0.5434202570557821,0.009340096873957426
108.43431689248345,91.78356713426854,-1.0922129526059394,0.061977349812721794,0.45000000000000007,0.8492848232208572,0.18492848232208572,2.162998338478381,0.5448089551459226,0.5100087576715322,0.5369121678553631,0.5448089551459226,0.007896787290559537
108.64766058609491,91.98396793587175,-1.019034743277106,0.062491890474958976,0.45000000000000007,0.8541729595121104,0.18541729595121104,2.1572960491520288,0.5459596569674788,0.511872326110899,0.5390805755647484,0.5459596569674788,0.006879081402730414
108.85999156576034,92.18436873747495,-0.9488637831691684,0.06289662606975908,0.45000000000000007,0.8580179476627114,0.18580179476627115,2.1528317339624135,0.546862949633317,0.5133368838233519,0.54246194795174,0.546862949633317,0.004401001681577088
109.07135494479357,92.38476953907816,-0.881677499501031,0.06318708813429574,0.45000000000000007,0.8607773372758096,0.18607773372758096,2.1496392501512442,0.547510210581874,0.5143872258589218,0.546339613159565,0.547510210581874,0.001170597422308961
109.28179659083182,92.58517034068136,-0.8174497398944003,0.06335935100376561,0.45000000000000007,0.8624138345357732,0.18624138345357732,2.1477503688094344,0.5478936873339443,0.5150098675979404,0.546339613159565,0.5478936873339443,0.0015540741743792497
109.4913629042583,92.78557114228457,-0.7561508129873435,0.06341008228587738,0.45000000000000007,0.8628957817158351,0.18628957817158354,2.1471947272948184,0.5480065655904814,0.515193195573123,0.5469387717906699,0.5480065655904814,0.0010677937998115894
109.70010059715845,92.98597194388778,-0.6977475326507543,0.06333658488963073,0.45000000000000007,0.8621975564514921,0.18621975564514923,2.147999811374575,0.5478430240315902,0.5149275916949658,0.546339613159565,0.5478430240315902,0.0015034108720252126
109.90805647437155,93.18637274549098,-0.6422032657615593,0.06313682955301891,0.45000000000000007,0.8602998807536797,0.18602998807536797,2.1501909672646136,0.5473982744648369,0.5142055277783463,0.5462908465888778,0.5473982744648369,0.0011074278759590772
110.11527721820423,93.3867735470942,-0.5894779834829333,0.06280947706713634,0.45000000000000007,0.8571900321377952,0.18571900321377954,2.153791443407455,0.5466685863202204,0.513021628029521,0.542485243450774,0.5466685863202204,0.004183342869446438
110.32180917835817,93.5871743486974,-0.5395283159983695,0.06235388967568976,0.45000000000000007,0.8528619519190528,0.18528619519190528,2.1588224615747036,0.5456512948680872,0.511372697993289,0.5389317560138844,0.5456512948680872,0.0067195388542027334
110.52769816858702,93.7875751503006,-0.49230761064301287,0.061770131434267427,0.45000000000000007,0.8473162486255406,0.18473162486255407,2.165303316622761,0.5443447929455805,0.5092577193706191,0.5355057255803821,0.5443447929455805,0.00883906736519835
110.73298927154161,93.9879759519038,-0.4477659933721485,0.061058957629187616,0.45000000000000007,0.8405600974772824,0.18405600974772826,2.17325150397561,0.5427485063991051,0.5066778110570198,0.5333927110048364,0.5427485063991051,0.009355795394268673
110.93772665318527,94.18837675350701,-0.40585043350363836,0.06022179365994894,0.5000000000000001,0.8522179365994894,0.18522179365994895,2.1595730831457396,0.5329997467713463,0.5111272127549006,0.5321242196362026,0.5329997467713463,0.0008755271351437166
111.141953388068,94.38877755511022,-0.36650481166770454,0.059260704080989,0.5000000000000001,0.8426070408098899,0.184260704080989,2.1708372492931867,0.5307326794614982,0.5074598428355586,0.5300162466917843,0.5307326794614982,0.0007164327697138928
111.34571129663753,94.58917835671343,-0.3296699908941414,0.05817835275645071,0.5000000000000001,0.831783527564507,0.1831783527564507,2.183664139243734,0.5281671914914409,0.5033209122963229,0.5296473088596886,0.5281671914914409,-0.0014801173682477131
111.54904079564184,94.78957915831664,-0.2952838907643791,0.05697795529659373,0.5000000000000001,0.8197795529659372,0.18197795529659372,2.198068438279058,0.5253062853793741,0.49871941810538944,0.5287633052694752,0.5253062853793741,-0.003457019890101165
111.75198076254388,94.98997995991984,-0.26328156455209006,0.05566322511710503,0.6000000000000002,0.8442954762881553,0.18442954762881555,2.168849867837031,0.5061317000693472,0.5081046551157001,0.5235272311151168,0.5081046551157001,-0.015422575999416654
111.95456841472642,95.19038076152304,-0.2335952792737408,0.05423831457702279,0.45000000000000007,0.7757639884817167,0.17757639884817167,2.2525515924106623,0.5271702674616293,0.4817427552561963,0.5199950022969795,0.5271702674616293,0.0071752651646498355
112.15683920411742,95.39078156312625,-0.20615459856703655,0.05270775271197739,0.5000000000000001,0.7770775271197737,0.1777077527119774,2.250886603964354,0.5149910924357556,0.48225182478082484,0.5125138036550634,0.5149910924357556,0.0024772887806921995
112.35882672771665,95.59118236472946,-0.18088646831286814,0.05107638108910745,0.5000000000000001,0.7607638108910745,0.17607638108910748,2.27174137454342,0.5109911378462607,0.47591833911578424,0.5058732259176612,0.5109911378462607,0.005117911928599561
112.56056265435468,95.79158316633267,-0.15771530491315033,0.04934928926681877,0.5500000000000002,0.7586675373015972,0.17586675373015973,2.274449215192418,0.49797469864420973,0.47510274805179975,0.497491676630518,0.49797469864420973,0.00048302201369171405
112.76207666786851,95.99198396793588,-0.13656308613491053,0.04753175125643839,0.6000000000000002,0.7548492638208223,0.17548492638208224,2.279398055700138,0.4845325719690142,0.47361614453016165,0.48702914908004163,0.4845325719690142,-0.0024965771110274093
112.96339642673698,96.19238476953907,-0.1173494444276737,0.04562916426358801,0.6000000000000002,0.7339208068994681,0.17339208068994683,2.3069104333274884,0.4793347780037738,0.465443680044368,0.48176913870894167,0.4793347780037738,-0.002434360705167893
113.16454754008454,96.39278557114228,-0.09999176261947396,0.04364699083146283,0.6000000000000002,0.7121168991460912,0.17121168991460914,2.3362890711463553,0.4738569594941727,0.45688464362339765,0.4757639134084611,0.4738569594941727,-0.0019069539142883563
113.36555355983604,96.59318637274549,-0.08440527189403069,0.04159070533806161,0.7500000000000002,0.7323838167257701,0.17323838167257702,2.3089571498999897,0.4414507582805202,0.4648418549550298,0.46690458400948065,0.4648418549550298,-0.0020627290544508736
113.56643598868975,96.7935871743487,-0.07050315194937928,0.03946574562492558,0.7500000000000002,0.7058218203115698,0.170582182031157,2.344910794533861,0.4347632148531631,0.4544048032710344,0.4560837105376142,0.4544048032710344,-0.001678907266579821
113.76721430347013,96.99398797595191,-0.05819663323609614,0.03727747034091017,0.7500000000000002,0.6784683792613772,0.16784683792613772,2.3831250260193944,0.4277723441248199,0.4435824361460458,0.4497580364494496,0.4435824361460458,-0.006175600303403805
113.96790599332834,97.19438877755512,-0.047395101171675336,0.03503112240604745,0.7500000000000002,0.6503890300755932,0.16503890300755933,2.423670981269663,0.42048065981565025,0.4323905146106206,0.4380094518365188,0.4323905146106206,-0.0056189372258981796
114.16852661217557,97.39478957915831,-0.03800620222451867,0.03273179883725612,0.7500000000000002,0.6216474854657015,0.16216474854657015,2.4666273255135276,0.41288977374632646,0.4208437668406625,0.42485872369511746,0.4208437668406625,-0.004014956854454965
114.36908984466288,97.59519038076152,-0.029935951760486468,0.030384427011834525,0.7500000000000002,0.5923053376479316,0.15923053376479315,2.512081009480623,0.40500029002350296,0.40895574934890666,0.4112596713868704,0.40895574934890666,-0.002303922037963757
114.56960758496075,97.79559118236473,-0.023088843542163007,0.02799374730782762,0.7500000000000002,0.5624218413478452,0.15624218413478452,2.5601280615415254,0.3968117067948292,0.3967387305692403,0.40494509568774373,0.3968117067948292,-0.00813338889291454
114.7700900275409,97.99599198396794,-0.01736796076999947,0.02556430194502367,0.7500000000000002,0.532053774312796,0.1532053774312796,2.610874413852871,0.3883223253629132,0.3842035962139744,0.39838044695619584,0.3883223253629132,-0.01005812159328262
114.97054576912208,98.19639278557115,-0.012675088552398073,0.023100429747659464,0.9000000000000002,0.5254060164672326,0.15254060164672328,2.622252670317774,0.3489403602094925,0.3814427298492026,0.3842967720637555,0.3814427298492026,-0.002854042214552932
115.17098192090873,98.39679358717436,-0.008910827691063439,0.020606266465811977,0.7500000000000002,0.47007833082264977,0.14700783308226498,2.7209434464363653,0.3704278925465046,0.3582151866013775,0.36610003596768,0.3704278925465046,0.004327856578824618
115.37140423022647,98.59719438877755,-0.0059747096660478505,0.01808575023741889,0.8500000000000002,0.44865762820515503,0.14486576282051553,2.761176914490061,0.33905137040947375,0.34909587820762744,0.3565454236018418,0.34909587820762744,-0.007449545394214385
115.57181721063978,98.79759519038076,-0.00376531270383218,0.015542631725807374,0.8500000000000002,0.4143255282983996,0.14143255282983996,2.82820321062328,0.3286089561769162,0.3343210038947182,0.3472231983078324,0.3343210038947182,-0.012902194413114187
115.77222427962352,98.99799599198397,-0.0021803788111901534,0.012980488431124319,0.8500000000000002,0.3797365938201783,0.13797365938201783,2.8991040883571157,0.3177932714447761,0.3192247775722353,0.33255956903898454,0.3192247775722353,-0.013334791466749263
115.9726279028519,99.19839679358718,-0.0011169316558446996,0.010402742662764359,0.9000000000000002,0.34763839727870105,0.1347638397278701,2.9681552618842253,0.2949715342222904,0.30501213529316873,0.31008745790747694,0.30501213529316873,-0.005075322614308209
116.17302974416219,99.39879759519039,-0.00047139517476690873,0.007812682645989858,0.9000000000000002,0.31137755704385806,0.1311377557043858,3.050227585880687,0.28295542717462085,0.28870218930431324,0.3009607892627341,0.28870218930431324,-0.01225859995842088
116.37343082024816,99.5991983967936,-0.00013971278983881952,0.005213486230965637,0.9000000000000002,0.27498880723351893,0.1274988807233519,3.137282443035114,0.27048629386556333,0.27204139620730705,0.2861026880904232,0.27204139620730705,-0.014061291883116167
116.57383165913664,99.79959919839679,-1.7467110224628213e-05,0.0026082466788432297,0.9000000000000002,0.23851545350380524,0.12385154535038052,3.229673064380307,0.25753900066723046,0.2550210316399041,0.27877437024828394,0.25753900066723046,-0.021235369581053487
116.77423246150107,100.0,7.105427357601002e-15,0.001304498412874602,0.9000000000000002,0.22026297778024445,0.12202629777802446,3.2779819373659262,0.25087831085118073,0.24637388039687166,0.2762839738051434,0.25087831085118073,-0.025405662953962682
