position,x,y,curvature,friction,stiffness,next_stiffness,resistance,velocity,push_force,buckling_risk,kickback_score,controller_action,controller_reason
0.0,0.0,0.0,0.0004350276026843783,0.2,0.5,0.55,0.2543502760268438,3.188901917150292,0.12543502760268438,0.3632177857195953,0.2624516319530502,INCREASE,Low curvature and reduced velocity indicate poor pushability
0.32181861784442767,0.20040080160320642,0.2518069528589115,0.0008703238548921287,0.2,0.55,0.5750000000000001,0.24963840047636737,3.2009259626426196,0.12496384004763675,0.34903743166561974,0.26024730081504954,INCREASE,Straight region permits increased mechanical support
0.6435240245928022,0.40080160320641284,0.5034692016129299,0.0017426417331909176,0.2,0.5750000000000001,0.6250000000000001,0.2548583986318024,3.1876106534102027,0.12548583986318024,0.3446485209775142,0.26268900707333476,INCREASE,Low curvature and reduced velocity indicate poor pushability
0.9650031840671001,0.6012024048096193,0.7548421689206603,0.0026189526369758483,0.2,0.6250000000000001,0.6750000000000002,0.2575882171659783,3.1806913784657973,0.12575882171659783,0.3331179333397065,0.26396315580539764,INCREASE,Low curvature and reduced velocity indicate poor pushability
1.2861434098969853,0.8016032064128257,1.0057815308447355,0.0035012654961931442,0.2,0.6750000000000002,0.7250000000000002,0.26226486958026946,3.168907014999227,0.12622648695802693,0.3222726187982702,0.2661416463497981,INCREASE,Low curvature and reduced velocity indicate poor pushability
1.6068325403525103,1.0020040080160322,1.2561433432465334,0.004391604057782346,0.2,0.7250000000000002,0.7750000000000002,0.26892214970783374,3.1522816438510355,0.12689221497078337,0.3121149761240789,0.2692333934192257,INCREASE,Low curvature and reduced velocity indicate poor pushability
1.9269591130908106,1.2024048096192386,1.5057841678124735,0.005292011681839675,0.2,0.7750000000000002,0.8250000000000003,0.27759814894345586,3.1308749181484865,0.1277598148943456,0.3026448645211348,0.2732464135399518,INCREASE,Low curvature and reduced velocity indicate poor pushability
2.246412539787042,1.402805611222445,1.7545611975896553,0.006204556008494831,0.2,0.8250000000000003,0.85,0.28833536711255653,3.1047816446775665,0.12883353671125566,0.29385965503905376,0.2781878854006904,INCREASE,Low curvature and reduced velocity indicate poor pushability
2.5650832806188,1.6032064128256514,2.0023323819090875,0.007131333454495899,0.2,0.85,0.85,0.3007730016356947,3.0750945745107594,0.13007730016356947,0.2918656249484012,0.2838782645974167,INCREASE,Low curvature and reduced velocity indicate poor pushability
2.8828630185718835,1.8036072144288577,2.248956550575345,0.008074473492479438,0.2,0.85,0.85,0.31350539214847245,3.0452863185108714,0.13135053921484727,0.2961714994167618,0.2896671010055163,INCREASE,Low curvature and reduced velocity indicate poor pushability
3.1996448335334975,2.0040080160320644,2.4942935372022426,0.00903614265859274,0.2,0.85,0.85,0.326487925891002,3.0154816503988906,0.1326487925891002,0.300510412375564,0.2955328406664616,INCREASE,Low curvature and reduced velocity indicate poor pushability
3.5153233761366898,2.2044088176352705,2.7382043015749282,0.010018548225286411,0.2,0.85,0.85,0.3397504010413666,2.985630753975415,0.13397504010413666,0.3048906958326667,0.3014877848642913,INCREASE,Low curvature and reduced velocity indicate poor pushability
3.8297950413169217,2.404809619238477,2.9805510509197877,0.011023941465677508,0.2,0.85,0.85,0.3533232097866464,2.955687134509876,0.13533232097866463,0.3093204703686053,0.30754421044401536,INCREASE,Low curvature and reduced velocity indicate poor pushability
4.142958141538035,2.6052104208416833,3.2211973599645995,0.012054620423837906,0.2,0.85,0.85,0.36723737572181175,2.9256075580059844,0.13672373757218118,0.31380765543738465,0.3137143851388513,INCREASE,Low curvature and reduced velocity indicate poor pushability
4.454713079640408,2.80561122244489,3.4600082896726154,0.013112932091463147,0.2,0.85,0.85,0.3815245832347525,2.8953520252489846,0.13815245832347525,0.31835997555534756,0.3200105782526539,INCREASE,Low curvature and reduced velocity indicate poor pushability
4.764962521258541,3.006012024048096,3.6968505045354974,0.014201273875573087,0.2,0.85,0.85,0.3962171973202367,2.8648837785963464,0.13962171973202367,0.3229849623488513,0.32644506634480136,INCREASE,Low curvature and reduced velocity indicate poor pushability
5.0736115667486015,3.2064128256513027,3.9315923883115236,0.015322094224160013,0.2,0.85,0.85,0.4113482720261602,2.8341693395475795,0.14113482720261603,0.32768995239307486,0.33303013348634236,INCREASE,Low curvature and reduced velocity indicate poor pushability
5.3805679225582885,3.4068136272545093,4.1641041580969596,0.016477892256804138,0.2,0.85,0.85,0.42695154546685593,2.803178575129066,0.1426951545466856,0.3324820807384542,0.33977806557338064,INCREASE,Low curvature and reduced velocity indicate poor pushability
5.685742071961579,3.6072144288577155,4.394257976620169,0.01767121622531979,0.2,0.85,0.85,0.44306141904181723,2.7718847910548203,0.14430614190418173,0.33736826998827885,0.34670113809696745,INCREASE,Low curvature and reduced velocity indicate poor pushability
5.989047445069183,3.807615230460922,4.62192806264979,0.01890466060545697,0.2,0.85,0.85,0.4597129181736691,2.740264849477821,0.14597129181736693,0.3423552147605132,0.3538115966778509,INCREASE,Low curvature and reduced velocity indicate poor pushability
6.2904005880115825,4.008016032064129,4.846990799410132,0.02018086159459686,0.2,0.85,0.825,0.47694163152705765,2.7082993089336043,0.14769416315270575,0.34744936133858395,0.36112162957915916,DECREASE,Moderate curvature favors reduced stiffness
6.589721331175119,4.208416833667335,5.069324840898979,0.021502490762563994,0.2,0.825,0.7999999999999999,0.4910330026039729,2.6827038657188083,0.14910330026039728,0.35781781209680064,0.3670661841954661,DECREASE,Moderate curvature favors reduced stiffness
6.886932956352167,4.408817635270541,5.2888112160049845,0.02287224657328858,0.2,0.7999999999999999,0.7749999999999999,0.5053392054527515,2.657208412237523,0.15053392054527515,0.36820615798958367,0.3730707292497532,DECREASE,Moderate curvature favors reduced stiffness
7.1819623626438895,4.609218436873747,5.505333430324066,0.024292843464859413,0.2,0.7749999999999999,0.7499999999999999,0.5198587541769576,2.631823509261624,0.15198587541769576,0.378613276829869,0.37913414654237715,DECREASE,Moderate curvature favors reduced stiffness
7.4747402309277735,4.809619238476954,5.718777565576472,0.02576699814493703,0.2,0.7499999999999999,0.7249999999999999,0.5345874768117129,2.6065636924852753,0.1534587476811713,0.38903734048243355,0.3852542412366151,DECREASE,Moderate curvature favors reduced stiffness
7.765201186671722,5.01002004008016,5.929032376528518,0.027297412728688287,0.2,0.7249999999999999,0.6999999999999998,0.5495183059264315,2.5814473986536517,0.15495183059264317,0.39947579340799644,0.39142768191146327,DECREASE,Moderate curvature favors reduced stiffness
8.053283960841611,5.210420841683367,6.1359893853255425,0.02888675431882677,0.2,0.6999999999999998,0.6749999999999998,0.5646410518259212,2.5564969008911262,0.15646410518259213,0.40992532808214943,0.3976499346739637,DECREASE,Moderate curvature favors reduced stiffness
8.338931548609146,5.410821643286574,6.339542973145074,0.03053763060340025,0.2,0.6749999999999998,0.6499999999999998,0.579942159589953,2.5317382511256814,0.15799421595899532,0.4203818576384967,0.40391519184488045,DECREASE,Moderate curvature favors reduced stiffness
8.622091365521472,5.61122244488978,6.539590469081949,0.03225256102917303,0.2,0.6499999999999998,0.6249999999999998,0.59540445183549,2.507201227499433,0.159540445183549,0.430840486171865,0.4102162959305615,DECREASE,Moderate curvature favors reduced stiffness
8.902715400742501,5.811623246492986,6.736032236179797,0.034033943099151996,0.2,0.6249999999999998,0.5999999999999998,0.61100685986546,2.482919284610652,0.161100685986546,0.441295477245296,0.4165446598370178,DECREASE,Moderate curvature favors reduced stiffness
9.180760366918083,6.012024048096192,6.928771754526121,0.035884013345730645,0.2,0.5999999999999998,0.5999999999999998,0.6267241468030371,2.4589295043422736,0.16267241468030372,0.45174022127712277,0.42289018457621097,HOLD,Navigation state acceptable
9.456187846152583,6.212424849699399,7.117715701331153,0.03780480254971089,0.2,0.5999999999999998,0.5999999999999998,0.6478528280468197,2.4274012411297385,0.16478528280468197,0.4573161018073906,0.4313753777438274,HOLD,Navigation state acceptable
9.728964431512635,6.412825651302605,7.302774027913564,0.03979808481439638,0.2,0.5999999999999998,0.5999999999999998,0.6697789329583601,2.395526689819454,0.166977893295836,0.4630286057019125,0.4401280862151118,HOLD,Navigation state acceptable
9.99906186339496,6.613226452905812,7.483860033519242,0.04186532016921909,0.2,0.5999999999999998,0.5999999999999998,0.6925185218614098,2.363341935898493,0.169251852186141,0.4688767168570699,0.4491510065802789,HOLD,Navigation state acceptable
10.266457160008711,6.813627254509019,7.660890435902413,0.04400759047356328,0.2,0.5999999999999998,0.5999999999999998,0.7160834952091959,2.33088891721576,0.1716083495209196,0.47485835243818053,0.4584451870301838,HOLD,Navigation state acceptable
10.531132741129372,7.014028056112225,7.8337854386016,0.0462255285252446,0.2,0.5999999999999998,0.5999999999999998,0.7404808137776904,2.2982155093787293,0.17404808137776906,0.4809702514330533,0.46800978157861733,HOLD,Navigation state acceptable
10.793076544181,7.214428857715431,8.0024687948462,0.04851924045635748,0.2,0.5999999999999998,0.5999999999999998,0.7657116450199322,2.2653755562419966,0.17657116450199323,0.4872078581648164,0.47784178494935436,HOLD,Navigation state acceptable
11.05228213159724,7.414829659318637,8.166867868032732,0.05088822172674431,0.2,0.5999999999999998,0.5499999999999997,0.7917704389941873,2.2324288385098066,0.17917704389941874,0.49356520182961705,0.4879357496163449,DECREASE,Curvature and pushing force indicate tracking difficulty
11.308748788300417,7.615230460921844,8.32691368871324,0.05333126730856778,0.2,0.5499999999999997,0.4999999999999997,0.8004783067399616,2.2216318769441914,0.18004783067399616,0.5081709849993782,0.4912954856024762,DECREASE,Curvature and pushing force indicate tracking difficulty
11.562481608023429,7.81563126252505,8.482541008041766,0.05584637699790292,0.2,0.4999999999999997,0.44999999999999973,0.8084637699790291,2.2118220261865593,0.18084637699790293,0.5225940753725467,0.4943707857735407,DECREASE,Curvature and pushing force indicate tracking difficulty
11.813491567083402,8.016032064128257,8.63368834762828,0.058430657191734056,0.2,0.44999999999999973,0.39999999999999974,0.8155912433214734,2.203139068176123,0.18155912433214735,0.5368041639774525,0.49711110826311333,DECREASE,Curvature and pushing force indicate tracking difficulty
12.061795584101722,8.216432865731463,8.780298045753018,0.06108022093021936,0.2,0.39999999999999974,0.39999999999999974,0.821721988371974,2.195724718443288,0.1821721988371974,0.5507703522524756,0.4994648181786531,HOLD,Navigation state acceptable
12.30741656405567,8.41683366733467,8.92231629989779,0.06379008851769166,0.2,0.39999999999999974,0.39999999999999974,0.8461107966592247,2.1667171912100374,0.1846110796659225,0.5565603519903519,0.508797671185967,HOLD,Navigation state acceptable
12.550383424946192,8.617234468937877,9.059693205554407,0.06655409158845686,0.2,0.39999999999999974,0.39999999999999974,0.8709868242961116,2.137909229534446,0.18709868242961117,0.5623978523218842,0.5182682773120648,HOLD,Navigation state acceptable
12.790731105279628,8.817635270541082,9.192382791274072,0.06936478405600745,0.2,0.39999999999999974,0.39999999999999974,0.8962830565040669,2.1093897275938778,0.1896283056504067,0.5682661397027446,0.5278504177808032,HOLD,Navigation state acceptable
13.028500550493481,9.01803607214429,9.320343049925327,0.07221336394904507,0.2,0.39999999999999974,0.39999999999999974,0.9219202755414055,2.0812517828676316,0.19219202755414055,0.5741465057379365,0.5375138485293731,HOLD,Navigation state acceptable
13.263738676414128,9.218436873747494,9.443535966131783,0.0750896106573431,0.2,0.39999999999999974,0.39999999999999974,0.9478064959160877,2.053592083395702,0.1947806495916088,0.5800182254916879,0.5472241643618958,HOLD,Navigation state acceptable
13.496498307824265,9.418837675350701,9.561927539864776,0.07798184253986776,0.2,0.39999999999999974,0.39999999999999974,0.9738365828588096,2.026510216061855,0.19738365828588098,0.585858567142429,0.556942724544267,HOLD,Navigation state acceptable
13.726838090246797,9.619238476953909,9.675487806169727,0.08087690013301495,0.2,0.39999999999999974,0.34999999999999976,0.9998921011971345,2.0001079046242554,0.19998921011971346,0.5916428385049957,0.5666266538301006,DECREASE,Severe curvature requires greater flexibility
13.954822373127264,9.819639278557114,9.78419085100893,0.08376016027989071,0.2,0.34999999999999976,0.34999999999999976,0.9964613623790708,2.0035449096963363,0.19964613623790708,0.6033846687187802,0.5653540298775258,HOLD,Minimum support stiffness maintained in severe curve
14.180521062725244,10.02004008016032,9.888014823207248,0.08661558632109638,0.2,0.34999999999999976,0.34999999999999976,1.020732483729319,1.979480229178029,0.20207324837293192,0.6087264777774984,0.5743416681595799,HOLD,Minimum support stiffness maintained in severe curve
14.40400944321291,10.220440881763528,9.986941942491052,0.08942581898505694,0.2,0.34999999999999976,0.34999999999999976,1.0446194613729838,1.9563542632593145,0.2044619461372984,0.6139349301478746,0.5831521924696296,HOLD,Minimum support stiffness maintained in severe curve
14.62536796473106,10.420841683366733,10.080958503614578,0.0921723117462957,0.2,0.34999999999999976,0.34999999999999976,1.0679646498435131,1.9342690409638712,0.20679646498435134,0.6189800788947964,0.591730618641508,HOLD,Minimum support stiffness maintained in severe curve
14.844681997472568,10.62124248496994,10.170054876571815,0.09483551315270597,0.2,0.34999999999999976,0.34999999999999976,1.0906018617980007,1.9133246138792976,0.20906018617980004,0.6238310111919616,0.600019452353594,HOLD,Minimum support stiffness maintained in severe curve
15.062041551251488,10.821643286573147,10.254225502895746,0.0973950969540372,0.2,0.34999999999999976,0.34999999999999976,1.112358324109316,1.893618120726092,0.21123583241093158,0.6284561909843758,0.6079593507216583,HOLD,Minimum support stiffness maintained in severe curve
15.277540960471189,11.022044088176353,10.333468888050803,0.09983023882636358,0.2,0.34999999999999976,0.34999999999999976,1.13305703002409,1.8752428761620243,0.213305703002409,0.6328238523390349,0.6154899044973012,HOLD,Minimum support stiffness maintained in severe curve
15.49127853492156,11.22244488977956,10.40778758992806,0.10211993615075403,0.2,0.34999999999999976,0.34999999999999976,1.152519457281409,1.8582874995480523,0.2152519457281409,0.6369024380937334,0.6225505306066812,HOLD,Minimum support stiffness maintained in severe curve
15.70335617740506,11.422845691382767,10.477188203456695,0.10424336478221252,0.2,0.34999999999999976,0.34999999999999976,1.1705686006488063,1.8428350980495878,0.21705686006488067,0.6406610756738353,0.6290814582386162,HOLD,Minimum support stiffness maintained in severe curve
15.913878969801512,11.623246492985972,10.54168134134897,0.10618026419010693,0.2,0.34999999999999976,0.34999999999999976,1.1870322456159086,1.828962516679093,0.21870322456159086,0.644070079206034,0.6350247851057952,HOLD,Minimum support stiffness maintained in severe curve
16.122954729816065,11.823647294589179,10.601281610999827,0.10791133994879695,0.2,0.34999999999999976,0.34999999999999976,1.201746389564774,1.8167396658207724,0.22017463895647743,0.6471014645159857,0.6403255743353404,HOLD,Minimum support stiffness maintained in severe curve
16.330693541294153,12.024048096192384,10.656007587565998,0.10941867051158928,0.2,0.34999999999999976,0.34999999999999976,1.2145586993485087,1.806228934539754,0.2214558699348509,0.6497294614742395,0.6449329572237223,HOLD,Minimum support stiffness maintained in severe curve
16.537207261609925,12.224448897795591,10.70588178325328,0.1106861037142613,0.2,0.34999999999999976,0.34999999999999976,1.2253318815712206,1.7974846957100865,0.22253318815712209,0.6519310066681969,0.6488012033359127,HOLD,Minimum support stiffness maintained in severe curve
16.74260901021672,12.424849699398798,10.750930612844307,0.11169962770811286,0.2,0.34999999999999976,0.34999999999999976,1.2339468355189591,1.790552906811131,0.22339468355189596,0.6536861987232208,0.6518907176093167,HOLD,Minimum support stiffness maintained in severe curve
16.947012642966335,12.625250501002004,10.791184355502985,0.11244770115229283,0.2,0.34999999999999976,0.34999999999999976,1.240305459794489,1.7854708082383257,0.2240305459794489,0.6549786989184119,0.6541689245884055,HOLD,Minimum support stiffness maintained in severe curve
17.150532217235046,12.82565130260521,10.826677112895284,0.11292152856634714,0.2,0.34999999999999976,0.34999999999999976,1.2443329928139504,1.7822667192468575,0.22443329928139502,0.65579606110776,0.6556110028313727,HOLD,Minimum support stiffness maintained in severe curve
17.35328145321879,13.026052104208418,10.857446763669781,0.11311526874635085,0.2,0.34999999999999976,0.34999999999999976,1.245979784343982,1.7809599302196488,0.22459797843439822,0.6561299773516451,0.6562004378673332,HOLD,Minimum support stiffness maintained in severe curve
17.55537319696122,13.226452905811623,10.88353491434491,0.11302616698279844,0.2,0.34999999999999976,0.34999999999999976,1.2452224193537864,1.7815606888297815,0.22452224193537865,0.6559764289745658,0.6559293695822228,HOLD,Minimum support stiffness maintained in severe curve
17.756918890745478,13.42685370741483,10.90498684665345,0.1126546053015593,0.2,0.34999999999999976,0.34999999999999976,1.242064145063254,1.7840702768506878,0.2242064145063254,0.6553357367839987,0.6547987190913352,HOLD,Minimum support stiffness maintained in severe curve
17.958028056408548,13.627254509018037,10.921851461398177,0.11200406883674158,0.2,0.34999999999999976,0.34999999999999976,1.2365345851123033,1.788481173788398,0.22365345851123034,0.6542125086418225,0.6528180903811853,HOLD,Minimum support stiffness maintained in severe curve
18.15880779692704,13.827655310621243,10.934181218876162,0.11108103044844846,0.2,0.34999999999999976,0.34999999999999976,1.2286887588118116,1.794777303104689,0.22286887588118118,0.652615487153248,0.6500054525229322,HOLD,Minimum support stiffness maintained in severe curve
18.3593623212832,14.02805611222445,10.942032075932467,0.10989475951859938,0.2,0.34999999999999976,0.34999999999999976,1.2186054559080943,1.802934356511246,0.22186054559080948,0.650557304593012,0.6463866182897096,HOLD,Minimum support stiffness maintained in severe curve
18.55979249716325,14.228456913827655,10.945463419707348,0.10845706422087081,0.2,0.34999999999999976,0.34999999999999976,1.2063850458774017,1.812920191547682,0.22063850458774015,0.6480541560232315,0.6419945438404688,HOLD,Minimum support stiffness maintained in severe curve
18.760195435485713,14.428857715430862,10.94453799814437,0.10678197923623597,0.2,0.34999999999999976,0.34999999999999976,1.1921468235080055,1.8246952973701638,0.21921468235080055,0.6451254046145115,0.6368684811626665,HOLD,Minimum support stiffness maintained in severe curve
18.960664110127233,14.629258517034069,10.939321847329879,0.1048854127196743,0.2,0.34999999999999976,0.34999999999999976,1.1760260081172313,1.8382133233145177,0.21760260081172317,0.6417931352922773,0.6310530197956556,HOLD,Minimum support stiffness maintained in severe curve
19.16128701553257,14.829659318637274,10.929884215737642,0.1027847672431188,0.2,0.34999999999999976,0.34999999999999976,1.1581705215665097,1.8534216643347519,0.21581705215665098,0.6380816739129106,0.6245970567954185,HOLD,Minimum support stiffness maintained in severe curve
19.362147864188987,15.030060120240481,10.916297485455178,0.100498549452269,0.2,0.34999999999999976,0.34999999999999976,1.1387376703442864,1.8702620968732897,0.21387376703442867,0.6340170892361588,0.6175527339682411,HOLD,Minimum support stiffness maintained in severe curve
19.563325325238143,15.230460921843688,10.898637090471588,0.09804598236979027,0.2,0.34999999999999976,0.34999999999999976,1.1178908501432172,1.8886714580827004,0.21178908501432173,0.6296266941035261,0.6099743793306566,HOLD,Minimum support stiffness maintained in severe curve
19.76489280481337,15.430861723446894,10.876981432109332,0.09544663279346988,0.2,0.34999999999999976,0.34999999999999976,1.0957963787444938,1.908582360656734,0.20957963787444936,0.6249385606084683,0.601917485905173,HOLD,Minimum support stiffness maintained in severe curve
19.966918268046644,15.6312625250501,10.851411791685376,0.09272006425656826,0.2,0.34999999999999976,0.34999999999999976,1.07262054618083,1.9299239348807515,0.207262054618083,0.6199810618553784,0.5934377558090423,HOLD,Minimum support stiffness maintained in severe curve
20.169464102103316,15.831663326653308,10.82201224048973,0.08988552373259212,0.2,0.34999999999999976,0.34999999999999976,1.0485269517270328,1.9526225889426332,0.20485269517270333,0.6147824503644574,0.5845902316402539,HOLD,Minimum support stiffness maintained in severe curve
20.372587019086,16.032064128256515,10.788869547172096,0.08696166786820039,0.2,0.34999999999999976,0.34999999999999976,1.023674176879703,1.9766027781051134,0.2023674176879703,0.6093704804997631,0.5754285309063389,HOLD,Minimum support stiffness maintained in severe curve
20.576337997208842,16.23246492985972,10.752073082629877,0.08396633218254895,0.2,0.34999999999999976,0.34999999999999976,0.998213823551666,2.001787773087426,0.1998213823551666,0.6037720796617391,0.5660041931104662,HOLD,Minimum support stiffness maintained in severe curve
20.78076225828401,16.432865731462925,10.711714722493202,0.08091634451369564,0.2,0.34999999999999976,0.34999999999999976,0.9722889283664129,2.028100417981395,0.1972288928366413,0.5980130705421497,0.5563661434558068,HOLD,Minimum support stiffness maintained in severe curve
20.985899279283146,16.633266533066134,10.667888747305062,0.07782738212155958,0.2,0.34999999999999976,0.34999999999999976,0.9460327480332562,2.055463868243004,0.19460327480332562,0.592117944599838,0.5465602722117329,HOLD,Navigation state acceptable
21.19178283553489,16.83366733466934,10.620691740496808,0.07471387032767314,0.2,0.34999999999999976,0.34999999999999976,0.9195678977852215,2.0838022997858845,0.19195678977852215,0.5861096851400981,0.5366291247471588,HOLD,Navigation state acceptable
21.398441072990245,17.034068136272545,10.570222484261489,0.07158891940981917,0.2,0.34999999999999976,0.34999999999999976,0.8930058149834628,2.113041580928764,0.18930058149834628,0.5800096369998615,0.5266116941451866,HOLD,Navigation state acceptable
21.605896606922844,17.234468937875754,10.516581853429521,0.06846429566767773,0.2,0.34999999999999976,0.34999999999999976,0.8664465131752606,2.1431098998894256,0.18664465131752606,0.5738374188497101,0.5165433061526162,HOLD,Navigation state acceptable
21.81416664442361,17.43486973947896,10.4598727074532,0.06535042210299524,0.2,0.34999999999999976,0.34999999999999976,0.8399785878754595,2.173938341651367,0.18399785878754596,0.5676108734889,0.5064555849083896,HOLD,Navigation state acceptable
22.02326312808952,17.635270541082164,10.400199780608261,0.06225640397277625,0.2,0.34999999999999976,0.34999999999999976,0.813679433768598,2.2054614092902307,0.1813679433768598,0.5613460511895847,0.496376487331345,HOLD,Navigation state acceptable
22.23319289838559,17.835671342685373,10.337669570522642,0.0591900745249452,0.2,0.34999999999999976,0.34999999999999976,0.7876156334620341,2.2376174861781064,0.1787615633462034,0.555057221087687,0.4863303940979956,HOLD,Navigation state acceptable
22.443957872269454,18.03607214428858,10.272390225144038,0.05615805645668661,0.2,0.34999999999999976,0.34999999999999976,0.7618434798818361,2.2703492368506386,0.1761843479881836,0.548756905759814,0.47633824566040117,HOLD,Navigation state acceptable
22.65555523580089,18.236472945891784,10.204471428259474,0.05316583499695335,0.2,0.34999999999999976,0.34999999999999976,0.7364095974741034,2.3036039456466177,0.17364095974741034,0.5424559344191348,0.46641771261826825,HOLD,Navigation state acceptable
22.867977648607074,18.43687374749499,10.134024283681477,0.05021783895816828,0.2,0.34999999999999976,0.34999999999999976,0.7113516311444303,2.3373337934794174,0.17113516311444305,0.5361635105564752,0.45658339084373584,HOLD,Navigation state acceptable
23.081213458232597,18.637274549098198,10.061161198216727,0.04731752658854882,0.2,0.34999999999999976,0.3749999999999998,0.6866989760026649,2.3714960742311377,0.16866989760026652,0.5298872903051308,0.44684701296137563,INCREASE,Moderate curvature allows additional support
23.29524692256519,18.837675350701403,9.985995763534255,0.04446747355475427,0.2,0.3749999999999998,0.3999999999999998,0.6672153936040999,2.3992100932759546,0.16672153936041,0.5186145026522341,0.4391074488648504,INCREASE,Moderate curvature allows additional support
23.510058438690127,19.03807615230461,9.908642637051313,0.04166946086875493,0.2,0.3999999999999998,0.4249999999999998,0.6470251478187943,2.428621084078359,0.16470251478187944,0.5070990081856496,0.4310439361558975,INCREASE,Moderate curvature allows additional support
23.725624776684143,19.238476953907817,9.829217421955974,0.03892456102524598,0.2,0.4249999999999998,0.4249999999999998,0.6261771894835253,2.459756554124586,0.16261771894835253,0.49534492677856884,0.4226698487913004,HOLD,Navigation state acceptable
23.94191931701148,19.438877755511022,9.747836546486322,0.036233221028088826,0.2,0.4249999999999998,0.4249999999999998,0.6012822945098215,2.4979980192839544,0.16012822945098215,0.48867947924729693,0.41260383126861444,HOLD,Navigation state acceptable
24.158912290327624,19.639278557114228,9.664617142586902,0.03359534134704756,0.2,0.4249999999999998,0.4249999999999998,0.5768819074601899,2.536651591394446,0.157688190746019,0.48204390674767805,0.40266453033807237,HOLD,Navigation state acceptable
24.37657101862955,19.839679358717436,9.579676924063497,0.03101035015724554,0.2,0.4249999999999998,0.4249999999999998,0.5529707389545212,2.5757085434158586,0.15529707389545214,0.4754382676450486,0.39285086054748625,HOLD,Navigation state acceptable
24.59486015681377,20.04008016032064,9.493134064358019,0.028477272476550953,0.2,0.4249999999999998,0.4249999999999998,0.5295397704080963,2.6151657363788328,0.15295397704080962,0.468861634121265,0.38316023735215265,HOLD,Navigation state acceptable
24.813741933814946,20.240480961923847,9.40510707406535,0.02599479403014869,0.2,0.4249999999999998,0.4249999999999998,0.5065768447788754,2.655025539428818,0.15065768447788755,0.4623121779371619,0.3735887642591855,HOLD,Navigation state acceptable
25.033176392597714,20.440881763527056,9.315714678314496,0.023561319843033324,0.2,0.4249999999999998,0.4249999999999998,0.48406720854805824,2.695295723105029,0.14840672085480583,0.45578725203471776,0.36413140660825366,HOLD,Navigation state acceptable
25.25312162836351,20.64128256513026,9.225075694136255,0.021175027693915608,0.2,0.4249999999999998,0.4249999999999998,0.4619940061687194,2.7359893290413297,0.14619940061687195,0.44928346786471296,0.3547821521702721,HOLD,Navigation state acceptable
25.47353402441245,20.841683366733466,9.133308907939782,0.01883391666330636,0.2,0.4249999999999998,0.4749999999999998,0.44033872913558386,2.777124518758578,0.14403387291355838,0.44279676849336896,0.34553415906106055,INCREASE,Low curvature and reduced velocity indicate poor pushability
25.694368485168344,21.042084168336675,9.040532953220158,0.016535851079277564,0.2,0.4749999999999998,0.5249999999999998,0.41634954802295626,2.8241615959728947,0.14163495480229563,0.42298246675543255,0.3351976775587723,INCREASE,Low curvature and reduced velocity indicate poor pushability
25.91557866593332,21.24248496993988,8.946866188618907,0.014278600211528835,0.2,0.5249999999999998,0.5749999999999998,0.3914806521681706,2.8746357297654836,0.13914806521681708,0.402750127267943,0.3243751346415099,INCREASE,Low curvature and reduced velocity indicate poor pushability
26.137117198988257,21.442885771543086,8.852426576458933,0.012059874092235655,0.2,0.5749999999999998,0.6249999999999999,0.3657686464915333,2.9287537170189366,0.13657686464915333,0.3820865359597142,0.3130648920212059,INCREASE,Low curvature and reduced velocity indicate poor pushability
26.35893591569615,21.643286573146295,8.757331561874945,0.009877355853571745,0.2,0.6249999999999999,0.6749999999999999,0.33924525335268213,2.9867568990715876,0.13392452533526822,0.36097480511159374,0.30126164692510277,INCREASE,Low curvature and reduced velocity indicate poor pushability
26.58098606429943,21.8436873747495,8.661697952659713,0.0077287309716780744,0.2,0.6749999999999999,0.725,0.3119375889172174,3.0489255234323482,0.13119375889172175,0.33939402855529854,0.2889562447016203,INCREASE,Low curvature and reduced velocity indicate poor pushability
26.803218523128912,22.044088176352705,8.56564179994585,0.005611713797054559,0.2,0.725,0.775,0.28386849401391834,3.1155838924704047,0.12838684940139183,0.3173188752773621,0.2761354590415579,INCREASE,Low curvature and reduced velocity indicate poor pushability
27.02558400896256,22.244488977955914,8.469278279841888,0.0035240717331344097,0.2,0.775,0.8250000000000001,0.2550569145974637,3.1871064598555883,0.12550569145974638,0.29471910670896456,0.2627817282599104,INCREASE,Low curvature and reduced velocity indicate poor pushability
27.24803328028726,22.44488977955912,8.372721576140478,0.0014636474023076395,0.2,0.8250000000000001,0.8250000000000001,0.22551832808057623,3.263925074270293,0.12255183280805762,0.2715589997454262,0.24887283401628438,HOLD,Navigation state acceptable
27.470517335226585,22.645290581162325,8.276084764215424,0.0005716208885062716,0.2,0.8250000000000001,0.8250000000000001,0.2136989767727081,3.295710119684058,0.1213698976772708,0.267201894764006,0.24324196869133136,HOLD,Navigation state acceptable
27.69298760390314,22.845691382765533,8.179479696223055,0.0025836801016149765,0.2,0.8250000000000001,0.8250000000000001,0.24035876134639844,3.224873419411361,0.12403587613463984,0.2769547439810257,0.2558893627019295,HOLD,Navigation state acceptable
27.915396135005462,23.04609218436874,8.083016887722136,0.004574344592271762,0.2,0.8250000000000001,0.85,0.26673506584760087,3.1577242217760113,0.1266735065847601,0.28634713937427914,0.26821888144200956,INCREASE,Low curvature and reduced velocity indicate poor pushability
28.1376957763278,23.246492985971944,7.986805405825052,0.006545279187459924,0.2,0.85,0.85,0.29286126903070897,3.0939127776632227,0.12928612690307092,0.28916413449189593,0.2802626760138506,INCREASE,Low curvature and reduced velocity indicate poor pushability
28.359840349046134,23.44689378757515,7.890952758991467,0.008497983040910819,0.2,0.85,0.85,0.3192227710522961,3.0320883536670196,0.1319222771052296,0.29808863852777534,0.2922548323036026,INCREASE,Low curvature and reduced velocity indicate poor pushability
28.58178481548667,23.647294589178358,7.795564788573986,0.010433774121809852,0.2,0.85,0.85,0.34535595064443303,2.9731908481796046,0.13453559506444332,0.3067265942035424,0.30399365677080825,INCREASE,Low curvature and reduced velocity indicate poor pushability
28.80348544013372,23.847695390781563,7.700745562223605,0.012353774232273886,0.2,0.85,0.85,0.3712759521356975,2.9169912837530543,0.13712759521356974,0.3151000562897007,0.31549813000727417,INCREASE,Low curvature and reduced velocity indicate poor pushability
29.024899943613093,24.04809619238477,7.606597269260805,0.014258894487490669,0.2,0.85,0.85,0.39699507558112407,2.863288546909211,0.13969950755811242,0.3232282622229272,0.3267846141223542,INCREASE,Low curvature and reduced velocity indicate poor pushability
29.245987649375046,24.248496993987978,7.513220118116239,0.016149821231370154,0.2,0.85,0.85,0.4225225866234971,2.8119061430823455,0.14225225866234972,0.3311278906967611,0.3378669969329317,INCREASE,Low curvature and reduced velocity indicate poor pushability
29.466709622788244,24.448897795591183,7.42071223594283,0.01802700240056533,0.2,0.85,0.85,0.44786453240763197,2.7626894025426956,0.1447864532407632,0.33881328159853175,0.3487568098334347,INCREASE,Low curvature and reduced velocity indicate poor pushability
29.68702880234325,24.649298597194388,7.3291695704988795,0.019890634390161973,0.2,0.85,0.85,0.47302356426718667,2.7155030625663863,0.14730235642671868,0.34629662392773275,0.35946332423865013,INCREASE,Low curvature and reduced velocity indicate poor pushability
29.906910122651247,24.849699398797597,7.238685794399623,0.021740649514589944,0.2,0.85,0.825,0.4979987684469643,2.6702291645719853,0.14979987684469642,0.3535881172262132,0.3699936308187316,DECREASE,Moderate curvature favors reduced stiffness
30.12632062891188,25.050100200400802,7.149352211832149,0.023576704198147582,0.2,0.825,0.7999999999999999,0.5185163306254555,2.634150136767022,0.15185163306254557,0.3657307071162797,0.3785748183949099,DECREASE,Moderate curvature favors reduced stiffness
30.3452295825132,25.250501002004007,7.061257667826196,0.025398168069151218,0.2,0.7999999999999999,0.7749999999999999,0.5381761848989658,2.6004823369845225,0.1538176184898966,0.37754795350038317,0.3867408442823152,DECREASE,Moderate curvature favors reduced stiffness
30.563608557417734,25.450901803607216,6.974488460170793,0.027204114169872222,0.2,0.7749999999999999,0.7499999999999999,0.5569774556658709,2.5690802300598015,0.1556977455665871,0.38905247395855025,0.3945005344515726,DECREASE,Moderate curvature favors reduced stiffness
30.781431526982008,25.65130260521042,6.8891282540640155,0.028993310530717742,0.2,0.7499999999999999,0.7249999999999999,0.5749163816339717,2.539817381193286,0.15749163816339717,0.4002548300301171,0.4018606313458942,DECREASE,Moderate curvature favors reduced stiffness
30.998674940853075,25.851703406813627,6.805257999580384,0.030764213390240276,0.2,0.7249999999999999,0.6999999999999998,0.5919866140304434,2.5125839405603876,0.15919866140304434,0.41116378707169193,0.4088260430410291,DECREASE,Moderate curvature favors reduced stiffness
31.215317791585232,26.052104208416836,6.722955852037639,0.03251496237087816,0.2,0.6999999999999998,0.6749999999999998,0.6081795484505379,2.487284460154933,0.1608179548450538,0.4217865495298485,0.41540008201256595,DECREASE,Moderate curvature favors reduced stiffness
31.431341670623958,26.25250501002004,6.64229709534172,0.034243377942730746,0.2,0.6749999999999998,0.6499999999999998,0.6234846908270864,2.4638359835485697,0.16234846908270864,0.4321289768831117,0.421584697366566,DECREASE,Moderate curvature favors reduced stiffness
31.64673081331268,26.452905811623246,6.563354068385728,0.03594696152293639,0.2,0.6499999999999998,0.6249999999999998,0.6378900575137686,2.4421663600985473,0.16378900575137686,0.44219578449321295,0.4273807035605861,DECREASE,Moderate curvature favors reduced stiffness
31.861472132591658,26.653306613226455,6.486196094575709,0.03762289856463817,0.2,0.6249999999999998,0.5999999999999998,0.6513826088521795,2.4222127437688505,0.16513826088521796,0.45199073276718293,0.4327880079105355,DECREASE,Moderate curvature favors reduced stiffness
32.075555241078234,26.85370741482966,6.41088941455283,0.039268064984834164,0.2,0.5999999999999998,0.5999999999999998,0.6639487148331757,2.4039202436602936,0.16639487148331758,0.4615168073241478,0.4378058385114608,HOLD,Navigation state acceptable
32.288972461243745,27.054108216432866,6.337497122178442,0.04087903726374621,0.2,0.5999999999999998,0.5999999999999998,0.6816694099012082,2.3785887859106536,0.16816694099012083,0.46609606921964564,0.44485293560012334,HOLD,Navigation state acceptable
32.501718823435596,27.254509018036075,6.2660791038451364,0.04245210651822969,0.2,0.5999999999999998,0.5999999999999998,0.6989731717005265,2.3543632510667267,0.16989731717005266,0.4705229717583984,0.45170235808265863,HOLD,Navigation state acceptable
32.7137920515334,27.45490981963928,6.196691981173732,0.04398329680638066,0.2,0.5999999999999998,0.5999999999999998,0.7158162648701871,2.3312519422367326,0.17158162648701872,0.4747909570369776,0.4583401019451786,HOLD,Navigation state acceptable
32.925192536076395,27.655310621242485,6.1293890571525305,0.04546838786027496,0.2,0.5999999999999998,0.5999999999999998,0.7321522664630244,2.309265806156763,0.17321522664630246,0.47889287748968656,0.4647511692746349,HOLD,Navigation state acceptable
33.13592329475488,27.855711422845694,6.06422026577197,0.04690294236674486,0.2,0.5999999999999998,0.5999999999999998,0.7479323660341932,2.2884180633804636,0.17479323660341933,0.4828210682587687,0.470919683899264,HOLD,Navigation state acceptable
33.34598992022262,28.0561122244489,6.001232125204112,0.0482823378251747,0.2,0.5999999999999998,0.5999999999999998,0.7631057160769217,2.268723856729579,0.17631057160769217,0.48656742467975145,0.4768290214114522,HOLD,Navigation state acceptable
33.555400515258164,28.256513026052104,5.9404676945729324,0.04960180290477985,0.2,0.5999999999999998,0.5999999999999998,0.7776198319525782,2.2501999179466337,0.17776198319525782,0.49012348477334666,0.48246195331371367,HOLD,Navigation state acceptable
33.764165615382,28.45691382765531,5.881966534357883,0.05085645810521537,0.2,0.5999999999999998,0.5499999999999997,0.791421039157369,2.232864252773028,0.17914210391573693,0.493480516436676,0.48780080460854125,DECREASE,Curvature and pushing force indicate tracking difficulty
33.972298099121936,28.65731462925852,5.8257646704693435,0.052041360398389684,0.2,0.5499999999999997,0.4999999999999997,0.7869342841830916,2.2384706787516953,0.17869342841830918,0.5048917201669723,0.48606698686780564,DECREASE,Curvature and pushing force indicate tracking difficulty
34.17981308621046,28.857715430861724,5.771894562031148,0.05315155139460908,0.2,0.4999999999999997,0.44999999999999973,0.7815155139460908,2.2452793527124126,0.1781515513946091,0.5160734584971427,0.4839706572555189,DECREASE,Curvature and pushing force indicate tracking difficulty
34.38672782409446,29.05811623246493,5.7203850729015056,0.0541821084428954,0.2,0.44999999999999973,0.39999999999999974,0.7752300302075061,2.2532291206973563,0.17752300302075064,0.5270397892999823,0.48153577260372965,DECREASE,Curvature and pushing force indicate tracking difficulty
34.59306156323776,29.258517034068138,5.671261446959938,0.05512819794592524,0.2,0.39999999999999974,0.39999999999999974,0.768153781513327,2.2622466675814143,0.17681537815133272,0.5378072541217367,0.4787903325761041,HOLD,Navigation state acceptable
34.79883542179954,29.458917835671343,5.624545287184162,0.05598513004921828,0.2,0.39999999999999974,0.39999999999999974,0.7758661704429644,2.2524219823401768,0.17758661704429646,0.5396952326042965,0.48178236199031965,HOLD,Navigation state acceptable
35.00407224037491,29.65931863727455,5.580254538536918,0.05674841376067999,0.2,0.39999999999999974,0.39999999999999974,0.7827357238461197,2.2437425505617274,0.17827357238461197,0.5413706233386648,0.48444293877577893,HOLD,Navigation state acceptable
35.208796427585995,29.859719438877757,5.538403474679114,0.057413811473969366,0.2,0.39999999999999974,0.39999999999999974,0.7887243032657243,2.2362305877418267,0.17887243032657243,0.5428263973413534,0.48675891510640085,HOLD,Navigation state acceptable
35.413033797410996,30.060120240480963,5.499002688521649,0.05797739181436943,0.2,0.39999999999999974,0.39999999999999974,0.7937965263293247,2.2299073174064317,0.17937965263293248,0.5440559799041806,0.4887180549469731,HOLD,Navigation state acceptable
35.61681139923302,30.260521042084168,5.462059086624587,0.05843557970133156,0.2,0.39999999999999974,0.39999999999999974,0.7979202173119839,2.224792825334752,0.1797920217311984,0.5450533234248072,0.4903091820877731,HOLD,Navigation state acceptable
35.82015734167749,30.460921843687377,5.427575887448447,0.058785202532956646,0.2,0.39999999999999974,0.39999999999999974,0.8010668227966098,2.2209059371761635,0.18010668227966098,0.5458129735366337,0.4915223159554445,HOLD,Navigation state acceptable
36.023100611385495,30.661322645290582,5.395552623458535,0.059023531446624415,0.2,0.39999999999999974,0.39999999999999974,0.8032117830196195,2.2182641205359066,0.18032117830196195,0.5463301271890575,0.49234879223088857,HOLD,Navigation state acceptable
36.2256708879382,30.861723446893787,5.3659851470793525,0.059148316694101616,0.2,0.39999999999999974,0.39999999999999974,0.8043348502469143,2.2168834124401133,0.18043348502469145,0.5466006814444121,0.49278136554862484,HOLD,Navigation state acceptable
36.427898356202846,31.062124248496996,5.338865640492392,0.05915781628988829,0.2,0.39999999999999974,0.39999999999999974,0.8044203466089945,2.2167783729091215,0.18044203466089948,0.5466212719183179,0.49281429189761994,HOLD,Navigation state acceptable
36.62981351741264,31.2625250501002,5.314182629266625,0.05905081724490223,0.2,0.39999999999999974,0.39999999999999974,0.80345735520412,2.2179620651730185,0.180345735520412,0.5463892999912436,0.49244338878129,HOLD,Navigation state acceptable
36.8314470003201,31.462925851703407,5.291920999807296,0.05882664887556821,0.2,0.39999999999999974,0.39999999999999974,0.8014398398801137,2.2204460628927807,0.18014398398801137,0.5459029481475637,0.4916660716989029,HOLD,Navigation state acceptable
37.03282937377462,31.663326653306616,5.272062020604773,0.058485187878435,0.2,0.39999999999999974,0.39999999999999974,0.7983666909059148,2.2242404845615926,0.17983666909059148,0.5451611830549827,0.49048136607755755,HOLD,Navigation state acceptable
37.23399096207096,31.86372745490982,5.2545833672613504,0.058026855072424124,0.2,0.39999999999999974,0.39999999999999974,0.794241695651817,2.22935405508279,0.1794241695651817,0.5441637462671649,0.48888989438330255,HOLD,Navigation state acceptable
37.43496166439484,32.06412825651303,5.239459151270261,0.057452603925460775,0.2,0.39999999999999974,0.39999999999999974,0.7890734353291469,2.235794194364132,0.1789073435329147,0.5429111327036915,0.4868938387453954,HOLD,Navigation state acceptable
37.63577077965589,32.26452905811623,5.226659952517245,0.05676390119366429,0.2,0.39999999999999974,0.39999999999999974,0.7828751107429786,2.2435671326036277,0.17828751107429786,0.5414045573295798,0.4844968800246917,HOLD,Navigation state acceptable
37.836446837947705,32.46492985971944,5.216152855471466,0.05596270019885767,0.2,0.39999999999999974,0.39999999999999974,0.7756643017897189,2.2526780517963556,0.1775664301789719,0.5396459107064482,0.48170411481455777,HOLD,Navigation state acceptable
38.037017439809944,32.66533066132265,5.207901489028714,0.055051407447015484,0.2,0.39999999999999974,0.39999999999999974,0.7674626670231393,2.2631312528581025,0.17674626670231394,0.5376377043113347,0.4785219523618366,HOLD,Navigation state acceptable
38.23750910439095,32.86573146292585,5.201866069966362,0.05403284343979677,0.2,0.39999999999999974,0.39999999999999974,0.7582955909581709,2.2749303476443505,0.1758295590958171,0.5353830067088756,0.47495799381766424,HOLD,Navigation state acceptable
38.43794712752149,33.06613226452906,5.198003449965756,0.05291019865005334,0.2,0.39999999999999974,0.39999999999999974,0.74819178785048,2.2880784750271994,0.17481917878504802,0.5328853718151843,0.4710208965646981,HOLD,Navigation state acceptable
38.63835545061383,33.26653306613227,5.196267166154304,0.051686985714551686,0.2,0.39999999999999974,0.39999999999999974,0.7371828714309651,2.3025785401079224,0.1737182871430965,0.5301487605980189,0.4667202266011357,HOLD,Navigation state acceptable
38.838756541197206,33.46693386773547,5.196607495115921,0.0503669889434905,0.2,0.39999999999999974,0.39999999999999974,0.7253029004914144,2.318433475571558,0.17253029004914144,0.5271774576196774,0.4620663020949638,HOLD,Navigation state acceptable
39.039171285792186,33.66733466933868,5.198971510315067,0.048954212258397876,0.2,0.39999999999999974,0.42499999999999977,0.7125879103255808,2.335646524118904,0.1712587910325581,0.5239759838496734,0.45707003125962264,INCREASE,Moderate curvature allows additional support
39.23961889571521,33.86773547094189,5.203303142876149,0.047452826646369954,0.2,0.42499999999999977,0.42499999999999977,0.705063646478922,2.3459534828862756,0.1705063646478922,0.5158208897779739,0.45410586498394206,HOLD,Navigation state acceptable
39.44011682629286,34.06813627254509,5.209543245656812,0.0458671181650611,0.2,0.42499999999999977,0.42499999999999977,0.6903958430268151,2.366309652559023,0.1690395843026815,0.512084017804661,0.4483110316483291,HOLD,Navigation state acceptable
39.640680709853775,34.2685370741483,5.217629660550214,0.044201437456080246,0.2,0.42499999999999977,0.42499999999999977,0.6749882964687421,2.3880763874188933,0.16749882964687424,0.508125088963346,0.44219995053084804,HOLD,Navigation state acceptable
39.841324302757734,34.46893787575151,5.22749728894823,0.04246015162418816,0.2,0.42499999999999977,0.42499999999999977,0.6588814025237404,2.4112633934617613,0.16588814025237406,0.5039486400752613,0.4357844703534599,HOLD,Navigation state acceptable
40.04205944661688,34.66933867735471,5.239078165294432,0.040647599225519845,0.2,0.42499999999999977,0.42499999999999977,0.6421152928360585,2.4358825579729513,0.16421152928360586,0.4995589818888413,0.42907622208447527,HOLD,Navigation state acceptable
40.242896043764766,34.86973947895792,5.252301533652429,0.038768048987968415,0.2,0.42499999999999977,0.42499999999999977,0.6247294531387078,2.4619483522457624,0.1624729453138708,0.4949601129303236,0.42208647603574145,HOLD,Navigation state acceptable
40.44384204693586,35.07014028056113,5.267093927212295,0.03682566275931326,0.2,0.42499999999999977,0.42499999999999977,0.6067623805236477,2.4894782504780766,0.16067623805236478,0.49015563715298804,0.4148260100065783,HOLD,Navigation state acceptable
40.64490346303262,35.27054108216433,5.283379250654816,0.03482446305332026,0.2,0.42499999999999977,0.42499999999999977,0.5882512832432123,2.5184931642756125,0.15882512832432125,0.4851486858916456,0.40730498956609806,HOLD,Navigation state acceptable
40.846084370778506,35.47094188376754,5.3010788652904335,0.03276830544753298,0.2,0.42499999999999977,0.42499999999999977,0.56923182538968,2.5490178922459075,0.156923182538968,0.47994184448044047,0.3995328612297821,HOLD,Navigation state acceptable
41.047386951985196,35.671342685370746,5.320111676886913,0.03066085597526797,0.2,0.42499999999999977,0.42499999999999977,0.5497379177712287,2.581081584267255,0.1549737917771229,0.4745370837461124,0.39151825896275877,HOLD,Navigation state acceptable
41.24881153609964,35.87174348697395,5.340394226097281,0.02850557355600923,0.2,0.42499999999999977,0.42499999999999977,0.5298015553930855,2.6147182200845602,0.15298015553930855,0.4689356964616791,0.38326892415758307,HOLD,Navigation state acceptable
41.450356657641734,36.07214428857716,5.361840781396657,0.02630569742497681,0.2,0.42499999999999977,0.42499999999999977,0.5094527011810355,2.649967101897459,0.15094527011810355,0.4631382387414438,0.37479163899556145,HOLD,Navigation state acceptable
41.652019126096,36.27254509018036,5.384363434434453,0.024064239450897116,0.2,0.42499999999999977,0.42499999999999977,0.48871921492079834,2.686873360610721,0.14887192149207984,0.4571444762693351,0.36609217289574275,HOLD,Navigation state acceptable
41.85379410778042,36.47294589178357,5.40787219770566,0.02178398117644992,0.2,0.42499999999999977,0.42499999999999977,0.4676268258821618,2.725488475311616,0.1467626825882162,0.4509533351945219,0.35717524160669056,HOLD,Navigation state acceptable
42.05567521918125,36.673346693386776,5.432275104442861,0.019467475372936804,0.2,0.42499999999999977,0.47499999999999976,0.44619914719966547,2.7658708053765375,0.14461991471996655,0.4445628574895084,0.34804447838386326,INCREASE,Low curvature and reduced velocity indicate poor pushability
42.257654631214336,36.87374749498998,5.457478310628263,0.017117051872076378,0.2,0.47499999999999976,0.5249999999999998,0.42201625575274465,2.8129073657337336,0.14220162557527447,0.42472277293199767,0.3376483018320713,INCREASE,Low curvature and reduced velocity indicate poor pushability
42.459723183850016,37.07414829659319,5.483386199022936,0.014734827420661463,0.2,0.5249999999999998,0.5749999999999998,0.39615698106178004,2.8650073410498527,0.139615698106178,0.40421612179970856,0.32641877701176636,INCREASE,Low curvature and reduced velocity indicate poor pushability
42.66187051051897,37.274549098196395,5.509901485108467,0.012322719295736848,0.2,0.5749999999999998,0.6249999999999999,0.3685942324291711,2.922707041443719,0.1368594232429171,0.3829923648642308,0.3143140315754287,INCREASE,Low curvature and reduced velocity indicate poor pushability
42.864085171700424,37.4749498997996,5.536925324834216,0.009882462419190666,0.2,0.6249999999999999,0.6749999999999999,0.33930270221589504,2.9866287833078693,0.13393027022158951,0.36099367508934754,0.3012873675598259,INCREASE,Low curvature and reduced velocity indicate poor pushability
43.0663547970801,37.675350701402806,5.564357424061692,0.007415629715873857,0.2,0.6749999999999999,0.725,0.3082586491615178,3.0574993733568347,0.13082586491615178,0.338153291386146,0.2872860393233325,INCREASE,Low curvature and reduced velocity indicate poor pushability
43.268666235653065,37.875751503006015,5.592096149595724,0.004923655469298817,0.2,0.725,0.775,0.2754397794989105,3.136173157129773,0.12754397794989106,0.31439348601766626,0.27224977635821995,INCREASE,Low curvature and reduced velocity indicate poor pushability
43.47100571313504,38.07615230460922,5.620038641690622,0.0024078614422448183,0.2,0.775,0.775,0.24082523338862144,3.22366107036382,0.12408252333886215,0.2896230207949819,0.2561089633970862,HOLD,Navigation state acceptable
43.67335899603418,38.276553106212425,5.648080927917863,0.00013051446055206857,0.2,0.775,0.775,0.21178905937203887,3.300904533725399,0.12117890593720389,0.2789927278819661,0.2423284266152079,HOLD,Navigation state acceptable
43.87571156172267,38.476953907815634,5.676118038280791,0.0026902872019770705,0.2,0.775,0.775,0.24442616182520766,3.2143329373059584,0.12444261618252078,0.2909193562290897,0.25780225798115,HOLD,Navigation state acceptable
44.07804877383389,38.677354709418836,5.704044121460107,0.005270291500966044,0.2,0.775,0.8250000000000001,0.27732121663731707,3.1315537140535583,0.1277321216637317,0.302548545571956,0.2731186013348254,INCREASE,Low curvature and reduced velocity indicate poor pushability
44.280356062294835,38.877755511022045,5.731752562073232,0.007869346809255573,0.2,0.8250000000000001,0.85,0.31039384522263636,3.0525173897778792,0.13103938452226363,0.30137390775745376,0.28825576541586206,INCREASE,Low curvature and reduced velocity indicate poor pushability
44.482619107284464,39.078156312625254,5.759136098829253,0.010486220594579638,0.2,0.85,0.85,0.34606397802682515,2.9716269548075567,0.13460639780268252,0.30695783852458214,0.3043097085494655,INCREASE,Low curvature and reduced velocity indicate poor pushability
44.6848240263877,39.278557114228455,5.786086943460542,0.013119590162863065,0.2,0.85,0.85,0.3816144671986514,2.895163661763301,0.13816144671986516,0.3183884418888647,0.32005006519271123,INCREASE,Low curvature and reduced velocity indicate poor pushability
44.886957564188954,39.478957915831664,5.812496900310997,0.01576800327915502,0.2,0.85,0.85,0.4173680442685928,2.822132202129707,0.1417368044268593,0.3295458382161297,0.3356385510163761,INCREASE,Low curvature and reduced velocity indicate poor pushability
45.08900728352056,39.67935871743487,5.838257486460593,0.0184298378857727,0.2,0.85,0.85,0.45330281145793144,2.752351380912324,0.14533028114579313,0.3404429623645625,0.35107973889250865,INCREASE,Low curvature and reduced velocity indicate poor pushability
45.29096175754877,39.879759519038075,5.863260052265036,0.021103261263232833,0.2,0.85,0.825,0.48939402705364327,2.685655996561837,0.14893940270536432,0.3510909705746583,0.3663763252230919,DECREASE,Moderate curvature favors reduced stiffness
45.49281076184348,40.08016032064128,5.887395902189096,0.02378618903875711,0.2,0.825,0.7999999999999999,0.5212920047635318,2.6293439967310923,0.15212920047635317,0.36652133425450034,0.3797310350063957,DECREASE,Moderate curvature favors reduced stiffness
45.694545465537395,40.28056112224449,5.910556415811701,0.02647624451872132,0.2,0.7999999999999999,0.7749999999999999,0.5521911787433771,2.5770021468865196,0.15521911787433773,0.3814711359798799,0.3925296459321339,DECREASE,Moderate curvature favors reduced stiffness
45.896158620637166,40.480961923847694,5.932633168880915,0.029170718903448974,0.2,0.7749999999999999,0.7499999999999999,0.5820516660189744,2.5283624333619112,0.15820516660189746,0.39595850921669606,0.40477661160406436,DECREASE,Moderate curvature favors reduced stiffness
46.09764474850218,40.6813627254509,5.9535180542966355,0.0318665330308373,0.2,0.7499999999999999,0.7249999999999999,0.6108316628854662,2.483189331425756,0.16108316628854663,0.4099984885516419,0.41647376284224236,DECREASE,Moderate curvature favors reduced stiffness
46.299000322458014,40.88176352705411,5.9731034028989844,0.034560201392219415,0.2,0.7249999999999999,0.6999999999999998,0.6384874670546878,2.4412759208895993,0.16384874670546878,0.4236033525294518,0.42762055728626214,DECREASE,Moderate curvature favors reduced stiffness
46.5002239454618,41.08216432865731,5.991282103940647,0.0372477992638779,0.2,0.6999999999999998,0.6749999999999998,0.6649735911665346,2.402440507898669,0.16649735911665348,0.4367829343810712,0.43821432553268136,DECREASE,Moderate curvature favors reduced stiffness
46.70131652168616,41.28256513026052,6.007947725121443,0.039924933893162894,0.2,0.6749999999999998,0.6499999999999998,0.690242973244664,2.366523667494636,0.16902429732446642,0.4495449088601746,0.44825052086535666,DECREASE,Moderate curvature favors reduced stiffness
46.90228142083959,41.48296593186373,6.022994632064119,0.04258672077193457,0.2,0.6499999999999998,0.6249999999999998,0.7142472888772476,2.3333856357560956,0.17142472888772478,0.46189506205497466,0.4577229785023954,DECREASE,Moderate curvature favors reduced stiffness
47.10312463399484,41.68336673346693,6.0363181071107155,0.04522776610771821,0.2,0.6249999999999998,0.5999999999999998,0.7369373687118298,2.302903991850053,0.17369373687118297,0.4738375498746977,0.4666241891955192,DECREASE,Moderate curvature favors reduced stiffness
47.30385491965512,41.88376753507014,6.047814467319551,0.04784215666078856,0.2,0.5999999999999998,0.5999999999999998,0.758263723268674,2.2749715796694363,0.1758263723268674,0.4853751498814143,0.4749455909451681,HOLD,Navigation state acceptable
47.5044839387532,42.08416833667335,6.057381181543675,0.05042345814528664,0.2,0.5999999999999998,0.5499999999999997,0.7866580395981528,2.238816780462176,0.1786658039598153,0.4923246036559801,0.4859601800972111,DECREASE,Curvature and pushing force indicate tracking difficulty
47.70502637725221,42.28456913827655,6.064916986472447,0.05296472338487094,0.2,0.5499999999999997,0.4999999999999997,0.7966295955411448,2.2263910212361835,0.1796629595541145,0.5072413983806534,0.48981135313125823,DECREASE,Curvature and pushing force indicate tracking difficulty
47.90550005500284,42.48496993987976,6.07032200151908,0.05545851136215495,0.2,0.4999999999999997,0.44999999999999973,0.8045851136215494,2.216575970735213,0.18045851136215496,0.5216609510435422,0.49287774519569366,DECREASE,Curvature and pushing force indicate tracking difficulty
48.10592601951031,42.68537074148297,6.073497842437922,0.05789691819066685,0.2,0.44999999999999973,0.39999999999999974,0.8105207228113349,2.209309150457495,0.1810520722811335,0.5355882123764806,0.49516206762990156,DECREASE,Curvature and pushing force indicate tracking difficulty
48.30632862328112,42.88577154308617,6.074347733556554,0.060271620870196746,0.2,0.39999999999999974,0.39999999999999974,0.8144445878317708,2.2045313628342487,0.18144445878317708,0.5490294507962394,0.49667053773765546,HOLD,Navigation state acceptable
48.50673558345391,43.08617234468938,6.072776618509284,0.06257393445281546,0.2,0.39999999999999974,0.39999999999999974,0.835165410075339,2.1796400357370445,0.1835165410075339,0.5539702182163873,0.5046151658729976,HOLD,Navigation state acceptable
48.7071780224754,43.28657314629259,6.068691269359838,0.06479488293864018,0.2,0.39999999999999974,0.39999999999999974,0.8551539464477615,2.156155292480809,0.18551539464477618,0.5586902714342976,0.5122460943746759,HOLD,Navigation state acceptable
48.90769048866204,43.48697394789579,6.062000394002814,0.06692528384944339,0.2,0.39999999999999974,0.39999999999999974,0.8743275546449905,2.1340987012046706,0.18743275546449906,0.5631767042639235,0.5195364938569135,HOLD,Navigation state acceptable
49.108310955593254,43.687374749499,6.052614741735109,0.06895584599329123,0.2,0.39999999999999974,0.39999999999999974,0.892602613939621,2.1134917444046235,0.18926026139396213,0.5674164875565451,0.5264592386060942,HOLD,Navigation state acceptable
49.30908079941301,43.88777555110221,6.040447206890262,0.07087727944666161,0.2,0.39999999999999974,0.39999999999999974,0.9098955150199544,2.0943554076874245,0.19098955150199545,0.5713966371633443,0.5329872374840219,HOLD,Navigation state acceptable
49.51004475327506,44.08817635270541,6.025412930430719,0.07268041626063342,0.2,0.39999999999999974,0.39999999999999974,0.9261237463457006,2.0767097688240015,0.19261237463457007,0.57510439474066,0.5390937945717577,HOLD,Navigation state acceptable
49.711250838351354,44.28857715430862,6.007429399394816,0.07435633986126962,0.2,0.39999999999999974,0.39999999999999974,0.9412070587514263,2.0605735910381338,0.19412070587514263,0.578527418617687,0.5447529936751397,HOLD,Navigation state acceptable
49.91275027103282,44.48897795591183,5.9864165440975725,0.07589652059555653,0.2,0.39999999999999974,0.39999999999999974,0.9550686853600086,2.0459639244149805,0.19550686853600086,0.5816539813283571,0.549940099376733,HOLD,Navigation state acceptable
50.11459734618449,44.68937875751503,5.962296832986581,0.07729295439594389,0.2,0.39999999999999974,0.39999999999999974,0.9676365895634949,2.032895719268653,0.1967636589563495,0.5844731698391257,0.5546319659944535,HOLD,Navigation state acceptable
50.31684929656903,44.88977955911824,5.934995365056421,0.07853830113148977,0.2,0.39999999999999974,0.39999999999999974,0.9788447101834077,2.0213814552579334,0.19788447101834078,0.5869750840227186,0.5588074446862632,HOLD,Navigation state acceptable
50.51956612882036,45.09018036072145,5.904439959727675,0.07962601891960193,0.2,0.39999999999999974,0.39999999999999974,0.9886341702764172,2.0114307899295554,0.19886341702764174,0.5891510285846864,0.5624477781312982,HOLD,Navigation state acceptable
50.722810436627135,45.29058116232465,5.870561244098958,0.08055049051005099,0.2,0.39999999999999974,0.34999999999999976,0.9969544145904587,2.0030502302779563,0.19969544145904589,0.59099369346274,0.5655369717730192,DECREASE,Severe curvature requires greater flexibility
50.92664719206783,45.49098196392786,5.83329273748301,0.08130713784771154,0.2,0.34999999999999976,0.34999999999999976,0.9756106717055479,2.0246904196699815,0.1975610671705548,0.5987543445062832,0.5576034725465034,HOLD,Minimum support stiffness maintained in severe curve
51.131143516318694,45.69138276553107,5.79257093314057,0.08189252109162164,0.2,0.34999999999999976,0.34999999999999976,0.9805864292787838,2.0196038611940663,0.1980586429278784,0.5998628527160238,0.5594555743696625,HOLD,Minimum support stiffness maintained in severe curve
51.33636843122644,45.89178356713427,5.748335377128621,0.08230441871434735,0.2,0.34999999999999976,0.34999999999999976,0.9840875590719522,2.0160400591751007,0.19840875590719523,0.6006415026984391,0.5607578270154081,HOLD,Minimum support stiffness maintained in severe curve
51.542392593491165,46.09218436873748,5.7005287441822095,0.08254188582083233,0.2,0.34999999999999976,0.34999999999999976,0.9861060294770747,2.0139911669535424,0.1986106029477075,0.6010899101551751,0.5615082444875017,HOLD,Minimum support stiffness maintained in severe curve
51.74928801343503,46.29258517034068,5.649096910552249,0.0826052884969175,0.2,0.34999999999999976,0.34999999999999976,0.9866449522237986,2.01344482592247,0.19866449522237986,0.6012095713616238,0.5617085586488502,HOLD,Minimum support stiffness maintained in severe curve
51.95712776053318,46.49298597194389,5.593989023724534,0.08249631278759634,0.2,0.34999999999999976,0.34999999999999976,0.9857186586945688,2.0143840530912067,0.19857186586945688,0.601003883180462,0.5613642497792917,HOLD,Minimum support stiffness maintained in severe curve
52.16598565804796,46.6933867735471,5.535157568948337,0.08221794777526427,0.2,0.34999999999999976,0.34999999999999976,0.983352556089746,2.0167871756931355,0.1983352556089746,0.6004781296054835,0.5604845063135174,HOLD,Minimum support stiffness maintained in severe curve
52.37593596923258,46.8937875751503,5.472558432506101,0.08177444313843694,0.2,0.34999999999999976,0.34999999999999976,0.9795827666767138,2.020627814776911,0.1979582766676714,0.5996394350972489,0.5590821146350966,HOLD,Minimum support stiffness maintained in severe curve
52.58705307765232,47.09418837675351,5.4061509616590335,0.08117124246430102,0.2,0.34999999999999976,0.34999999999999976,0.9744555609465584,2.0258749192017222,0.19744555609465586,0.5984966860293905,0.5571732821750812,HOLD,Minimum support stiffness maintained in severe curve
52.799411164207626,47.294589178356716,5.3358980212065354,0.08041489441718648,0.2,0.34999999999999976,0.34999999999999976,0.9680266025460849,2.032492850871579,0.1968026602546085,0.5970604225548816,0.5547773992722359,HOLD,Minimum support stiffness maintained in severe curve
53.01308388343527,47.49498997995992,5.261766046600897,0.07951294459176392,0.2,0.34999999999999976,0.34999999999999976,0.9603600290299932,2.0404415213358753,0.19603600290299933,0.5953427040871101,0.5519167472007558,HOLD,Navigation state acceptable
53.22814404161065,47.69539078156313,5.183725093562074,0.07847381145907739,0.2,0.34999999999999976,0.34999999999999976,0.9515273974021576,2.049676579137314,0.19515273974021577,0.5933569523124395,0.5486161613362499,HOLD,Navigation state acceptable
53.44466327907998,47.895791583166336,5.101748884140721,0.07730665022247157,0.2,0.34999999999999976,0.34999999999999976,0.9416065268910083,2.0601496464914484,0.19416065268910085,0.5911177761841329,0.5449026595523454,HOLD,Navigation state acceptable
53.66271175911967,48.09619238476954,5.015814849181288,0.07602120863003514,0.2,0.34999999999999976,0.34999999999999976,0.9306802733552986,2.0718086030104113,0.19306802733552986,0.5886407836839622,0.5408050465963996,HOLD,Navigation state acceptable
53.882357865454956,48.296593186372746,4.925904167140468,0.07462767883346837,0.2,0.34999999999999976,0.34999999999999976,0.9188352700844811,2.084597913308051,0.19188352700844813,0.5859423852634764,0.5363535053609618,HOLD,Navigation state acceptable
54.10366791037898,48.496993987975955,4.832001799220031,0.07313654924981558,0.2,0.34999999999999976,0.34999999999999976,0.9061606686234323,2.0984589944816516,0.19061606686234323,0.5830395937993131,0.531579185670455,HOLD,Navigation state acceptable
54.32670585520078,48.69739478957916,4.734096520776401,0.07155846009742305,0.2,0.34999999999999976,0.34999999999999976,0.8927469108280959,2.113330618645659,0.1892746910828096,0.5799498256455844,0.5265138005066425,HOLD,Navigation state acceptable
54.55153304452433,48.897795591182366,4.632180948973464,0.0699040658685442,0.2,0.34999999999999976,0.34999999999999976,0.8786845598826256,2.1291493449277654,0.18786845598826257,0.5766907069698374,0.521189238572491,HOLD,Navigation state acceptable
54.778207955626,49.098196392785574,4.526251566648519,0.06818390749236682,0.2,0.34999999999999976,0.34999999999999976,0.8640632136851178,2.145849974740014,0.1864063213685118,0.5732798890349312,0.5156372007983272,HOLD,Navigation state acceptable
55.00678596396157,49.298597194388776,4.416308742364944,0.06640829637984981,0.2,0.34999999999999976,0.34999999999999976,0.8489705192287231,2.163366023633819,0.1848970519228723,0.5697348754958708,0.5098888669517426,HOLD,Navigation state acceptable
55.23731912560069,49.498997995991985,4.302356746629364,0.06458721195567249,0.2,0.34999999999999976,0.34999999999999976,0.8334913016232162,2.1816302026951218,0.18334913016232163,0.5660728641472724,0.5039745969987133,HOLD,Navigation state acceptable
55.46985597716267,49.699398797595194,4.1844037642543865,0.06273021369683017,0.2,0.34999999999999976,0.34999999999999976,0.8177068164230563,2.2005749023218897,0.18177068164230564,0.5623106049032423,0.4979236703353243,HOLD,Navigation state acceptable
55.70444135361538,49.899799599198396,4.06246190285211,0.06084636815094168,0.2,0.34999999999999976,0.34999999999999976,0.8016941292830042,2.2201326712386114,0.18016941292830044,0.5584642751710222,0.4917640645765131,HOLD,Navigation state acceptable
55.94111622410307,50.100200400801604,3.9365471974473905,0.058944190911850054,0.2,0.34999999999999976,0.34999999999999976,0.7855256227507255,2.2402366838274346,0.17855256227507255,0.5545493731985296,0.48552227427559236,HOLD,Navigation state acceptable
56.179917545791184,50.30060120240481,3.806679611203619,0.05703160310046951,0.2,0.34999999999999976,0.34999999999999976,0.7692686263539907,2.2608211892859793,0.17692686263539908,0.5505806294513423,0.47922316879544014,HOLD,Navigation state acceptable
56.42087813555817,50.501002004008015,3.6728830322576402,0.05511590155018785,0.2,0.34999999999999976,0.34999999999999976,0.7529851631765967,2.2818219366737664,0.1752985163176597,0.5465719356312584,0.47288988760400696,HOLD,Navigation state acceptable
56.664026559226905,50.701402805611224,3.5351852666643646,0.053203741624906,0.2,0.34999999999999976,0.34999999999999976,0.736731803811701,2.303176570625919,0.1736731803811701,0.542536290578459,0.4665437705111546,HOLD,Navigation state acceptable
56.90938703791174,50.90180360721443,3.39361802745542,0.05130113140380232,0.2,0.34999999999999976,0.34999999999999976,0.7205596169323196,2.3248249933540928,0.17205596169323198,0.5384857620058263,0.46020431980283444,HOLD,Navigation state acceptable
57.15697937096108,51.102204408817634,3.2482169198199866,0.049413435848893836,0.2,0.34999999999999976,0.3749999999999998,0.7045142047155977,2.3467096894433976,0.17045142047155978,0.5344314628024491,0.45388919086376367,INCREASE,Moderate curvature allows additional support
57.406818874898406,51.30260521042084,3.0990214224199635,0.04754538951652175,0.2,0.3749999999999998,0.3999999999999998,0.6941471582695653,2.361069981716156,0.16941471582695655,0.5255426643691119,0.4497951666091896,INCREASE,Moderate curvature allows additional support
57.65891633770614,51.50300601202405,2.946074864855277,0.04570111637423859,0.2,0.3999999999999998,0.4249999999999998,0.6833100473681473,2.3762704952982334,0.16833100473681473,0.5165176713104909,0.4455036919823725,INCREASE,Moderate curvature allows additional support
57.913277987754995,51.703406813627254,2.7894244012990788,0.043884155332368086,0.2,0.4249999999999998,0.4249999999999998,0.6720534368244047,2.392268041143993,0.16720534368244047,0.5073670046431547,0.44103305711602525,HOLD,Navigation state acceptable
58.169905476654364,51.90380761523046,2.6291209803262663,0.04209749017960225,0.2,0.4249999999999998,0.4249999999999998,0.6555267841613208,2.4161493720721494,0.16555267841613208,0.5030738344985297,0.4344447560285646,HOLD,Navigation state acceptable
58.42879587528549,52.10420841683367,2.4652193109626674,0.04034358271927322,0.2,0.4249999999999998,0.4249999999999998,0.6393031401532772,2.440061207731228,0.16393031401532773,0.4988183963439546,0.42794797606405877,HOLD,Navigation state acceptable
58.68994168227712,52.30460921843687,2.2977778249859013,0.038624408026186996,0.2,0.4249999999999998,0.4249999999999998,0.6234007742422296,2.463963343781894,0.16234007742422296,0.49460664398471493,0.42155086307165246,HOLD,Navigation state acceptable
58.95333084419051,52.50501002004008,2.1268586355125425,0.03694149087408147,0.2,0.4249999999999998,0.4249999999999998,0.6078337905852536,2.4878193401719684,0.16078337905852536,0.49044364647965333,0.4152600433363719,HOLD,Navigation state acceptable
59.21894678669569,52.70541082164329,1.952527491910186,0.035295942519199146,0.2,0.4249999999999998,0.4249999999999998,0.5926124683025922,2.5115965620080845,0.15926124683025922,0.4863336299313049,0.40908072593446065,HOLD,Navigation state acceptable
59.48676845604311,52.90581162324649,1.7748537310763655,0.03368849715578291,0.2,0.4249999999999998,0.4249999999999998,0.577743598690992,2.535266188573786,0.1577743598690992,0.48228002165859274,0.40301680614386093,HOLD,Navigation state acceptable
59.75677037016112,53.1062124248497,1.5939102251299435,0.03211954748320192,0.2,0.4249999999999998,0.4249999999999998,0.5632308142196178,2.5588031937541125,0.1563230814219618,0.4782854957757976,0.3970709681080835,HOLD,Navigation state acceptable
60.02892267874002,53.30661322645291,1.4097733255643936,0.030589178940650556,0.2,0.4249999999999998,0.4249999999999998,0.5490749052010176,2.5821863013660624,0.15490749052010178,0.4743520193239386,0.3912447852682682,HOLD,Navigation state acceptable
60.30319123169676,53.50701402805611,1.2225228039155143,0.0290972022689,0.2,0.4249999999999998,0.4249999999999998,0.535274120987325,2.60539791905541,0.1535274120987325,0.470480898214295,0.38553881736346207,HOLD,Navigation state acceptable
60.57953765544878,53.70741482965932,1.0322417889998827,0.027643184150492113,0.2,0.4249999999999998,0.4249999999999998,0.521824453392052,2.6284240544855546,0.15218244533920522,0.4666728223514543,0.3799527030572022,HOLD,Navigation state acceptable
60.857919436460726,53.90781563126253,0.8390167007836462,0.026226475760107705,0.2,0.4249999999999998,0.4249999999999998,0.5087199007809963,2.651254217518693,0.15087199007809962,0.46292790940458056,0.3744852474792222,HOLD,Navigation state acceptable
61.138290011563605,54.10821643286573,0.6429371809445903,0.024846239125146163,0.2,0.4249999999999998,0.4249999999999998,0.495952711907602,2.6738813119963525,0.1495952711907602,0.45924574678799945,0.36913450417173854,HOLD,Navigation state acceptable
61.42059886458097,54.30861723446894,0.44409602019368366,0.023501471252392284,0.2,0.4249999999999998,0.4249999999999998,0.48351360908462865,2.6963015205961725,0.14835136090846288,0.45562543149245216,0.36389785109716644,HOLD,Navigation state acceptable
61.70479162883064,54.50901803607215,0.24258908242562294,0.022191026023266253,0.2,0.4249999999999998,0.4249999999999998,0.4713919907152128,2.7185141860502338,0.1471391990715213,0.45206560748263297,0.358772060509051,HOLD,Navigation state acceptable
61.990810195104096,54.70941883767535,0.03851522577094135,0.020913633897521357,0.2,0.4249999999999998,0.4249999999999998,0.45957611355207256,2.7405216917845197,0.14595761135520727,0.44856450044246426,0.3537533626086899,HOLD,Navigation state acceptable
62.27859282475666,54.90981963927856,-0.16802377937466328,0.019667919492005505,0.2,0.4249999999999998,0.4749999999999998,0.44805325530105095,2.7623293448336597,0.1448053255301051,0.4451199497005283,0.3488375029990537,INCREASE,Low curvature and reduced velocity indicate poor pushability
62.56807426757194,55.11022044088177,-0.37692333526506383,0.018452417123443834,0.2,0.4749999999999998,0.5249999999999998,0.4350360669535774,2.787386388477021,0.14350360669535775,0.4286918332687377,0.34325780469753925,INCREASE,Low curvature and reduced velocity indicate poor pushability
62.85918588409197,55.31062124248497,-0.5880761045807921,0.01726558441892342,0.2,0.5249999999999998,0.5749999999999998,0.42209724029396506,2.8127471783667555,0.14220972402939652,0.41224758726543764,0.3376832837760504,INCREASE,Low curvature and reduced velocity indicate poor pushability
63.15185577213135,55.51102204408818,-0.801372100984322,0.01610581410550685,0.2,0.5749999999999998,0.6249999999999999,0.4092625016341986,2.8383640346362364,0.14092625016341986,0.39579481385388915,0.3321248525057798,INCREASE,Low curvature and reduced velocity indicate poor pushability
63.446008897217645,55.71142284569139,-1.0166987823659523,0.014971444098227312,0.2,0.6249999999999999,0.6749999999999999,0.3965537461050573,2.8641933840039235,0.13965537461050573,0.3793402450469977,0.32659198521548083,INCREASE,Low curvature and reduced velocity indicate poor pushability
63.741567226723944,55.91182364729459,-1.2339411466905692,0.013860766005752558,0.2,0.6749999999999999,0.725,0.38398900056759255,2.8901963804333315,0.13839890005675926,0.3628896834544292,0.32109266806459114,INCREASE,Low curvature and reduced velocity indicate poor pushability
64.03844986748038,56.1122244488978,-1.4529818303529964,0.012772032171402258,0.2,0.725,0.775,0.3715823940996777,2.916339563126024,0.13715823940996777,0.3464479407730966,0.31563334881869076,INCREASE,Low curvature and reduced velocity indicate poor pushability
64.33657320667056,56.31262525050101,-1.6737012089464796,0.011703461366144098,0.2,0.775,0.8250000000000001,0.35934413241833724,2.9425955536982467,0.13593441324183372,0.33001877337384844,0.3102188853895136,INCREASE,Low curvature and reduced velocity indicate poor pushability
64.63585105583778,56.51302605210421,-1.895977500347401,0.010653243243662179,0.2,0.8250000000000001,0.85,0.3472804729785239,2.9689437947222155,0.1347280472978524,0.3136048143589427,0.30485249199823977,INCREASE,Low curvature and reduced velocity indicate poor pushability
64.93619479784158,56.71342685370742,-2.119686870016255,0.009619541662161028,0.2,0.85,0.85,0.3343638124391739,2.997683212562644,0.1334363812439174,0.30311789389265853,0.2990736413835801,INCREASE,Low curvature and reduced velocity indicate poor pushability
65.23751353662097,56.91382765531062,-2.344703538413045,0.008600496971624837,0.2,0.85,0.85,0.3206067091169353,3.0289108577032176,0.13206067091169355,0.2985511944998932,0.2928801400379373,INCREASE,Low curvature and reduced velocity indicate poor pushability
65.53971424963449,57.11422845691383,-2.5708998904231377,0.007594227358106342,0.2,0.85,0.85,0.30702206933443565,3.0603920881281583,0.13070220693344356,0.29398530153337754,0.2867239658701078,INCREASE,Low curvature and reduced velocity indicate poor pushability
65.84270194286024,57.31462925851704,-2.79814658668748,0.0065988293289507005,0.2,0.85,0.85,0.29358419594083446,3.09218372685109,0.12935841959408345,0.28941181669264093,0.2805936441535642,INCREASE,Low curvature and reduced velocity indicate poor pushability
66.14637980825091,57.51503006012024,-3.0263126767294115,0.005612377416980808,0.2,0.85,0.85,0.2802670951292409,3.1243480483236246,0.1280267095129241,0.2848218251222483,0.27447726797795613,INCREASE,Low curvature and reduced velocity indicate poor pushability
66.45064938354963,57.71543086172345,-3.2552657137681407,0.004632923175002188,0.2,0.85,0.85,0.26704446286252953,3.156953143509367,0.12670444628625296,0.2802058616579343,0.26836247124661117,INCREASE,Low curvature and reduced velocity indicate poor pushability
66.7554107143832,57.91583166332666,-3.484871871107709,0.0036584935247192724,0.2,0.85,0.85,0.2538896625837102,3.1900733528321585,0.125388966258371,0.27555386997168085,0.2622363947446341,INCREASE,Low curvature and reduced velocity indicate poor pushability
67.06056251855807,58.11623246492986,-3.7149960599883425,0.002687088519879924,0.2,0.85,0.85,0.24077569501837898,3.2237897760729024,0.1240775695018379,0.27085515392940496,0.2560856449594438,HOLD,Navigation state acceptable
67.36600235249388,58.31663326653307,-3.945502048785867,0.001716678578390075,0.2,0.85,0.85,0.22767516080826602,3.258190869779034,0.12276751608082662,0.2660983203354367,0.2498962452213591,HOLD,Navigation state acceptable
67.67162677973725,58.517034068136276,-4.176252583443176,0.000745201233450217,0.2,0.85,0.85,0.21456021665157796,3.293373144583645,0.12145602166515779,0.26127121206914145,0.2436535785977587,HOLD,Navigation state acceptable
67.97733154150691,58.71743486973948,-4.407109509017084,0.00022944254925775232,0.2,0.85,0.85,0.20759747441497967,3.3123620119674393,0.12075974744149796,0.25868132054151305,0.24031992886332046,HOLD,Navigation state acceptable
68.283011729228,58.91783567134269,-4.637933892222115,0.0012093924427198674,0.2,0.85,0.85,0.22082679797671823,3.2764680515116624,0.12208267979767183,0.2635859518896253,0.24664234282334258,HOLD,Navigation state acceptable
68.58856195902094,59.118236472945895,-4.868586144852149,0.002196833174709304,0.2,0.85,0.85,0.2341572478585756,3.241078077319988,0.12341572478585756,0.2684599679489778,0.25296443825722825,HOLD,Navigation state acceptable
68.8938765481171,59.3186372745491,-5.098926147960071,0.0031939992452757067,0.2,0.85,0.85,0.24761898981122205,3.206107018782427,0.12476189898112221,0.27331483449803395,0.25930083318455843,HOLD,Navigation state acceptable
69.19884969317935,59.519038076152306,-5.328813376674387,0.004203179899909296,0.2,0.85,0.85,0.2612429286487755,3.1714746692656384,0.12612429286487756,0.27816169025909343,0.2656660695042701,INCREASE,Low curvature and reduced velocity indicate poor pushability
69.50337565051207,59.719438877755515,-5.558107025531467,0.005226724311043208,0.2,0.85,0.85,0.2750607781990833,3.137105358734088,0.12750607781990833,0.28301138487064514,0.2720746550238369,INCREASE,Low curvature and reduced velocity indicate poor pushability
69.8073489181512,59.91983967935872,-5.786666134201439,0.006267046915367884,0.2,0.85,0.85,0.28910513335746646,3.1029276794376144,0.12891051333574666,0.287874512496871,0.278541102820368,INCREASE,Low curvature and reduced velocity indicate poor pushability
70.11066441983013,60.120240480961925,-6.014349713485338,0.00732663284885692,0.2,0.85,0.85,0.30340954345956844,3.068874261410592,0.13034095434595686,0.29276144125451564,0.28507996789520496,INCREASE,Low curvature and reduced velocity indicate poor pushability
70.41321769082201,60.320641282565134,-6.241016871460816,0.008408043413318592,0.2,0.85,0.85,0.31800858607980104,3.0348815950413037,0.1318008586079801,0.2976823385778594,0.29170588101785716,INCREASE,Low curvature and reduced velocity indicate poor pushability
70.71490506566475,60.521042084168336,-6.466526939653566,0.00951392149707714,0.2,0.85,0.85,0.3329379402105414,3.0008898984210686,0.13329379402105415,0.3026471925828954,0.29843357958026684,INCREASE,Low curvature and reduced velocity indicate poor pushability
71.01562386777806,60.721442885771545,-6.690739599111632,0.010646996860876067,0.2,0.85,0.85,0.348234457621827,2.966843027477332,0.13482344576218272,0.3076658294453104,0.30527793521606345,INCREASE,Low curvature and reduced velocity indicate poor pushability
71.31527260098615,60.92184368737475,-6.913515006259728,0.011810091183584318,0.2,0.85,0.85,0.3639362309783883,2.9326884271786606,0.13639362309783884,0.312747926752319,0.31225397785300346,INCREASE,Low curvature and reduced velocity indicate poor pushability
71.61375114296209,61.122244488977955,-7.134713918410937,0.013006122743305149,0.2,0.85,0.85,0.3800826570346195,2.8983771222767127,0.13800826570346195,0.31790302273873694,0.3193769157767131,INCREASE,Low curvature and reduced velocity indicate poor pushability
71.91096094061218,61.322645290581164,-7.35419781881368,0.014238110588132962,0.2,0.85,0.85,0.39671449293979505,2.8638637461123695,0.1396714492939795,0.323140521273807,0.3266621511910804,INCREASE,Low curvature and reduced velocity indicate poor pushability
72.20680520741851,61.52304609218437,-7.571829041111776,0.015509178023309195,0.2,0.85,0.85,0.41387390331467416,2.829106606057608,0.1413873903314674,0.3284696924119158,0.33412529064342406,INCREASE,Low curvature and reduced velocity indicate poor pushability
72.50118912275808,61.723446893787575,-7.78747089309661,0.016822555211961177,0.2,0.85,0.85,0.4316044953614759,2.794067784056526,0.1431604495361476,0.3338996682765841,0.3417821495662555,INCREASE,Low curvature and reduced velocity indicate poor pushability
72.79402003321395,61.92384769539078,-8.000987779630702,0.01818158065107947,0.2,0.85,0.85,0.4499513387895729,2.7587132705703223,0.1449951338789573,0.3394394339970399,0.34964875004947316,INCREASE,Low curvature and reduced velocity indicate poor pushability
73.08520765588918,62.12424849699399,-8.212245324622678,0.019589701243241768,0.2,0.85,0.85,0.4689609667837639,2.723013129993408,0.14689609667837641,0.34509781336341205,0.35774131080040594,INCREASE,Low curvature and reduced velocity indicate poor pushability
73.37466428372768,62.324649298597194,-8.421110491935064,0.02105047064004112,0.2,0.85,0.825,0.48868135364055515,2.686941695224462,0.14886813536405552,0.3508834488199336,0.3660762280876423,DECREASE,Moderate curvature favors reduced stiffness
73.66230499283613,62.5250501002004,-8.627451705106843,0.022567545480836657,0.2,0.825,0.7999999999999999,0.5051449776210857,2.657551305338099,0.15051449776210857,0.3619002577990611,0.3729894115162036,DECREASE,Moderate curvature favors reduced stiffness
73.94804785178682,62.72545090180361,-8.831138965774056,0.02414467909284924,0.2,0.7999999999999999,0.7749999999999999,0.5218808282070402,2.6283266901472726,0.15218808282070403,0.3729388583730524,0.3799761705629662,DECREASE,Moderate curvature favors reduced stiffness
74.23181413286456,62.92585170340681,-9.032043970673097,0.025785712155991798,0.2,0.7749999999999999,0.7499999999999999,0.5388928299888954,2.5992713215961007,0.15388928299888957,0.3839994700255273,0.38703749831348655,DECREASE,Moderate curvature favors reduced stiffness
74.51352852519707,63.12625250501002,-9.23004022711263,0.027494559767639287,0.2,0.7499999999999999,0.7249999999999999,0.5561819970954911,2.570393442068942,0.15561819970954913,0.39508150676503306,0.3941731923084676,DECREASE,Moderate curvature favors reduced stiffness
74.79311934968052,63.32665330661323,-9.425003166801492,0.02927519426903331,0.2,0.7249999999999999,0.6999999999999998,0.5737461297956581,2.5417060123409976,0.15737461297956581,0.4061835412262505,0.4013817642490156,DECREASE,Moderate curvature favors reduced stiffness
75.07051877557609,63.52705410821643,-9.616810257921667,0.03113162311854846,0.2,0.6999999999999998,0.6749999999999998,0.5915794774225814,2.513226676230858,0.15915794774225814,0.4173032628194775,0.4086603382742007,DECREASE,Moderate curvature favors reduced stiffness
75.345663038611,63.72745490981964,-9.805341115337134,0.0330678610207854,0.2,0.6749999999999998,0.6499999999999998,0.6096723669942284,2.4849777395814248,0.16096723669942287,0.42843743005252255,0.41600453776604807,DECREASE,Moderate curvature favors reduced stiffness
75.61849266036499,63.92785571142285,-9.990477608831046,0.03508789544369789,0.2,0.6499999999999998,0.6249999999999998,0.6280107976025259,2.456986161203943,0.1628010797602526,0.43958181724165846,0.423408360852199,DECREASE,Moderate curvature favors reduced stiffness
75.88895266866197,64.12825651302606,-10.172103969265844,0.037195644586354014,0.2,0.6249999999999998,0.5999999999999998,0.6465760015964827,2.4292835533383768,0.16465760015964825,0.45073115596242314,0.43086404507526693,DECREASE,Moderate curvature favors reduced stiffness
76.15699281861247,64.32865731462925,-10.35010689256285,0.0393949068014936,0.2,0.5999999999999998,0.5999999999999998,0.6653439748164295,2.4019061890447704,0.16653439748164295,0.4618790717674399,0.4383619220864343,HOLD,Navigation state acceptable
76.42256781386702,64.52905811623246,-10.524375641399942,0.04168930043545726,0.2,0.5999999999999998,0.5999999999999998,0.6905823047900297,2.3660486618525205,0.16905823047900298,0.4683817160599085,0.44838483594447665,HOLD,Navigation state acceptable
76.68563752753954,64.72945891783567,-10.694802144528214,0.044082193035285114,0.2,0.5999999999999998,0.5999999999999998,0.7169041233881361,2.3297748228983255,0.17169041233881363,0.4750652527814815,0.4587678449468633,HOLD,Navigation state acceptable
76.94616722214442,64.92985971943888,-10.861281093610993,0.046576618896777534,0.2,0.5999999999999998,0.5999999999999998,0.7443428078645526,2.29312723506273,0.1744342807864553,0.48193040798061826,0.46951858023348314,HOLD,Navigation state acceptable
77.20412776775771,65.13026052104209,-11.023710037490762,0.049175184002100684,0.2,0.5999999999999998,0.5999999999999998,0.7729270240231074,2.2561560322563317,0.17729270240231076,0.48897661704731876,0.48064274705777077,HOLD,Navigation state acceptable
77.45949585746177,65.3306613226453,-11.181989473792175,0.051879957538605734,0.2,0.5999999999999998,0.5499999999999997,0.802679532924663,2.2189190740466276,0.1802679532924663,0.49620185207754186,0.49214374719052356,DECREASE,Curvature and pushing force indicate tracking difficulty
77.71225421896315,65.53106212424849,-11.336022937772114,0.054692349416950746,0.2,0.5499999999999997,0.4999999999999997,0.8147696688779827,2.2041364634846907,0.1814769668877983,0.5116073486288206,0.4967954522695849,DECREASE,Curvature and pushing force indicate tracking difficulty
77.96239182108344,65.7314629258517,-11.48571708833012,0.05761297353595525,0.2,0.4999999999999997,0.44999999999999973,0.8261297353595525,2.190424876473756,0.18261297353595526,0.5268217880231534,0.501155113622919,DECREASE,Curvature and pushing force indicate tracking difficulty
78.20990407361398,65.93186372745491,-11.630981791095557,0.06064149699763969,0.2,0.44999999999999973,0.39999999999999974,0.8365942214775768,2.177944345693258,0.18365942214775768,0.5418090992821836,0.505161696683091,DECREASE,Curvature and pushing force indicate tracking difficulty
78.45479301879757,66.13226452905812,-11.77173019851079,0.06377647607297159,0.2,0.39999999999999974,0.39999999999999974,0.8459882846567441,2.16686098890589,0.18459882846567444,0.5565314347583006,0.508750909295878,HOLD,Navigation state acceptable
78.69706751245513,66.33266533066133,-11.907878826832265,0.06701518047770574,0.2,0.39999999999999974,0.39999999999999974,0.8751366242993515,2.1331778965677275,0.18751366242993517,0.5633651506235708,0.5198435072901504,HOLD,Navigation state acceptable
78.93674339251601,66.53306613226454,-12.039347629974857,0.0703534084508372,0.2,0.39999999999999974,0.39999999999999974,0.9051806760575347,2.099538406130256,0.1905180676057535,0.5703144796046073,0.5312095580679322,HOLD,Navigation state acceptable
79.17384363244133,66.73346693386773,-12.166060070127523,0.07378529623540822,0.2,0.39999999999999974,0.39999999999999974,0.9360676661186738,2.066043491144599,0.19360676661186738,0.5773635500073375,0.5428264788567203,HOLD,Navigation state acceptable
79.40839847675659,66.93386773547094,-12.287943185071901,0.07730312683644992,0.2,0.39999999999999974,0.39999999999999974,0.9677281415280492,2.032801135269519,0.19677281415280493,0.584493652867657,0.5546661060168036,HOLD,Navigation state acceptable
79.64044555563929,67.13426853707415,-12.404927652138202,0.08089714434234016,0.2,0.39999999999999974,0.34999999999999976,1.0000742990810614,1.9999257036790128,0.20000742990810616,0.5916830741388946,0.5666942190700557,DECREASE,Severe curvature requires greater flexibility
79.87002997525256,67.33466933867736,-12.516947848736656,0.08455538159597241,0.2,0.34999999999999976,0.34999999999999976,1.0032207435657654,1.9967844346898762,0.20032207435657653,0.6048774611067379,0.5678607020979938,HOLD,Minimum support stiffness maintained in severe curve
80.09720438028457,67.53507014028057,-12.623941909405639,0.08826351050875592,0.2,0.34999999999999976,0.34999999999999976,1.0347398393244251,1.9658532863484313,0.20347398393244254,0.611786482687769,0.5795122867282543,HOLD,Minimum support stiffness maintained in severe curve
80.32202898496436,67.73547094188378,-12.725851779321259,0.09200472571249856,0.2,0.34999999999999976,0.34999999999999976,1.0665401685562375,1.935602346793264,0.20665401685562373,0.6186734837964212,0.5912080719635943,HOLD,Minimum support stiffness maintained in severe curve
80.54457156869174,67.93587174348697,-12.822623264216613,0.0957596734025266,0.2,0.34999999999999976,0.34999999999999976,1.0984572239214758,1.9061622769345905,0.2098457223921476,0.6255050972910868,0.6028891684007098,HOLD,Minimum support stiffness maintained in severe curve
80.76490743236063,68.13627254509018,-12.914206076662554,0.0995064379624494,0.2,0.34999999999999976,0.34999999999999976,1.1303047226808196,1.8776656491500976,0.213030472268082,0.6322448853901425,0.6144898530880383,HOLD,Minimum support stiffness maintained in severe curve
80.98311931149162,68.33667334669339,-13.00055387866508,0.1032205990841321,0.2,0.34999999999999976,0.34999999999999976,1.1618750922151226,1.8502456568392573,0.2161875092215123,0.6388535173219148,0.6259377998805425,HOLD,Minimum support stiffness maintained in severe curve
81.19929724243917,68.5370741482966,-13.08162432053853,0.10687537140725928,0.2,0.34999999999999976,0.34999999999999976,1.1929406569617036,1.824034766878716,0.21929406569617038,0.6452890454930063,0.6371545296332722,HOLD,Minimum support stiffness maintained in severe curve
81.41353837822035,68.7374749498998,-13.157379076016973,0.11044183701467254,0.2,0.34999999999999976,0.34999999999999976,1.2232556146247164,1.7991633412225505,0.22232556146247165,0.6515072895929891,0.6480561056828781,HOLD,Minimum support stiffness maintained in severe curve
81.62594675094074,68.93787575150301,-13.227783873570242,0.11388927829217135,0.2,0.34999999999999976,0.34999999999999976,1.2525588654834563,1.7757582548864927,0.2252558865483456,0.6574623347618928,0.6585540925936597,HOLD,Minimum support stiffness maintained in severe curve
81.83663297838098,69.13827655310621,-13.292808523894546,0.11718561463033404,0.2,0.34999999999999976,0.34999999999999976,1.2805777243578391,1.753941537391063,0.22805777243578393,0.6631071453926607,0.668556785590059,HOLD,Minimum support stiffness maintained in severe curve
82.04571391305844,69.33867735470942,-13.352426943551492,0.12029794126033634,0.2,0.34999999999999976,0.34999999999999976,1.3070325007128587,1.733829063424128,0.2307032500712859,0.6683942903787701,0.6779707045891235,HOLD,Minimum support stiffness maintained in severe curve
82.25331223299075,69.53907815631263,-13.406617174733048,0.12319316236074623,0.2,0.34999999999999976,0.34999999999999976,1.3316418800663428,1.7155293161427463,0.2331641880066343,0.6732767688463556,0.6867023307615342,HOLD,Minimum support stiffness maintained in severe curve
82.45955597444883,69.73947895791584,-13.455361401133898,0.12583870378742193,0.2,0.34999999999999976,0.34999999999999976,1.354128982193086,1.6991422433759915,0.23541289821930864,0.6777089179970124,0.6946600459652021,HOLD,Minimum support stiffness maintained in severe curve
82.66457800817251,69.93987975951904,-13.498645959916294,0.12820328386138868,0.2,0.34999999999999976,0.34999999999999976,1.3742279128218036,1.6847582232515932,0.23742279128218036,0.6816473771750595,0.7017562175001648,HOLD,Minimum support stiffness maintained in severe curve
82.8685154617998,70.14028056112225,-13.536461349756568,0.13025771421434224,0.2,0.34999999999999976,0.34999999999999976,1.3916905708219085,1.6724571517733555,0.23916905708219086,0.6850520753294194,0.7079093540175871,HOLD,Minimum support stiffness maintained in severe curve
83.07150909258496,70.34068136272545,-13.568802234966089,0.13197569742466714,0.2,0.34999999999999976,0.34999999999999976,1.4062934281096702,1.6623076609332346,0.24062934281096704,0.6878872034162982,0.7130462448588213,HOLD,Minimum support stiffness maintained in severe curve
83.27370261579998,70.54108216432866,-13.595667445683532,0.1333345847563801,0.2,0.34999999999999976,0.34999999999999976,1.4178439704292305,1.6543664723286073,0.2417843970429231,0.6901221297284779,0.7171039863618082,HOLD,Minimum support stiffness maintained in severe curve
83.47524199546788,70.74148296593187,-13.617059974138934,0.13431605630938653,0.2,0.34999999999999976,0.34999999999999976,1.4261864786297853,1.6486778882137052,0.24261864786297851,0.6917322152652723,0.7200317962308271,HOLD,Minimum support stiffness maintained in severe curve
83.67627470520593,70.94188376753507,-13.63298696699419,0.13490668767599798,0.2,0.34999999999999976,0.34999999999999976,1.4312068452459825,1.6452734195865146,0.24312068452459826,0.6926994884856444,0.7217925218933542,HOLD,Minimum support stiffness maintained in severe curve
83.87694896790097,71.14228456913828,-13.643459713768179,0.1350983718666552,0.2,0.34999999999999976,0.34999999999999976,1.4328361608665687,1.6441715493801325,0.2432836160866569,0.6930131442114478,0.7223637610976005,HOLD,Minimum support stiffness maintained in severe curve
84.07741298364823,71.34268537074149,-13.648493631358745,0.1348885725945969,0.2,0.34999999999999976,0.34999999999999976,1.4310528670540734,1.6453776280263135,0.24310528670540732,0.692669839821574,0.7217385322566947,HOLD,Minimum support stiffness maintained in severe curve
84.2778141558157,71.54308617234469,-13.648108244677612,0.1342803944472316,0.2,0.34999999999999976,0.34999999999999976,1.4258833528014683,1.648883898469687,0.24258833528014684,0.691673772590765,0.719925456792764,HOLD,Minimum support stiffness maintained in severe curve
84.47829832522501,71.7434869739479,-13.64232716341796,0.13328246620620054,0.2,0.34999999999999976,0.34999999999999976,1.4174009627527042,1.654669647953306,0.2417400962752704,0.690036534171113,0.7169484438516689,HOLD,Minimum support stiffness maintained in severe curve
84.67900902225486,71.9438877755511,-13.631178054978387,0.13190864463408514,0.2,0.34999999999999976,0.34999999999999976,1.4057234793897233,1.662701484301391,0.24057234793897236,0.6877767507089249,0.7128458967096611,HOLD,Minimum support stiffness maintained in severe curve
84.88008674618672,72.14428857715431,-13.614692613570599,0.13017755640284157,0.2,0.34999999999999976,0.34999999999999976,1.391009229424153,1.6729337347490516,0.2391009229424153,0.6849195287993451,0.7076694873172982,HOLD,Minimum support stiffness maintained in severe curve
85.08166828034796,72.34468937875752,-13.59290652554209,0.12811200457102098,0.2,0.34999999999999976,0.34999999999999976,1.373452038853678,1.6853089653886189,0.2373452038853678,0.681495737375653,0.7014825683097621,HOLD,Minimum support stiffness maintained in severe curve
85.28388605060852,72.54509018036072,-13.565859430948555,0.12573827241036553,0.2,0.34999999999999976,0.34999999999999976,1.3532753154881065,1.6997586188381602,0.2353275315488107,0.677541162916742,0.6943583085981145,HOLD,Minimum support stiffness maintained in severe curve
85.48686753360593,72.74549098196393,-13.533594881414702,0.12308536102166995,0.2,0.34999999999999976,0.34999999999999976,1.3307255686841943,1.7162037666485939,0.23307255686841943,0.6730955795761407,0.6863776482620895,HOLD,Minimum support stiffness maintained in severe curve
85.69073471976824,72.94589178356713,-13.496160294325644,0.12018419795982942,0.2,0.34999999999999976,0.34999999999999976,1.3060656826585497,1.734555971271641,0.23060656826585496,0.6682017768682047,0.6776271706152419,HOLD,Minimum support stiffness maintained in severe curve
85.89560363484063,73.14629258517034,-13.453606903394656,0.11706685222051434,0.2,0.34999999999999976,0.34999999999999976,1.2795682438743716,1.754718250154937,0.22795682438743717,0.662904585628026,0.6681969845599144,HOLD,Minimum support stiffness maintained in severe curve
86.10158392225577,73.34669338677355,-13.405989705656685,0.11376578688174448,0.2,0.34999999999999976,0.34999999999999976,1.2515091884948277,1.7765861318443334,0.2251509188494828,0.6572499385962647,0.6581786998789678,HOLD,Minimum support stiffness maintained in severe curve
86.30877848737724,73.54709418837676,-13.353367404940503,0.1103131750518623,0.2,0.34999999999999976,0.34999999999999976,1.2221619879408294,1.8000487910904315,0.22221619879408294,0.6512839958383645,0.6476635635052703,HOLD,Minimum support stiffness maintained in severe curve
86.51728320343312,73.74749498997996,-13.295802351875786,0.10674029823418658,0.2,0.34999999999999976,0.34999999999999976,1.1917925349905858,1.8249902470888657,0.21917925349905856,0.6450523580451358,0.63674080784571,HOLD,Minimum support stiffness maintained in severe curve
86.72718667787971,73.94789579158316,-13.23336048049492,0.10307703942989922,0.2,0.34999999999999976,0.34999999999999976,1.1606548351541432,1.8512906064029593,0.21606548351541432,0.6385993832936269,0.6254962446056758,HOLD,Minimum support stiffness maintained in severe curve
86.9385700770141,74.14829659318637,-13.166111241492546,0.09935147682877732,0.2,0.34999999999999976,0.34999999999999976,1.128987553044607,1.8788273300516527,0.2128987553044607,0.6319676156930947,0.6140111207271921,HOLD,Minimum support stiffness maintained in severe curve
87.15150700590478,74.34869739478958,-13.094127532209265,0.09558957821159342,0.2,0.34999999999999976,0.34999999999999976,1.097011414798544,1.9074765028803014,0.2097011414798544,0.6251973279711129,0.6023612381328656,HOLD,Minimum support stiffness maintained in severe curve
87.36606344013074,74.54909819639279,-13.017485623408952,0.09181499148299194,0.2,0.34999999999999976,0.34999999999999976,1.0649274276054312,1.9371140828123694,0.2064927427605431,0.6183261747679752,0.5906163266692349,HOLD,Minimum support stiffness maintained in severe curve
87.58229770540827,74.749498997996,-12.93626508292255,0.08804892320109214,0.2,0.34999999999999976,0.34999999999999976,1.032915847209283,1.9676171079541054,0.20329158472092834,0.611388949348587,0.578839650309064,HOLD,Minimum support stiffness maintained in severe curve
87.80026050092656,74.9498997995992,-12.850548696233975,0.08431009457112383,0.2,0.34999999999999976,0.34999999999999976,1.0011358038545524,1.9988648408045424,0.20011358038545524,0.6044174336102096,0.5670878203048697,HOLD,Minimum support stiffness maintained in severe curve
88.01999496209372,75.1503006012024,-12.760422384086986,0.08061476303730215,0.2,0.34999999999999976,0.34999999999999976,0.9697254858170681,2.0307398309063087,0.19697254858170682,0.5974403295713072,0.5554107853619517,HOLD,Minimum support stiffness maintained in severe curve
88.24153675839099,75.35070140280561,-12.66597511719474,0.0769767971837667,0.2,0.34999999999999976,0.34999999999999976,0.9388027760620168,2.0631288800424388,0.1938802776062017,0.5904832598045556,0.5438519676164695,HOLD,Navigation state acceptable
88.46491422212786,75.55110220440882,-12.5672988281365,0.07340779295431393,0.2,0.34999999999999976,0.34999999999999976,0.9084662401116683,2.0959238973836665,0.19084662401116684,0.5835688243271517,0.5324485137812852,HOLD,Navigation state acceptable
88.69014850406063,75.75150300601203,-12.464488320528766,0.06991722003525096,0.2,0.34999999999999976,0.34999999999999976,0.8787963702996331,2.1290226355728343,0.18787963702996333,0.5767167020939948,0.5212316327857514,HOLD,Navigation state acceptable
88.91725375206468,75.95190380761524,-12.357641175560953,0.066512588428499,0.2,0.34999999999999976,0.34999999999999976,0.8498570016422413,2.162329302453613,0.18498570016422414,0.5699437862542744,0.5102269941030069,HOLD,Navigation state acceptable
89.14623730931758,76.15230460921843,-12.246857655987903,0.0631996266185576,0.2,0.34999999999999976,0.34999999999999976,0.8216968262577395,2.1957550468027587,0.18216968262577396,0.5632643435724572,0.4994551643376306,HOLD,Navigation state acceptable
89.37709992874156,76.35270541082164,-12.132240607674445,0.05998246418230651,0.2,0.34999999999999976,0.34999999999999976,0.7943509455496052,2.229218319816924,0.17943509455496054,0.5566901897559666,0.48893206322257055,HOLD,Navigation state acceptable
89.60983600075639,76.55310621242485,-12.01389535878931,0.05686381310487102,0.2,0.34999999999999976,0.34999999999999976,0.7678424113914035,2.2626451171356092,0.17678424113914037,0.5502308737694881,0.4786694236913739,HOLD,Navigation state acceptable
89.84443379169834,76.75350701402806,-11.891929616748214,0.05384514338174978,0.2,0.34999999999999976,0.34999999999999976,0.742183718744873,2.295969108746885,0.1742183718744873,0.543893865483964,0.4686752439829889,HOLD,Navigation state acceptable
90.08087569055708,76.95390781563127,-11.766453363007837,0.05092684966506004,0.2,0.34999999999999976,0.34999999999999976,0.7173782221530103,2.3291316661657415,0.17173782221530104,0.5376847421642325,0.45895422269515274,HOLD,Navigation state acceptable
90.31913846196677,77.15430861723448,-11.637578745814931,0.04810840672938707,0.2,0.34999999999999976,0.3749999999999998,0.6934214571997901,2.362081797767181,0.16934214571997902,0.5316073703220104,0.44950817027615314,INCREASE,Moderate curvature allows additional support
90.55919350365404,77.35470941883767,-11.505419971016295,0.04538851238409842,0.2,0.3749999999999998,0.3999999999999998,0.675274483360861,2.3876684326829705,0.16752744833608613,0.5206989432550218,0.44231368866024656,INCREASE,Moderate curvature allows additional support
90.801007106792,77.55511022044088,-11.37009319103778,0.042765217148470855,0.2,0.3999999999999998,0.4249999999999998,0.6568869543362377,2.414165908863971,0.16568869543362377,0.5096787435525676,0.4349881082830085,INCREASE,Moderate curvature allows additional support
91.04454071793413,77.75551102204409,-11.231716392141742,0.0402360405464475,0.2,0.4249999999999998,0.4249999999999998,0.6383083750546392,2.4415427894437736,0.16383083750546393,0.4985561225976217,0.4275486579682779,HOLD,Navigation state acceptable
91.28975120140498,77.9559118236473,-11.09040928007444,0.03779807428892552,0.2,0.4249999999999998,0.4249999999999998,0.6157571871725611,2.475619500105497,0.16157571871725612,0.4925675853637772,0.4184655806216129,HOLD,Navigation state acceptable
91.536591101205,78.15631262525051,-10.94629316421615,0.035448072908677394,0.2,0.4249999999999998,0.4249999999999998,0.5940196744052659,2.509379315843397,0.1594019674405266,0.4867152664510716,0.409653192368078,HOLD,Navigation state acceptable
91.78500890164639,78.35671342685372,-10.799490840348554,0.03318253261517313,0.2,0.4249999999999998,0.4249999999999998,0.5730634266903514,2.5428091023740884,0.15730634266903515,0.4809959937676475,0.4011023209978112,HOLD,Navigation state acceptable
92.03494928607661,78.55711422845691,-10.650126472154795,0.030997759263793015,0.2,0.4249999999999998,0.4249999999999998,0.5528542731900854,2.5759017243663527,0.15528542731900855,0.4754058355432889,0.39280287646071266,HOLD,Navigation state acceptable
92.28635339316706,78.75751503006012,-10.498325471569373,0.028889926401728508,0.2,0.4249999999999998,0.4249999999999998,0.5333568192159887,2.6086556957076796,0.15333568192159888,0.4699402025210433,0.3847440382765332,HOLD,Navigation state acceptable
92.53915907034784,78.95791583166333,-10.344214378095801,0.02685512437323241,0.2,0.4249999999999998,0.4249999999999998,0.5145349004523998,2.6410748268694095,0.15145349004524,0.4645939393759134,0.37691441762681854,HOLD,Navigation state acceptable
92.79330112405843,79.15831663326654,-10.187920737210998,0.024889401453468633,0.2,0.4249999999999998,0.4249999999999998,0.4963519634445848,2.6731678760871516,0.1496351963444585,0.459361405968319,0.36930219647330004,HOLD,Navigation state acceptable
93.04871156655805,79.35871743486975,-10.029572977976308,0.022988797944168242,0.2,0.4249999999999998,0.4249999999999998,0.47877138098355626,2.70494821000629,0.14787713809835565,0.45423654908892386,0.3618952460112034,HOLD,Navigation state acceptable
93.30531985910156,79.55911823647295,-9.869300289975886,0.021149374109886196,0.2,0.4249999999999998,0.4249999999999998,0.46175671051644734,2.7364334784457918,0.14617567105164472,0.44921296537151956,0.3546812266730426,HOLD,Navigation state acceptable
93.56305315133788,79.75951903807615,-9.707232499703515,0.019367232771457996,0.2,0.4249999999999998,0.4749999999999998,0.44527190313598647,2.767645306963141,0.14452719031359865,0.44428395605885673,0.34764767178173284,INCREASE,Low curvature and reduced velocity indicate poor pushability
93.82183651682962,79.95991983967936,-9.543499946519912,0.017638537304517858,0.2,0.4749999999999998,0.5249999999999998,0.42710073871904913,2.8028855227069385,0.1427100738719049,0.42627761525901614,0.3398423826025232,INCREASE,Low curvature and reduced velocity indicate poor pushability
94.0815931846252,80.16032064128257,-9.378233358302392,0.015959525720572,0.2,0.5249999999999998,0.5749999999999998,0.408710138635863,2.8394769727954365,0.1408710138635863,0.40812378336518107,0.33188498194634297,INCREASE,Low curvature and reduced velocity indicate poor pushability
94.34224476684139,80.36072144288578,-9.211563726909663,0.01432652144147593,0.2,0.5749999999999998,0.6249999999999999,0.3901351054958662,2.877418161865055,0.13901351054958663,0.3898272582362565,0.3237863557446595,INCREASE,Low curvature and reduced velocity indicate poor pushability
94.60371148223324,80.56112224448898,-9.043622183584036,0.01273594131073993,0.2,0.6249999999999999,0.6749999999999999,0.3714043397458242,2.916718201971972,0.13714043397458242,0.37139106929356236,0.31555478379838087,INCREASE,Low curvature and reduced velocity indicate poor pushability
94.86591237574333,80.7615230460922,-8.874539874413959,0.011184301324328802,0.2,0.6749999999999999,0.725,0.3525405405608634,2.9573974901641793,0.13525405405608634,0.35281645835208275,0.30719599020433835,INCREASE,Low curvature and reduced velocity indicate poor pushability
95.12876553403156,80.96192384769539,-8.70444783597921,0.009668220507709805,0.2,0.725,0.775,0.3335607012194451,2.9994885094786374,0.1333560701219445,0.3341028489165453,0.2987131843669141,INCREASE,Low curvature and reduced velocity indicate poor pushability
95.39218829699281,81.1623246492986,-8.533476871301186,0.00818442331396215,0.2,0.775,0.8250000000000001,0.3144763972530174,3.0430367622873784,0.13144763972530174,0.31524780293359,0.29010709151005254,INCREASE,Low curvature and reduced velocity indicate poor pushability
95.65609746527252,81.3627254509018,-8.361757426220326,0.006729740872147787,0.2,0.8250000000000001,0.85,0.2952940665559582,3.088101847509849,0.12952940665559584,0.29624696388368266,0.2813759717187216,INCREASE,Low curvature and reduced velocity indicate poor pushability
95.9204095037897,81.56312625250501,-8.189419466322057,0.005301111373933961,0.2,0.85,0.85,0.2760650035481085,3.1346365497666415,0.12760650035481086,0.2833613023685,0.272538591733585,INCREASE,Low curvature and reduced velocity indicate poor pushability
96.18504074127459,81.76352705410822,-8.016592354532337,0.0038955798510879446,0.2,0.85,0.85,0.2570903279896873,3.1819511382262538,0.12570903279896872,0.2766913191371611,0.2637309049910127,INCREASE,Low curvature and reduced velocity indicate poor pushability
96.44990756582322,81.96392785571143,-7.843404729503094,0.0025102975655537495,0.2,0.85,0.85,0.23838901713497562,3.2300028057855656,0.12383890171349757,0.26999329011175977,0.25496143825501966,HOLD,Navigation state acceptable
96.71492661646495,82.16432865731463,-7.669984384906964,0.0011425212054847447,0.2,0.85,0.85,0.21992403627404405,3.2788926859880636,0.1219924036274044,0.263253428145917,0.2462124516435763,HOLD,Navigation state acceptable
96.98001497073118,82.36472945891784,-7.496458149759747,0.0002103879415538194,0.2,0.85,0.85,0.20734023721097658,3.313067747365253,0.12073402372109765,0.25858527040033724,0.24019650559638947,HOLD,Navigation state acceptable
97.24509032820384,82.56513026052104,-7.3229517698884266,0.001550964686316085,0.2,0.85,0.85,0.22543802326526716,3.264138964238856,0.12254380232652672,0.2652795770644691,0.24883470524186224,HOLD,Navigation state acceptable
97.51007119001277,82.76553106212425,-7.149589790660588,0.0028816403731639958,0.2,0.85,0.85,0.24340214503771396,3.2169801346761187,0.1243402145037714,0.27180119088753485,0.25732106963603774,HOLD,Navigation state acceptable
97.77487703423878,82.96593186372746,-6.9764954410906395,0.004204742933056126,0.2,0.85,0.85,0.2612640295962577,3.17142161049375,0.12612640295962577,0.27816914636129797,0.2656758918029868,INCREASE,Low curvature and reduced velocity indicate poor pushability
98.03942848716778,83.16633266533066,-6.803790519436265,0.005522496446122009,0.2,0.85,0.85,0.2790537020226472,3.127312007052207,0.12790537020226472,0.2844006929859515,0.27391789101622,INCREASE,Low curvature and reduced velocity indicate poor pushability
98.30364749032778,83.36673346693387,-6.63159528039739,0.006837020116966768,0.2,0.85,0.85,0.2967997715790514,3.084516274343101,0.12967997715790514,0.2905114622055188,0.2820643290904304,INCREASE,Low curvature and reduced velocity indicate poor pushability
98.56745746322689,83.56713426853707,-6.460028324028094,0.008150326575597631,0.2,0.85,0.85,0.31452940877056806,3.04291404460936,0.1314529408770568,0.29651560893275675,0.29013110658284014,INCREASE,Low curvature and reduced velocity indicate poor pushability
98.83078346169617,83.76753507014028,-6.289206486470254,0.009464319424478826,0.2,0.85,0.85,0.3322683122304642,3.00239821309212,0.13322683122304643,0.3024259313185014,0.29813284128613565,INCREASE,Low curvature and reduced velocity indicate poor pushability
99.09355233172545,83.96793587174349,-6.119244732615886,0.01078078996041812,0.2,0.85,0.85,0.3500406644656447,2.9628737157952405,0.13500406644656446,0.308253971796669,0.30608293097303796,INCREASE,Low curvature and reduced velocity indicate poor pushability
99.35569285866467,84.1683366733467,-5.950256050803274,0.012101413007650795,0.2,0.85,0.85,0.3678690756032858,2.924256474060456,0.1367869075603286,0.31401010193348156,0.31399360201556803,INCREASE,Low curvature and reduced velocity indicate poor pushability
99.61713591164686,84.3687374749499,-5.782351349649791,0.013427741806802666,0.2,0.85,0.85,0.385774514391836,2.886472480521442,0.13857745143918362,0.3197035932066187,0.32187594523822605,INCREASE,Low curvature and reduced velocity indicate poor pushability
99.87781458307153,84.5691382765531,-5.615639357122182,0.014761201913868736,0.2,0.85,0.85,0.40377622583722794,2.849457004882922,0.1403776225837228,0.325342675517708,0.32973994016129604,INCREASE,Low curvature and reduced velocity indicate poor pushability
100.13766432296981,84.76953907815631,-5.450226521943057,0.01610308407126249,0.2,0.85,0.85,0.4218916349620436,2.8131539012160918,0.14218916349620436,0.33093458497186445,0.33759446862062437,INCREASE,Low curvature and reduced velocity indicate poor pushability
100.39662306805447,84.96993987975952,-5.28621691742975,0.017454536025377818,0.2,0.85,0.85,0.4401362363426006,2.777515001051902,0.14401362363426004,0.33648560225363866,0.3454473186398913,INCREASE,Low curvature and reduced velocity indicate poor pushability
100.65463136523961,85.17034068136273,-5.1237121478592265,0.018816553279440238,0.2,0.85,0.85,0.45852346927244325,2.7424995786974375,0.14585234692724433,0.3420010827669666,0.35330517935708017,INCREASE,Low curvature and reduced velocity indicate poor pushability
100.91163248939576,85.37074148296594,-4.962811257450529,0.0201899687832647,0.2,0.85,0.825,0.4770645785740735,2.7080738770822834,0.14770645785740735,0.3474854795651767,0.3611736277426967,DECREASE,Moderate curvature favors reduced stiffness
101.16757255508705,85.57114228456913,-4.803610642053297,0.021575441580240766,0.2,0.825,0.7999999999999999,0.4919996009381902,2.6809658645248593,0.14919996009381903,0.35809876697916687,0.3674728437564716,DECREASE,Moderate curvature favors reduced stiffness
101.42240062201846,85.77154308617234,-4.6462039636282935,0.022973444453867512,0.2,0.7999999999999999,0.7749999999999999,0.5066547779002776,2.6548882057603986,0.15066547779002779,0.36858458571600217,0.3736213769925607,DECREASE,Moderate curvature favors reduced stiffness
101.67606879390145,85.97194388777555,-4.490682067603155,0.024384250638816232,0.2,0.7749999999999999,0.7499999999999999,0.521024195644907,2.6298069494575125,0.15210241956449072,0.3789451180084553,0.37961952598275184,DECREASE,Moderate curvature favors reduced stiffness
101.92853231042842,86.17234468937876,-4.337132903183569,0.025807919688860672,0.2,0.7499999999999999,0.7249999999999999,0.5350989961107584,2.6056951441790908,0.15350989961107586,0.38918154103243074,0.3854662439562907,DECREASE,Moderate curvature favors reduced stiffness
102.1797496320278,86.37274549098197,-4.185641446697228,0.027244282625037707,0.2,0.7249999999999999,0.6999999999999998,0.548867462156712,2.582532138954112,0.15488674621567122,0.3992940994624102,0.39115920881368754,DECREASE,Moderate curvature favors reduced stiffness
102.42968251705487,86.57314629258518,-4.036289628044932,0.02869292652177922,0.2,0.6999999999999998,0.6749999999999998,0.5623151182613506,2.5603029460864906,0.15623151182613507,0.4092821746522789,0.39669489400017743,DECREASE,Moderate curvature favors reduced stiffness
102.67829609105755,86.77354709418837,-3.889156260329856,0.03015317872670589,0.2,0.6749999999999998,0.6499999999999998,0.5754248500387942,2.538997655077931,0.15754248500387943,0.4191443518525203,0.4020686419862576,DECREASE,Moderate curvature favors reduced stiffness
102.92555890774202,86.97394789579158,-3.744316972733136,0.03162409094971034,0.2,0.6499999999999998,0.6249999999999998,0.588177045921669,2.5186108880440807,0.15881770459216693,0.4288784867523656,0.40727474198975966,DECREASE,Moderate curvature favors reduced stiffness
103.17144300125139,87.17434869739479,-3.601844146700535,0.03310442350034681,0.2,0.6249999999999998,0.5999999999999998,0.6005497643789016,2.499141288213686,0.16005497643789016,0.43848177253182274,0.4123065135034726,DECREASE,Moderate curvature favors reduced stiffness
103.41592392936144,87.374749498998,-3.461806855501576,0.0345926299979756,0.2,0.5999999999999998,0.5999999999999998,0.6125189299777315,2.4805910340880395,0.16125189299777315,0.44795080851432756,0.4171563971126314,HOLD,Navigation state acceptable
103.65898080719114,87.57515030060121,-3.324270807219256,0.036086842923766585,0.2,0.5999999999999998,0.5999999999999998,0.6289552721614323,2.4555615911371644,0.16289552721614325,0.4523323970636892,0.4237886094703689,HOLD,Navigation state acceptable
103.90059633102393,87.77555110220442,-3.1892982912251333,0.037584860428014774,0.2,0.5999999999999998,0.5999999999999998,0.6454334647081624,2.430970370904331,0.16454334647081625,0.4566812211736261,0.4304063367701627,HOLD,Navigation state acceptable
104.14075679183797,87.97595190380761,-3.056948128190827,0.03908413484895729,0.2,0.5999999999999998,0.5999999999999998,0.6619254833385302,2.406846781099156,0.16619254833385302,0.46099097109896126,0.4369991002106829,HOLD,Navigation state acceptable
104.37945207815164,88.17635270541082,-2.9272756236836757,0.0405817634364528,0.2,0.5999999999999998,0.5999999999999998,0.6783993978009807,2.383222971386163,0.1678399397800981,0.46525457637717493,0.4435550452770006,HOLD,Navigation state acceptable
104.61667566780375,88.37675350701403,-2.800332525390691,0.04207448180368924,0.2,0.5999999999999998,0.5999999999999998,0.6948192998405816,2.3601336144663025,0.16948192998405817,0.4694642153796095,0.4500609332133688,HOLD,Navigation state acceptable
104.85242460830882,88.57715430861724,-2.67616698401121,0.04355866065184642,0.2,0.5999999999999998,0.5999999999999998,0.7111452671703106,2.337615675736711,0.17111452671703106,0.47361133066241257,0.4565021443106346,HOLD,Navigation state acceptable
105.0866994854553,88.77755511022045,-2.554823517855062,0.0450303063210956,0.2,0.5999999999999998,0.5999999999999998,0.7273333695320515,2.315708172235237,0.17273333695320514,0.47768665086702367,0.4628626948410136,HOLD,Navigation state acceptable
105.31950437985002,88.97795591182366,-2.4363429811794997,0.046485065714555525,0.2,0.5999999999999998,0.5999999999999998,0.7433357228601107,2.294451921995617,0.1743335722860111,0.4816802198733984,0.4691252694238081,HOLD,Navigation state acceptable
105.55084681115717,89.17835671342685,-2.3207625362941147,0.04791823611847462,0.2,0.5999999999999998,0.5999999999999998,0.7591005973032208,2.273889285315563,0.1759100597303221,0.4855814338419845,0.4752712705029371,HOLD,Navigation state acceptable
105.78073766983279,89.37875751503006,-2.208115629459505,0.04932478039664676,0.2,0.5999999999999998,0.5999999999999998,0.7745725843631142,2.2540638998069396,0.17745725843631144,0.4893790866819747,0.48128088644069317,HOLD,Navigation state acceptable
106.00919113621856,89.57915831663327,-2.098431970601554,0.0506993479699751,0.2,0.5999999999999998,0.5499999999999997,0.7896928276697259,2.235020411412281,0.1789692827669726,0.493061424357389,0.487133179484898,DECREASE,Curvature and pushing force indicate tracking difficulty
106.23622458693136,89.77955911823648,-1.9917375168593239,0.05203630190220742,0.2,0.5499999999999997,0.4999999999999997,0.7868811699731778,2.238537216249272,0.1786881169973178,0.5048788162412792,0.486046451392817,DECREASE,Curvature and pushing force indicate tracking difficulty
106.46185848856602,89.97995991983969,-1.888054459980801,0.05332975229701792,0.2,0.4999999999999997,0.44999999999999973,0.7832975229701791,2.2430356956576616,0.17832975229701792,0.5165073796926452,0.48466033860386804,DECREASE,Curvature and pushing force indicate tracking difficulty
106.68611627882001,90.1803607214429,-1.7874012175770275,0.054573596072270365,0.2,0.44999999999999973,0.39999999999999974,0.7789491626865683,2.248518442179203,0.17789491626865683,0.5279478580008623,0.48297692252549174,DECREASE,Curvature and pushing force indicate tracking difficulty
106.90902423524787,90.38076152304609,-1.6897924282410233,0.05576156301801397,0.2,0.39999999999999974,0.39999999999999974,0.7738540671621257,2.2549769307682346,0.17738540671621258,0.5392033941793963,0.48100227920197414,HOLD,Navigation state acceptable
107.13061133196076,90.5811623246493,-1.595238950534283,0.05688726786451822,0.2,0.39999999999999974,0.39999999999999974,0.7839854107806639,2.242170802422436,0.1783985410780664,0.5416747762254588,0.4849264931726358,HOLD,Navigation state acceptable
107.35090908469961,90.78156312625251,-1.5037478658397907,0.057944267893204636,0.2,0.39999999999999974,0.39999999999999974,0.7934984110388417,2.230277972581584,0.1793498411038842,0.543983798870957,0.4886029701172939,HOLD,Navigation state acceptable
107.56995138482988,90.98196392785572,-1.4153224850764148,0.05892612542438569,0.2,0.39999999999999974,0.39999999999999974,0.8023351288194711,2.219343082226888,0.1802335128819471,0.5461188308144103,0.49201105541348983,HOLD,Navigation state acceptable
107.78777432292775,91.18236472945893,-1.3299623592659588,0.05982647431450323,0.2,0.39999999999999974,0.39999999999999974,0.8104382688305289,2.209409770477201,0.1810438268830529,0.5480684142606489,0.4951303555679214,HOLD,Navigation state acceptable
108.00441600275114,91.38276553106213,-1.247663293940203,0.060639089403935253,0.2,0.39999999999999974,0.39999999999999974,0.8177518046354171,2.2005204394789595,0.1817751804635417,0.5498213688303134,0.49794094562848534,HOLD,Navigation state acceptable
108.21991634651177,91.58316633266533,-1.1684173673714073,0.06135795768486487,0.2,0.39999999999999974,0.39999999999999974,0.8242216191637837,2.1927160373384815,0.1824221619163784,0.5513668959547209,0.500423580241845,HOLD,Navigation state acceptable
108.43431689248345,91.78356713426854,-1.0922129526059394,0.061977349812721794,0.2,0.39999999999999974,0.39999999999999974,0.829796148314496,2.1860358618005464,0.18297961483144962,0.5526946818677184,0.5025599043677688,HOLD,Navigation state acceptable
108.64766058609491,91.98396793587175,-1.019034743277106,0.062491890474958976,0.2,0.39999999999999974,0.39999999999999974,0.8344270142746306,2.1805173871044854,0.18344270142746308,0.5537949971983084,0.5043326593739808,HOLD,Navigation state acceptable
108.85999156576034,92.18436873747495,-0.9488637831691684,0.06289662606975908,0.2,0.39999999999999974,0.39999999999999974,0.8380696346278316,2.1761961161008525,0.18380696346278316,0.5546587911248864,0.5057258800872781,HOLD,Navigation state acceptable
109.07135494479357,92.38476953907816,-0.881677499501031,0.06318708813429574,0.2,0.39999999999999974,0.39999999999999974,0.8406837932086615,2.1731054593723784,0.18406837932086617,0.5552777780660718,0.5067250783618971,HOLD,Navigation state acceptable
109.28179659083182,92.58517034068136,-0.8174497398944003,0.06335935100376561,0.2,0.39999999999999974,0.39999999999999974,0.8422341590338904,2.1712766427573413,0.18422341590338906,0.5556445149632514,0.5073174088631157,HOLD,Navigation state acceptable
109.4913629042583,92.78557114228457,-0.7561508129873435,0.06341008228587738,0.2,0.39999999999999974,0.39999999999999974,0.8426907405728963,2.1707386442699503,0.18426907405728965,0.5557524673694323,0.5074918130764379,HOLD,Navigation state acceptable
109.70010059715845,92.98597194388778,-0.6977475326507543,0.06333658488963073,0.2,0.39999999999999974,0.39999999999999974,0.8420292640066764,2.171518161062995,0.18420292640066765,0.5555960627745449,0.507239138002288,HOLD,Navigation state acceptable
109.90805647437155,93.18637274549098,-0.6422032657615593,0.06313682955301891,0.2,0.39999999999999974,0.39999999999999974,0.8402314659771701,2.1736396067306587,0.184023146597717,0.5551707298746902,0.5065522265889614,HOLD,Navigation state acceptable
110.11527721820423,93.3867735470942,-0.5894779834829333,0.06280947706713634,0.2,0.39999999999999974,0.39999999999999974,0.837285293604227,2.177125138879845,0.18372852936042272,0.5544729228285772,0.505425977681313,HOLD,Navigation state acceptable
110.32180917835817,93.5871743486974,-0.5395283159983695,0.06235388967568976,0.2,0.39999999999999974,0.39999999999999974,0.8331850070812077,2.181994716599166,0.18331850070812078,0.5535001299084008,0.5038573740625911,HOLD,Navigation state acceptable
110.52769816858702,93.7875751503006,-0.49230761064301287,0.061770131434267427,0.2,0.39999999999999974,0.39999999999999974,0.8279311829084068,2.1882661871524243,0.1827931182908407,0.5522508663452839,0.5018454780330657,HOLD,Navigation state acceptable
110.73298927154161,93.9879759519038,-0.4477659933721485,0.061058957629187616,0.2,0.39999999999999974,0.39999999999999974,0.8215306186626885,2.1959554009235793,0.18215306186626887,0.5507246515742121,0.49939139486327194,HOLD,Navigation state acceptable
110.93772665318527,94.18837675350701,-0.40585043350363836,0.06022179365994894,0.2,0.39999999999999974,0.39999999999999974,0.8139961429395404,2.2050763534249245,0.18139961429395404,0.548921971467258,0.4964982053173005,HOLD,Navigation state acceptable
111.141953388068,94.38877755511022,-0.36650481166770454,0.059260704080989,0.2,0.39999999999999974,0.39999999999999974,0.8053463367289009,2.21564135292045,0.1805346336728901,0.5468442265166475,0.4931708692672163,HOLD,Navigation state acceptable
111.34571129663753,94.58917835671343,-0.3296699908941414,0.05817835275645071,0.2,0.39999999999999974,0.39999999999999974,0.7956051748080564,2.2276612120075816,0.17956051748080565,0.5444936672570775,0.48941610314867684,HOLD,Navigation state acceptable
111.54904079564184,94.78957915831664,-0.2952838907643791,0.05697795529659373,0.2,0.39999999999999974,0.39999999999999974,0.7848015976693434,2.241145461334941,0.17848015976693435,0.5418733184891051,0.4852422346146138,HOLD,Navigation state acceptable
111.75198076254388,94.98997995991984,-0.26328156455209006,0.05566322511710503,0.2,0.39999999999999974,0.39999999999999974,0.7729690260539452,2.256102583417774,0.17729690260539455,0.5389868940914709,0.48065903823635564,HOLD,Navigation state acceptable
111.95456841472642,95.19038076152304,-0.2335952792737408,0.05423831457702279,0.2,0.39999999999999974,0.39999999999999974,0.7601448311932051,2.2725402643647192,0.17601448311932053,0.5358387043605146,0.47567755642844334,HOLD,Navigation state acceptable
112.15683920411742,95.39078156312625,-0.20615459856703655,0.05270775271197739,0.2,0.39999999999999974,0.39999999999999974,0.7463697744077964,2.2904656611778695,0.17463697744077966,0.5324335579013093,0.4703099099521204,HOLD,Navigation state acceptable
112.35882672771665,95.59118236472946,-0.18088646831286814,0.05107638108910745,0.2,0.39999999999999974,0.39999999999999974,0.7316874298019669,2.3098856821161045,0.1731687429801967,0.5287766601217698,0.46456910239001664,HOLD,Navigation state acceptable
112.56056265435468,95.79158316633267,-0.15771530491315033,0.04934928926681877,0.2,0.39999999999999974,0.42499999999999977,0.7161436034013688,2.330807277474953,0.17161436034013688,0.5248735103411242,0.45846882287323754,INCREASE,Moderate curvature allows additional support
112.76207666786851,95.99198396793588,-0.13656308613491053,0.04753175125643839,0.2,0.42499999999999977,0.42499999999999977,0.705793699122055,2.3449494520109533,0.17057936991220551,0.5160060828319823,0.4543937164786158,HOLD,Navigation state acceptable
112.96339642673698,96.19238476953907,-0.1173494444276737,0.04562916426358801,0.2,0.42499999999999977,0.42499999999999977,0.6881947694381891,2.3693948544403747,0.16881947694381894,0.5115205861615593,0.44743954217425164,HOLD,Navigation state acceptable
113.16454754008454,96.39278557114228,-0.09999176261947396,0.04364699083146283,0.2,0.42499999999999977,0.42499999999999977,0.6698596651910311,2.3954108739685034,0.16698596651910314,0.5067995038865603,0.44016021714420317,HOLD,Navigation state acceptable
113.36555355983604,96.59318637274549,-0.08440527189403069,0.04159070533806161,0.2,0.42499999999999977,0.42499999999999977,0.6508390243770699,2.4230103244072305,0.165083902437707,0.50184846653131,0.43257055390747795,HOLD,Navigation state acceptable
113.56643598868975,96.7935871743487,-0.07050315194937928,0.03946574562492558,0.2,0.42499999999999977,0.42499999999999977,0.6311831470305616,2.4522077776990767,0.16311831470305616,0.49667290572207234,0.42468515089489756,HOLD,Navigation state acceptable
113.76721430347013,96.99398797595191,-0.05819663323609614,0.03727747034091017,0.2,0.42499999999999977,0.42499999999999977,0.610941600653419,2.4830198676212394,0.1610941600653419,0.4912779750035975,0.41651825180847674,HOLD,Navigation state acceptable
113.96790599332834,97.19438877755512,-0.047395101171675336,0.03503112240604745,0.2,0.42499999999999977,0.42499999999999977,0.5901628822559388,2.515465581944199,0.15901628822559388,0.48566847921400785,0.4080836231574021,HOLD,Navigation state acceptable
114.16852661217557,97.39478957915831,-0.03800620222451867,0.03273179883725612,0.2,0.42499999999999977,0.42499999999999977,0.5688941392446192,2.5495665385848745,0.15688941392446193,0.47984881310643945,0.3993944509388696,HOLD,Navigation state acceptable
114.36908984466288,97.59519038076152,-0.029935951760486468,0.030384427011834525,0.2,0.42499999999999977,0.42499999999999977,0.5471809498594693,2.585347240969662,0.15471809498594694,0.47382290972975055,0.3904632569793992,HOLD,Navigation state acceptable
114.56960758496075,97.79559118236473,-0.023088843542163007,0.02799374730782762,0.2,0.42499999999999977,0.42499999999999977,0.5250671625974055,2.6228353072578345,0.15250671625974055,0.46759419896126025,0.381301835097252,HOLD,Navigation state acceptable
114.7700900275409,97.99599198396794,-0.01736796076999947,0.02556430194502367,0.2,0.42499999999999977,0.42499999999999977,0.5025947929914689,2.662061667361781,0.1502594792991469,0.46116557650470674,0.3719212069622583,HOLD,Navigation state acceptable
114.97054576912208,98.19639278557115,-0.012675088552398073,0.023100429747659464,0.2,0.42499999999999977,0.42499999999999977,0.4798039751658501,2.703060720965895,0.147980397516585,0.45453938360426427,0.3623315972824354,HOLD,Navigation state acceptable
115.17098192090873,98.39679358717436,-0.008910827691063439,0.020606266465811977,0.2,0.42499999999999977,0.42499999999999977,0.45673296480876086,2.7458704488952907,0.1456732964808761,0.4477173976961636,0.35254242776007894,HOLD,Navigation state acceptable
115.37140423022647,98.59719438877755,-0.0059747096660478505,0.01808575023741889,0.2,0.42499999999999977,0.47499999999999976,0.4334181896961247,2.7905324689984394,0.14334181896961248,0.44070083425545326,0.34256232917723606,INCREASE,Low curvature and reduced velocity indicate poor pushability
115.57181721063978,98.79759519038076,-0.00376531270383218,0.015542631725807374,0.2,0.47499999999999976,0.5249999999999998,0.4066656593266219,2.8436039320920226,0.14066656593266222,0.41999007718549775,0.330996665869957,INCREASE,Low curvature and reduced velocity indicate poor pushability
115.77222427962352,98.99799599198397,-0.0021803788111901534,0.012980488431124319,0.2,0.5249999999999998,0.5749999999999998,0.3781750064190243,2.9023890154512264,0.13781750064190243,0.3985476286705544,0.3185379801801642,INCREASE,Low curvature and reduced velocity indicate poor pushability
115.9726279028519,99.19839679358718,-0.0011169316558446996,0.010402742662764359,0.2,0.5749999999999998,0.6249999999999999,0.34795448362471687,2.9674592492498713,0.13479544836247168,0.3763245801739319,0.3051530960395041,INCREASE,Low curvature and reduced velocity indicate poor pushability
116.17302974416219,99.39879759519039,-0.00047139517476690873,0.007812682645989858,0.2,0.6249999999999999,0.6749999999999999,0.31601767976738593,3.039472844093572,0.1316017679767386,0.3532651501107973,0.2908050651724291,INCREASE,Low curvature and reduced velocity indicate poor pushability
116.37343082024816,99.5991983967936,-0.00013971278983881952,0.005213486230965637,0.2,0.6749999999999999,0.725,0.2823834632138463,3.1191918133250076,0.12823834632138462,0.329305178095908,0.27545207949145634,INCREASE,Low curvature and reduced velocity indicate poor pushability
116.57383165913664,99.79959919839679,-1.7467110224628213e-05,0.0026082466788432297,0.2,0.725,0.75,0.24707602181582958,3.207502934885815,0.12470760218158297,0.30437029610626853,0.25904617329618407,INCREASE,Straight region permits increased mechanical support
116.77423246150107,100.0,7.105427357601002e-15,0.001304498412874602,0.2,0.75,0.75,0.22880623016093254,3.2551918291268214,0.12288062301609326,0.2915115456395275,0.25043243164586126,HOLD,Navigation state acceptable
